,AA1,AA1_1,AA1_2,AA1_3,AA2,AA3,AA3_1,AA3_2,AA3_3,AA3_4,AA4,AA5,AA5_1,AA5_2,AA6,AA7,AA8,AA9,AA10,AA11,AA12,AA13,AA14,AA16,CBM1,CBM5,CBM6,CBM12,CBM13,CBM14,CBM18,CBM19,CBM20,CBM21,CBM24,CBM32,CBM35,CBM38,CBM42,CBM43,CBM48,CBM50,CBM52,CBM63,CBM66,CBM67,CE1,CE2,CE3,CE4,CE5,CE7,CE8,CE9,CE12,CE15,CE16,EXPN,GH1,GH2,GH3,GH5,GH5_4,GH5_5,GH5_7,GH5_9,GH5_11,GH5_12,GH5_15,GH5_16,GH5_22,GH5_23,GH5_24,GH5_27,GH5_30,GH5_31,GH5_49,GH5_50,GH5_51,GH5.12,GH6,GH7,GH8,GH9,GH10,GH11,GH12,GH13,GH13_1,GH13_4,GH13_5,GH13_8,GH13_22,GH13_25,GH13_32,GH13_40,GH13_M42,GH13_M46,GH15,GH16,GH17,GH18,GH20,GH23,GH24,GH25,GH26,GH27,GH28,GH29,GH30,GH30_3,GH30_5,GH30_7,GH31,GH32,GH33,GH35,GH36,GH37,GH38,GH39,GH42,GH43,GH43_1,GH43_5,GH43_6,GH43_10,GH43_11,GH43_13,GH43_14,GH43_20,GH43_21,GH43_22,GH43_23,GH43_24,GH43_25,GH43_26,GH43_29,GH43_30,GH43_33,GH43_34,GH43_36,GH43_37,GH44,GH45,GH47,GH49,GH51,GH52,GH53,GH54,GH55,GH62,GH63,GH64,GH65,GH67,GH71,GH72,GH74,GH75,GH76,GH78,GH79,GH81,GH84,GH85,GH88,GH89,GH92,GH93,GH94,GH95,GH97,GH105,GH106,GH108,GH114,GH115,GH125,GH127,GH128,GH130,GH131,GH132,GH133,GH134,GH135,GH136,GH139,GH140,GH141,GH142,GH145,GH146,GH152,GH154,GH162,GT1,GT2,GT3,GT4,GT5,GT8,GT10,GT15,GT17,GT18,GT20,GT21,GT22,GT23,GT24,GT25,GT28,GT31,GT32,GT33,GT34,GT35,GT39,GT41,GT43,GT47,GT48,GT49,GT50,GT54,GT55,GT57,GT58,GT59,GT61,GT62,GT64,GT66,GT69,GT71,GT76,GT90,GT109,PL1,PL1_2,PL1_4,PL1_7,PL1_9,PL1_10,PL3,PL3_2,PL4,PL4_1,PL4_3,PL4_5,PL7_4,PL8_4,PL9_3,PL11_2,PL14,PL14_3,PL14_4,PL14_5,PL20,PL26,PL27,PL33_2,PL35,PL36_2,PL38
Lobtra1,1,0,1,0,0,0,0,3,0,0,0,0,4,0,0,2,0,0,0,20,0,0,0,0,0,6,0,2,8,1,4,0,0,2,0,1,0,0,0,0,3,1,0,0,0,0,0,0,0,16,0,0,0,2,0,0,0,10,0,2,1,0,0,0,0,3,0,5,0,0,0,0,0,1,0,0,0,0,0,0,0,0,2,1,0,0,0,0,0,0,2,1,0,1,0,0,0,0,0,6,4,8,6,0,0,1,0,0,2,0,0,0,0,0,3,0,0,1,0,2,1,0,0,0,0,0,0,0,0,0,0,0,0,0,0,0,0,0,0,0,0,0,0,0,0,0,4,0,0,0,0,0,0,0,1,0,1,0,0,0,0,0,0,0,0,1,0,1,0,2,0,0,0,1,0,0,0,0,0,0,0,0,0,0,0,0,1,0,0,0,0,0,0,0,0,0,0,0,0,5,24,3,3,0,1,4,3,2,0,5,2,4,0,1,0,0,3,2,1,2,1,7,1,0,2,2,6,1,0,0,2,1,1,0,1,0,1,0,4,1,0,0,0,0,0,0,0,0,0,0,0,0,0,0,0,0,0,0,1,1,0,0,0,0,0,0,0,0,0
Morel_U14_1,6,0,2,0,0,1,0,4,0,0,0,0,4,0,0,1,0,0,0,15,0,0,0,0,0,9,0,2,8,0,2,1,0,2,0,1,0,0,0,2,5,1,0,0,0,0,0,0,0,28,0,0,0,2,0,0,0,11,0,1,1,0,0,0,0,3,0,5,0,0,0,0,0,2,0,0,0,0,0,0,0,0,1,3,0,0,0,0,0,0,1,2,0,1,0,0,0,0,1,10,5,12,7,0,1,1,0,1,1,0,0,0,0,0,3,0,0,1,1,2,1,0,0,0,0,0,0,0,0,0,0,0,0,0,0,0,0,0,0,0,0,0,0,0,0,0,5,0,0,0,0,0,0,0,1,0,1,0,0,2,0,0,1,0,0,1,0,1,0,3,0,0,0,2,0,0,0,0,0,0,0,0,0,0,0,0,1,0,0,0,0,0,0,0,0,0,0,0,0,4,22,2,3,0,1,12,3,1,0,4,2,4,0,1,0,0,3,2,1,4,1,9,1,0,0,3,7,1,0,0,2,1,1,0,2,0,1,0,7,1,0,0,0,0,0,0,0,0,0,2,0,0,0,0,0,0,0,0,1,2,0,0,0,0,0,0,0,0,0
Morel2,4,0,2,0,0,0,0,4,0,0,0,0,4,0,0,2,0,0,0,9,0,0,0,0,0,6,0,2,9,0,5,0,0,2,0,1,0,0,0,2,7,1,0,0,0,0,0,0,0,25,0,0,0,2,0,0,0,13,0,1,1,0,0,0,0,3,0,5,0,0,0,0,0,2,0,0,0,0,0,0,0,0,1,2,0,0,0,0,0,0,1,2,0,1,0,0,0,0,1,12,5,11,7,0,1,1,0,1,1,0,0,0,0,0,3,0,0,2,1,2,1,0,0,0,0,0,0,0,0,0,0,0,0,0,0,0,0,0,0,0,0,0,0,0,0,0,6,0,0,0,0,0,0,0,1,0,1,0,0,2,0,0,1,0,0,1,0,1,0,3,0,0,0,2,0,0,0,1,0,0,0,0,0,0,0,0,1,0,0,0,0,0,0,0,0,0,0,0,0,4,22,3,3,0,1,11,3,1,0,4,2,4,0,1,0,0,3,2,1,4,1,9,1,0,0,3,7,1,0,0,2,1,1,0,2,0,1,0,8,1,0,0,0,0,0,0,0,0,1,2,0,0,0,0,0,0,0,0,1,2,0,0,0,0,0,0,0,0,0
Pirin1,0,2,1,0,0,0,2,11,0,0,0,0,8,0,4,3,2,25,0,0,1,0,6,1,67,1,0,0,5,0,1,0,3,2,0,0,2,0,0,1,3,56,0,0,0,0,10,0,1,15,3,0,5,0,1,1,7,5,1,2,8,0,0,5,4,6,0,2,0,0,2,0,0,0,1,0,0,2,1,0,2,1,0,1,20,16,2,0,1,0,2,1,2,1,2,0,0,0,6,27,7,4,1,4,0,0,1,3,6,1,0,1,0,0,8,1,0,3,0,2,1,0,0,0,0,2,0,0,0,2,0,0,0,0,0,1,0,0,0,0,0,0,1,0,2,2,5,0,0,0,1,0,1,3,1,0,0,0,3,1,1,0,0,0,0,1,0,0,2,0,0,0,0,1,0,0,0,0,0,1,0,0,3,0,3,0,1,0,0,0,0,0,0,0,1,0,2,1,0,5,12,1,5,1,3,0,4,0,0,3,1,3,0,1,0,0,2,5,1,0,1,3,1,0,0,1,1,1,0,0,2,1,1,0,0,0,1,1,0,1,4,0,1,0,1,1,0,0,0,6,0,2,0,0,0,0,1,0,1,0,1,0,0,0,0,0,2,0,0
Sebve1,0,5,1,0,0,0,2,14,0,1,0,0,10,0,2,3,4,34,0,0,1,0,2,1,51,1,0,0,6,0,1,0,2,2,0,0,2,0,0,1,3,27,0,0,0,0,8,0,1,17,8,0,6,0,3,2,11,2,1,2,8,0,0,7,4,10,0,2,0,0,3,0,0,0,1,0,0,2,1,0,5,5,0,1,11,7,1,0,1,0,4,1,1,1,2,0,0,0,2,29,7,4,1,8,0,0,3,3,6,2,0,1,0,0,4,1,0,1,0,4,1,0,0,0,0,2,0,0,0,0,0,0,0,0,0,0,0,1,0,0,0,0,0,0,5,1,6,0,5,0,0,0,1,0,1,0,0,0,2,1,3,0,0,0,0,2,0,0,3,0,0,0,0,0,0,0,0,0,0,2,0,0,2,0,4,0,1,2,0,0,0,0,0,0,1,0,1,1,0,6,11,1,4,1,3,0,8,0,0,4,2,3,0,1,0,0,1,6,1,0,1,4,1,0,0,1,1,1,0,0,2,1,1,0,0,0,1,1,0,1,4,0,3,0,2,1,0,0,4,1,0,3,0,0,0,0,0,0,1,0,1,0,0,0,0,0,2,0,0
Thacu1,13,9,1,0,0,2,4,20,4,1,0,0,13,0,3,5,1,36,0,0,2,0,2,4,34,14,0,1,24,0,1,0,7,5,0,0,5,0,0,2,2,3,0,0,0,0,1,0,1,17,9,0,14,1,10,0,9,23,3,2,15,0,2,4,7,10,0,1,3,0,2,0,0,0,0,0,0,2,0,0,3,12,0,3,6,0,3,0,2,0,4,1,1,1,8,1,1,0,6,26,2,13,1,2,0,1,0,4,30,3,1,1,0,0,7,1,1,8,1,3,1,0,0,1,0,6,1,0,0,2,1,0,0,3,0,3,0,6,0,0,0,0,0,0,0,2,7,0,4,0,2,0,2,0,1,0,0,0,4,2,2,0,1,5,8,0,0,0,3,0,2,0,0,3,0,3,0,0,0,2,1,0,9,0,5,0,1,0,3,0,0,0,0,0,1,0,11,1,0,19,12,1,6,1,7,0,2,1,0,3,1,3,0,1,0,0,3,4,1,0,1,3,1,0,0,2,1,1,0,0,2,1,1,0,0,0,1,2,1,1,3,0,6,3,14,9,0,0,0,24,0,10,2,0,0,4,2,0,1,1,2,1,0,1,0,0,1,0,0
Botbo1,4,0,1,0,0,0,3,19,3,2,0,0,5,0,1,4,2,32,1,0,2,0,8,2,28,7,0,5,3,0,1,0,4,4,0,0,1,0,0,1,3,2,0,0,0,0,2,0,1,21,0,0,2,1,1,3,7,27,4,2,7,0,1,3,2,9,0,2,3,0,2,0,0,0,6,1,0,0,0,0,3,7,0,3,11,0,0,0,0,0,1,1,0,1,2,0,0,0,5,15,9,14,2,1,0,2,1,3,2,2,1,2,0,0,7,0,0,1,0,2,1,0,0,0,0,0,0,0,0,1,0,0,0,0,0,0,0,0,0,0,0,0,0,0,1,1,5,0,1,0,1,0,3,0,1,0,0,0,3,1,0,0,0,0,0,0,0,0,1,0,2,0,0,2,0,1,0,0,1,1,1,0,4,0,3,0,1,1,0,0,0,0,0,0,0,0,3,1,0,4,14,2,4,0,3,0,1,0,0,3,1,4,0,1,0,0,2,4,1,0,1,3,1,0,0,1,1,1,0,0,2,1,1,0,0,0,1,1,2,1,2,0,1,0,0,3,0,0,0,2,0,1,0,0,0,1,0,0,1,0,1,1,0,0,0,0,1,0,0
Tulca1,1,0,1,0,0,1,3,12,0,0,0,0,4,0,5,2,3,34,0,0,0,0,1,0,98,1,0,1,18,0,1,0,2,3,0,0,3,0,0,3,2,5,0,0,0,0,3,0,0,16,0,0,6,0,4,2,13,5,1,3,13,2,2,18,10,7,0,3,0,0,3,0,0,0,3,0,0,2,0,0,7,27,0,2,13,11,1,0,3,0,4,1,2,1,4,0,0,0,5,26,1,4,1,1,0,1,1,3,9,1,2,2,0,3,6,1,0,2,1,3,1,0,0,1,0,2,0,0,0,0,0,0,0,0,0,1,0,7,0,0,0,0,3,0,2,2,9,0,2,0,1,0,4,4,1,0,0,0,5,3,5,0,0,0,17,0,0,0,3,0,0,0,0,2,0,0,0,0,0,3,0,0,4,0,4,0,1,0,0,0,0,0,0,0,0,0,6,2,0,10,12,3,5,1,2,0,3,1,0,4,1,3,0,1,0,0,1,1,1,0,2,4,0,0,1,4,1,1,0,0,2,1,1,0,0,0,1,1,1,1,7,0,14,0,3,0,0,0,1,11,1,2,0,0,0,5,1,0,2,1,2,1,0,0,0,0,20,0,0
Olipa1,0,0,1,7,4,0,2,23,0,3,0,0,16,0,3,1,3,34,0,8,4,0,5,4,47,8,0,2,6,0,3,0,8,2,0,0,3,0,8,1,2,25,0,0,2,0,3,0,7,17,7,0,5,1,7,1,14,8,1,7,16,1,0,2,3,15,0,3,7,0,2,0,0,0,0,2,0,0,4,0,2,4,0,0,8,2,3,0,0,0,1,1,0,1,2,0,0,0,4,40,6,27,5,1,0,3,0,7,9,1,0,0,1,3,8,1,0,6,0,2,2,0,0,0,0,2,3,0,0,1,0,1,0,0,1,2,0,6,1,0,1,2,2,0,1,6,11,1,2,1,1,1,10,2,1,0,0,0,8,1,1,3,3,4,13,3,0,1,4,2,3,5,1,3,0,4,0,0,3,1,1,0,9,0,2,0,1,0,3,0,0,1,0,0,1,1,11,1,0,3,14,2,5,0,8,0,2,1,0,2,1,3,0,2,0,0,1,1,1,0,1,4,1,0,0,2,0,1,0,0,2,1,1,0,0,0,1,12,0,1,9,0,1,6,4,5,1,0,1,3,0,2,0,1,0,1,1,0,0,1,6,0,0,1,0,0,3,0,0
PleosPC15_1,0,11,1,0,9,0,1,39,4,0,0,0,15,0,2,2,1,29,0,0,1,0,2,1,37,1,0,1,22,0,1,0,3,2,0,0,2,0,0,1,2,11,0,0,0,14,1,0,0,10,0,0,2,1,2,1,5,15,3,3,11,0,0,4,4,6,0,2,1,0,2,0,0,0,1,0,0,1,0,0,3,16,0,1,3,2,2,0,2,0,1,1,1,1,3,1,0,0,3,26,3,15,2,1,3,2,0,6,6,0,1,2,0,0,7,1,0,5,0,2,1,0,0,0,1,0,0,0,0,1,0,0,0,0,1,1,0,2,0,0,0,0,1,0,1,3,9,0,3,0,1,0,2,1,1,0,0,0,6,1,3,0,1,2,7,0,0,1,1,0,6,0,0,1,0,2,0,0,0,1,1,0,4,0,2,0,1,0,0,0,0,0,0,0,1,0,3,1,1,3,12,1,4,1,7,0,4,1,1,3,1,3,0,1,0,0,1,1,1,0,1,3,0,0,0,2,1,1,0,0,2,1,1,0,0,0,1,2,0,1,4,0,5,1,0,4,0,0,0,3,0,2,0,0,0,4,0,0,1,0,2,1,0,2,0,0,1,0,2
Schco1,4,2,0,0,0,0,1,20,4,1,0,0,2,0,4,4,3,22,0,8,0,0,4,2,5,3,0,1,13,0,1,0,1,2,0,0,2,0,0,1,4,5,0,1,0,0,4,0,0,9,2,0,2,1,2,2,6,28,3,4,12,0,0,2,1,7,0,2,1,0,1,0,0,0,0,0,0,2,0,0,1,2,0,1,5,1,1,0,5,0,1,1,2,1,2,1,0,0,3,35,3,16,3,2,0,1,1,1,3,2,2,3,0,0,4,1,0,4,0,2,1,0,0,0,0,1,5,0,0,1,0,0,0,1,1,2,0,5,0,1,1,0,1,0,0,2,6,0,2,0,1,0,2,1,1,0,0,0,9,1,1,0,3,3,2,1,0,1,1,0,5,2,0,1,0,2,0,0,1,2,1,0,5,0,2,0,1,0,0,0,0,1,0,0,1,0,10,1,0,9,12,1,4,2,5,0,6,1,1,3,1,3,0,1,0,0,1,3,1,0,1,3,0,0,0,2,1,1,0,0,2,1,1,0,0,0,1,3,0,1,6,0,2,1,0,2,0,0,0,4,0,3,0,0,0,1,1,0,0,1,0,1,0,1,0,0,1,0,1
Gyman1,1,29,2,0,10,0,0,43,12,1,0,0,14,0,5,0,1,11,0,0,0,0,9,0,36,5,0,1,6,0,1,0,4,2,0,2,2,0,0,1,4,27,4,0,0,13,1,0,0,7,6,0,6,1,2,1,11,23,13,4,20,0,0,6,4,12,1,6,2,0,1,0,0,0,1,1,0,1,0,0,1,12,0,1,7,6,8,0,7,0,3,1,6,2,4,0,0,0,6,57,6,23,3,1,0,0,2,8,21,2,2,6,0,0,13,2,0,6,0,2,1,1,0,2,0,2,1,0,0,1,0,0,0,0,0,0,0,0,0,1,0,0,0,0,1,4,19,0,4,0,2,4,5,0,1,0,3,1,7,1,1,0,4,6,8,0,0,1,1,0,5,2,0,1,0,1,0,0,0,1,2,0,8,0,2,0,1,0,5,0,0,0,0,0,1,0,7,1,0,33,22,1,4,6,6,0,11,3,0,3,1,5,0,1,0,0,2,1,1,0,2,3,0,0,0,2,1,1,0,0,2,1,1,0,0,0,5,2,0,1,5,0,1,0,0,0,0,0,0,0,0,0,1,0,5,0,0,0,1,0,1,1,0,0,0,0,2,0,0
Armost1,1,23,2,0,7,1,3,51,6,0,0,0,5,0,4,0,2,19,0,0,0,0,4,2,11,4,0,1,5,0,0,1,5,2,0,0,2,0,0,1,3,21,0,0,0,29,1,0,0,16,0,0,9,1,4,2,8,24,11,2,12,1,0,1,3,6,0,3,2,0,2,0,0,0,1,0,0,2,0,0,2,3,0,1,6,1,4,0,5,0,2,3,1,1,2,1,0,0,4,37,6,16,2,1,0,1,0,7,17,4,2,3,0,0,6,0,0,5,0,3,1,1,0,0,0,3,0,0,0,1,0,0,1,1,1,1,0,2,0,0,0,0,0,0,0,4,9,0,4,0,2,0,6,0,1,0,0,0,7,1,2,2,5,4,10,0,0,1,2,0,4,1,0,2,0,2,0,0,0,4,1,0,6,0,3,0,1,0,1,0,0,0,0,0,1,0,3,1,0,7,13,1,8,1,6,0,6,1,0,4,1,3,0,1,0,0,1,3,1,0,1,3,0,0,0,2,1,1,0,0,2,1,1,0,0,0,1,3,0,1,4,0,1,1,0,4,0,0,1,11,0,2,0,0,0,3,0,0,1,0,2,1,0,1,0,0,2,0,0
Amamu1,0,18,1,0,0,0,0,5,5,0,0,0,4,0,5,3,0,2,0,0,0,0,2,0,0,3,0,2,6,0,1,0,1,2,0,0,0,0,0,1,3,4,0,0,0,10,1,0,0,7,0,0,0,1,0,0,6,8,0,4,4,0,0,0,0,6,0,3,1,0,1,0,0,0,1,0,0,1,0,0,0,0,0,1,0,0,0,0,0,0,1,1,1,1,1,1,0,0,2,20,4,16,3,1,0,3,0,2,0,0,0,1,0,0,5,0,0,1,0,2,1,0,0,0,0,1,0,0,0,0,0,0,0,0,0,0,0,0,0,2,0,0,0,0,0,0,7,0,0,0,0,0,1,0,1,0,0,0,1,1,0,0,0,0,7,1,0,1,0,1,5,0,0,1,0,0,0,0,0,0,1,0,1,0,0,0,1,0,0,0,0,0,0,0,0,0,3,0,0,6,13,1,4,1,4,0,9,1,0,3,1,5,0,1,0,0,1,1,1,0,1,3,0,0,0,2,1,1,0,0,2,1,1,0,0,0,2,1,0,1,3,0,0,0,0,0,0,0,0,0,0,0,0,0,0,1,0,0,1,0,0,1,0,0,0,0,2,0,0
Agabi_varbur_1,0,12,1,0,2,0,1,29,5,0,0,0,9,0,4,1,1,11,0,0,1,0,2,1,17,3,0,1,13,0,1,0,1,1,0,0,1,0,0,1,2,1,0,0,0,0,1,0,0,8,6,0,2,1,2,1,5,10,1,2,8,0,0,3,1,7,0,2,1,0,2,0,0,0,1,0,0,2,0,0,1,1,0,1,2,2,2,0,1,0,1,1,1,1,1,1,0,0,2,24,6,13,4,1,1,4,0,4,6,1,1,2,0,0,6,0,0,1,0,2,1,0,0,0,0,2,0,0,0,1,0,0,0,0,1,0,0,0,0,0,0,0,0,0,1,1,7,0,1,0,1,0,1,0,1,0,0,0,3,1,1,0,0,4,6,0,0,1,1,0,5,0,0,1,0,2,0,0,0,2,1,0,2,0,1,0,1,0,0,0,0,0,0,0,1,0,3,1,1,3,11,1,4,1,2,0,3,1,0,3,1,3,0,1,0,0,1,1,1,0,1,3,0,0,0,2,1,1,0,0,2,1,1,0,0,0,1,1,0,1,3,0,0,1,0,1,0,0,0,1,0,1,0,0,0,1,0,0,0,0,3,1,0,1,0,0,1,0,0
Copph3,0,20,0,0,1,2,1,47,2,0,0,0,8,0,3,2,5,59,0,0,6,0,5,0,88,3,1,2,113,0,2,0,1,6,0,0,1,0,0,1,3,8,0,0,0,2,9,0,4,19,4,0,1,1,2,21,4,22,3,2,9,0,0,2,4,11,2,2,2,0,4,0,0,0,1,0,0,2,0,0,10,7,0,1,11,27,2,0,2,0,1,1,1,1,0,1,3,0,2,38,10,15,2,1,14,3,0,1,3,0,0,3,0,4,3,0,0,2,0,2,1,0,0,0,2,3,0,0,0,0,1,0,0,0,1,1,0,2,1,0,0,0,1,0,2,1,22,0,7,0,1,0,1,12,1,0,0,0,5,1,1,0,0,0,5,0,0,2,1,0,6,2,0,0,0,3,0,0,5,4,1,0,5,0,4,0,1,0,0,0,0,0,0,1,3,0,5,1,0,4,17,1,6,1,4,0,7,0,0,4,1,4,0,2,0,0,1,1,1,0,2,4,0,0,0,2,1,1,0,0,2,1,1,0,0,0,1,10,0,1,7,0,0,0,2,1,0,0,0,2,0,3,0,0,0,1,4,0,0,1,3,1,0,0,0,0,3,0,0
Copci1,0,17,0,0,1,0,1,35,2,0,0,0,6,0,3,0,6,34,0,0,7,0,5,0,39,3,0,1,28,0,1,0,3,5,0,0,1,0,0,2,3,8,0,0,0,0,4,0,3,17,6,0,0,1,1,17,5,15,2,2,7,0,0,1,3,12,1,2,2,0,2,0,0,0,2,0,0,2,0,0,5,6,0,1,6,6,1,0,1,0,1,1,1,1,0,2,2,0,4,29,4,9,2,1,6,0,0,0,3,0,0,2,0,1,3,0,0,0,0,2,1,0,0,0,1,1,0,0,0,0,1,0,0,0,0,1,0,0,0,0,0,0,0,0,1,1,8,0,1,0,1,0,1,3,1,0,0,0,4,2,1,0,0,0,5,0,0,2,1,0,3,0,0,0,0,0,0,0,0,1,1,0,4,0,2,0,1,0,0,0,0,0,0,0,1,0,3,1,0,5,13,1,4,1,5,0,6,0,0,3,1,4,0,1,0,0,1,1,1,0,1,3,0,0,0,2,1,1,0,0,2,1,1,0,0,0,1,4,0,1,7,0,0,0,0,1,0,0,0,2,0,2,0,0,0,1,0,0,1,0,5,1,0,0,0,0,3,0,0
Lacbi2,2,10,3,0,1,0,0,10,2,0,0,0,11,0,2,0,0,13,0,0,0,0,4,0,2,2,0,2,9,0,1,0,1,2,0,0,0,0,0,5,3,4,1,0,0,0,0,0,0,11,1,0,4,0,0,0,2,12,0,2,2,0,0,2,0,11,0,4,3,0,0,0,0,0,2,0,0,2,0,0,0,0,0,1,0,0,3,0,3,0,1,1,1,1,0,3,0,0,2,31,4,11,2,1,3,0,0,1,7,0,2,7,0,0,5,0,0,1,0,2,1,0,0,0,0,0,0,0,0,0,0,0,0,0,0,0,0,0,0,0,0,0,0,0,0,0,11,0,0,0,0,0,2,0,1,0,0,0,4,7,0,0,0,0,11,0,0,1,2,0,2,0,0,1,0,0,0,0,0,0,0,0,5,0,1,0,1,0,0,0,0,0,0,0,0,0,2,1,0,6,21,1,6,3,7,0,7,1,0,4,1,4,0,1,0,0,1,1,1,0,1,8,0,0,0,2,0,1,0,0,2,1,1,0,0,0,1,3,0,1,8,0,0,0,0,0,0,0,0,0,0,0,0,0,0,1,0,0,2,0,3,1,0,0,0,0,1,0,0
Hebcy2,1,2,1,0,3,0,0,16,1,0,0,0,7,0,2,3,0,3,0,0,0,0,3,0,2,3,0,0,11,0,1,0,4,1,0,0,0,0,0,1,3,7,0,0,0,1,0,0,0,10,3,0,2,1,1,0,5,10,3,1,5,0,0,1,0,7,0,2,2,0,2,0,0,0,2,0,0,2,0,0,0,1,0,1,1,0,3,0,1,0,1,1,1,1,1,3,0,0,5,26,4,12,2,1,3,1,0,1,3,0,0,3,0,0,3,0,1,1,0,2,1,0,0,0,0,2,0,0,0,0,0,0,0,0,0,0,0,0,0,0,0,0,0,0,0,1,8,0,0,0,1,0,2,0,1,0,0,0,3,1,0,0,0,0,8,0,0,1,1,0,2,0,0,0,0,0,0,0,0,0,1,0,5,0,1,0,1,0,0,0,0,0,0,0,0,0,3,0,0,12,13,1,4,1,4,0,5,1,0,3,1,4,0,1,0,0,1,1,1,0,1,3,0,0,0,4,1,1,0,0,2,1,1,0,0,0,1,1,0,1,2,0,0,0,0,0,0,0,0,0,0,0,0,0,0,1,0,0,1,0,2,1,0,0,0,0,1,0,0
Galma1,1,8,1,0,23,3,1,32,6,0,0,0,17,0,3,4,1,19,1,0,1,0,3,1,56,3,0,1,12,0,3,0,3,2,0,0,2,0,7,1,3,24,0,0,0,18,2,0,0,12,6,0,3,1,4,1,8,14,5,3,11,0,0,7,7,8,0,2,1,0,11,0,0,0,3,0,0,1,0,0,3,8,0,1,9,8,4,0,2,0,1,1,1,1,1,2,0,0,3,25,6,19,2,1,2,1,0,8,20,1,0,1,1,0,4,1,0,10,0,2,1,0,0,0,3,2,0,0,0,0,0,0,0,0,0,1,0,0,0,0,0,0,0,0,2,3,11,0,6,0,3,8,3,1,1,0,0,0,4,1,2,0,1,2,16,0,0,1,1,0,7,0,1,2,0,1,0,0,0,1,1,0,6,0,4,0,1,1,1,0,0,0,0,0,1,0,2,1,0,16,14,1,5,1,4,0,7,1,0,3,1,3,0,1,0,0,2,1,2,0,1,3,0,0,0,4,1,1,0,0,2,1,1,0,0,0,1,1,0,1,3,0,0,0,0,2,0,0,0,0,0,0,0,0,0,2,0,0,1,0,2,1,0,0,0,0,1,0,0
Hetan2,3,14,1,0,8,0,1,29,3,0,0,0,5,0,2,2,2,10,0,0,0,0,2,1,18,5,0,1,1,0,1,0,3,2,0,0,2,0,0,1,2,1,0,0,0,0,1,0,0,5,0,0,3,3,2,1,4,12,2,3,12,1,0,3,2,4,0,2,0,0,2,0,0,0,1,0,0,1,0,0,1,1,0,1,2,0,4,0,2,0,1,1,1,1,1,1,0,0,5,23,2,10,4,1,0,0,0,4,8,2,1,1,0,0,10,1,0,4,0,2,1,0,0,0,0,1,0,0,0,0,1,0,0,0,0,1,0,1,0,0,0,0,0,0,0,2,6,0,1,0,1,0,1,0,1,0,0,0,3,1,1,0,1,2,9,2,0,1,1,0,4,0,0,1,0,2,0,0,0,1,1,0,1,0,2,0,1,0,0,0,0,0,0,0,1,0,3,1,0,4,14,1,4,1,6,0,3,1,0,3,1,3,0,1,0,0,1,1,1,0,1,3,0,0,0,2,1,1,0,0,2,1,1,0,0,0,1,3,0,1,1,0,0,0,1,1,0,0,0,0,0,1,0,0,0,2,0,0,1,0,2,1,0,1,0,0,1,0,0
Trave1,1,7,2,0,26,0,1,17,4,1,0,0,9,0,1,0,2,18,0,0,0,0,4,0,23,6,0,1,5,0,1,0,4,2,0,0,1,0,0,1,3,1,0,0,0,0,3,0,0,3,0,0,2,1,0,2,6,12,2,5,13,0,0,3,2,9,0,2,1,0,2,0,0,0,0,1,0,2,0,0,1,4,0,1,6,0,5,0,2,0,1,1,1,1,1,0,0,0,4,31,3,20,6,1,0,1,0,4,11,0,1,3,0,0,5,3,0,2,0,2,1,0,0,0,0,0,2,0,0,0,0,0,0,0,0,1,0,0,0,0,0,0,0,0,0,2,5,0,2,0,1,0,2,0,1,0,0,0,5,1,1,0,0,3,11,0,0,1,1,1,4,0,0,1,0,0,0,0,0,2,1,0,4,0,3,0,1,0,2,0,0,0,0,0,1,0,7,1,0,21,14,2,4,1,5,0,5,1,0,3,1,4,0,1,0,0,1,1,1,0,1,3,1,0,0,2,1,1,0,0,2,1,1,0,0,0,1,2,0,1,1,0,0,0,0,0,0,0,0,0,0,0,1,0,0,2,0,0,1,0,4,1,0,0,0,0,2,0,0
Pilcr1,9,11,3,0,1,0,2,23,2,0,0,0,5,0,2,6,0,1,0,0,0,0,1,0,0,2,0,1,6,0,2,0,3,4,0,0,0,0,0,1,2,2,0,0,0,0,0,0,0,9,0,0,2,1,1,0,5,12,1,3,11,0,0,1,0,4,0,2,3,0,1,0,0,0,2,0,0,2,0,0,0,1,0,1,0,0,2,0,0,0,1,1,0,1,1,1,0,0,3,30,3,9,4,0,0,2,0,3,8,1,0,0,0,0,3,1,0,2,0,1,1,0,0,0,0,1,0,0,0,0,0,0,0,0,0,0,0,1,0,0,0,0,0,0,0,1,6,0,2,0,0,0,4,0,1,0,1,0,1,1,0,4,2,0,11,0,0,1,2,1,5,1,0,1,0,0,0,0,0,0,1,0,4,0,1,0,1,0,0,0,0,0,0,0,0,0,1,2,0,11,14,1,5,0,7,0,6,0,0,3,1,4,0,1,0,0,1,1,1,0,1,3,1,0,0,2,1,1,0,0,2,1,1,0,0,0,1,1,0,1,4,0,0,0,0,0,0,0,0,0,0,0,0,0,0,0,0,0,1,0,3,1,0,0,0,0,2,0,0
Paxin1,1,13,1,0,0,0,0,4,3,0,0,0,4,0,2,0,0,5,0,0,0,0,2,0,0,11,0,1,0,0,1,0,2,2,0,0,0,0,0,1,4,2,0,0,0,0,0,0,0,3,0,0,0,4,0,0,5,6,3,1,4,3,0,1,4,3,0,3,2,0,3,0,0,0,1,0,0,1,0,0,0,0,0,3,1,0,0,0,2,0,1,1,1,1,0,1,0,0,4,22,3,16,6,0,0,6,0,2,3,5,0,2,0,0,5,0,0,1,0,3,5,0,0,0,0,0,0,0,0,0,0,0,0,0,0,0,0,0,0,0,0,0,0,0,0,0,7,0,1,0,0,0,5,0,1,0,0,0,1,1,0,0,0,0,6,0,0,1,1,1,4,0,0,1,0,0,0,0,0,1,1,0,2,0,1,0,1,0,0,0,0,0,0,0,0,0,2,0,0,3,13,1,5,1,3,0,5,0,0,3,1,6,0,1,0,0,1,1,1,0,1,3,1,0,0,3,1,2,0,0,2,1,1,0,0,0,1,1,0,1,7,0,0,0,0,0,0,0,0,0,0,0,0,0,0,1,0,0,1,0,2,1,0,0,0,0,1,0,0
Sclci1,0,10,1,0,0,0,0,7,1,0,0,0,8,0,3,0,0,3,0,0,0,0,4,0,0,1,0,1,3,0,1,0,1,0,0,0,0,0,0,2,1,4,0,0,0,0,0,0,0,6,0,0,0,1,0,0,4,6,4,1,3,0,0,0,0,4,0,2,2,0,0,0,0,0,2,0,0,1,0,0,0,0,0,1,0,0,1,0,1,0,2,0,1,1,0,1,0,0,3,16,4,8,2,0,0,3,0,3,3,1,0,1,0,0,1,0,0,1,0,2,2,0,0,0,0,0,0,0,0,0,0,0,0,0,0,0,0,0,0,0,0,0,0,0,0,0,6,0,0,0,0,0,2,0,1,0,0,0,1,2,0,0,0,0,4,0,0,1,6,0,3,0,0,1,0,0,0,0,0,0,0,0,1,0,0,0,0,0,0,0,0,0,0,0,0,0,2,0,0,3,21,1,5,1,3,0,2,0,0,3,1,4,0,2,0,0,1,1,1,0,0,5,1,0,0,3,0,1,0,0,2,1,1,0,0,0,1,1,0,1,6,0,0,0,0,0,0,0,0,0,0,0,0,0,0,0,0,0,1,0,1,1,0,0,0,0,1,0,0
Pismi1,0,8,1,0,0,0,0,4,0,0,0,0,4,0,1,0,0,4,0,0,0,0,2,0,0,3,0,1,2,0,1,0,1,1,0,0,0,0,0,2,3,4,0,0,0,0,0,0,0,7,0,0,0,1,0,0,2,4,0,1,5,0,0,0,0,3,0,2,3,0,0,0,0,0,3,0,0,1,0,0,0,0,0,1,0,0,0,0,2,0,0,1,1,1,0,1,0,0,2,15,3,7,1,0,0,2,0,2,1,1,0,1,0,0,1,0,0,1,0,3,1,0,0,0,0,0,0,0,0,0,0,0,0,0,0,0,0,0,0,3,0,0,0,0,0,0,4,0,0,0,0,0,2,0,1,0,0,0,1,2,0,0,0,0,5,0,0,1,0,1,1,0,0,1,0,0,0,0,0,0,0,0,1,0,0,0,1,0,0,0,0,0,0,0,0,0,2,0,0,3,15,1,7,1,2,0,2,0,0,10,1,5,0,1,0,0,1,1,4,0,3,3,1,0,0,2,0,1,0,0,2,1,1,0,0,0,1,1,0,2,5,0,0,0,0,0,0,0,0,0,0,0,0,0,0,0,0,0,0,0,2,1,0,0,0,0,1,0,0
Tubae1,1,0,1,4,0,0,1,4,1,0,0,1,0,0,1,1,0,4,0,12,1,0,1,0,2,0,0,0,0,0,18,0,0,2,0,1,0,0,0,1,3,3,3,0,0,0,0,0,0,6,1,0,1,0,3,0,1,3,2,2,8,0,0,1,0,1,0,2,0,0,2,0,0,0,0,0,0,0,0,0,1,0,0,0,1,0,1,0,1,0,2,1,1,1,0,1,1,0,1,7,4,5,3,1,1,1,0,0,3,1,0,0,0,0,5,1,0,0,3,0,1,0,0,1,0,0,0,0,0,0,0,0,0,0,0,0,0,0,0,0,0,1,0,0,0,0,5,0,0,0,0,0,3,0,1,0,1,0,0,4,0,1,5,3,0,2,0,1,1,1,0,0,0,1,0,1,0,0,0,0,1,0,1,0,2,1,1,0,0,0,0,0,0,0,0,0,0,0,0,5,11,1,3,1,3,0,6,0,0,3,1,4,0,1,0,0,0,2,1,2,1,3,1,0,0,1,0,0,0,0,2,1,1,0,3,0,1,2,0,1,1,0,0,0,1,0,0,0,0,0,0,1,0,0,0,0,0,0,0,0,0,0,0,0,0,0,0,1,0
Tubma1,2,0,1,3,0,0,1,4,1,0,0,1,0,0,1,1,0,3,0,10,1,0,1,0,0,0,0,0,0,0,15,0,0,2,0,1,0,0,0,1,2,4,2,0,0,0,0,0,0,5,2,0,1,0,2,0,1,2,2,2,6,0,0,1,0,2,0,2,0,0,0,0,0,0,0,0,0,0,0,0,3,0,0,0,1,0,1,0,0,0,1,1,1,1,0,1,1,0,1,8,5,5,2,0,1,1,0,0,2,0,0,0,0,0,4,1,0,0,2,0,1,0,0,0,0,0,1,0,0,0,0,0,0,0,0,0,0,0,0,0,0,0,0,0,0,1,5,0,1,0,0,0,3,0,1,0,1,0,0,4,1,1,3,2,0,3,0,1,0,0,1,0,0,0,0,1,0,0,0,0,1,0,1,0,1,1,1,0,0,0,0,0,0,0,0,0,0,0,0,5,10,1,4,1,3,0,5,0,0,3,1,4,0,1,0,0,0,2,2,2,1,3,1,0,0,1,0,0,0,0,2,1,1,0,3,0,1,1,0,1,1,0,0,0,1,1,0,0,0,0,0,1,0,0,0,0,0,0,0,0,0,0,0,0,0,0,0,0,0
Morco1,1,0,1,2,0,0,2,5,2,1,0,1,0,0,1,0,2,23,0,8,1,0,2,1,18,0,0,0,2,0,17,0,0,3,0,1,5,0,0,1,2,0,2,0,0,0,1,0,1,6,6,0,2,0,3,0,3,4,3,4,12,0,2,1,3,3,0,2,2,1,2,0,0,0,0,0,0,0,0,0,3,2,0,0,3,0,1,0,2,0,0,1,0,1,0,2,1,0,2,10,7,4,2,0,0,0,2,7,5,0,0,0,0,0,9,1,0,5,2,1,1,1,0,0,0,0,3,0,0,2,0,0,0,0,2,2,0,3,0,0,0,0,0,0,0,1,5,0,5,0,1,0,2,0,1,0,1,0,1,4,1,2,4,2,2,1,0,1,2,0,1,1,0,2,0,2,1,0,0,2,1,1,1,0,2,2,1,1,0,0,0,1,0,0,1,0,1,1,0,5,11,1,4,0,4,0,5,0,0,3,1,4,1,1,0,0,0,2,1,3,1,3,1,0,0,1,0,1,0,0,3,1,1,0,3,0,1,2,0,1,3,0,3,1,2,4,1,0,0,4,0,4,1,1,0,0,0,0,0,0,0,0,0,0,0,0,0,0,0
Botci1,2,0,1,10,0,3,4,23,2,0,1,2,3,2,1,2,3,10,0,2,0,1,0,1,18,0,0,0,1,0,17,0,3,1,15,3,3,0,1,1,3,2,0,0,0,0,1,0,1,4,11,0,5,2,3,0,8,5,5,2,16,0,1,3,2,3,0,1,1,1,1,2,0,0,0,0,1,0,0,0,1,3,0,0,2,2,4,1,5,0,1,1,1,1,0,0,0,0,4,21,5,10,1,0,0,1,2,4,19,0,0,0,0,0,5,2,0,4,2,1,1,1,0,0,1,0,1,0,0,1,1,0,0,0,0,1,0,0,0,0,0,0,0,1,0,2,9,0,3,0,2,1,4,1,1,2,3,0,9,6,0,0,10,7,2,2,0,0,1,1,5,1,0,2,0,2,3,0,1,1,5,1,4,0,2,2,1,0,3,0,0,0,0,0,1,0,1,1,0,14,16,1,6,1,7,0,3,2,0,3,1,5,0,1,2,0,7,7,1,2,1,3,1,0,0,4,0,2,0,0,1,1,1,0,3,0,1,4,5,1,3,0,0,0,5,2,0,0,0,2,0,0,0,0,1,0,0,0,0,0,0,0,0,0,0,0,0,0,0
Sclsc1,1,0,1,6,0,2,4,16,2,0,1,3,1,1,1,1,2,9,0,2,1,1,0,1,19,0,0,0,1,0,19,0,3,1,15,1,1,0,1,1,3,10,0,1,0,0,1,0,1,3,8,0,5,2,3,1,4,5,3,2,14,0,1,3,2,3,0,1,1,1,1,0,0,0,0,0,1,0,0,0,1,3,0,0,2,3,5,1,5,0,1,1,1,1,0,0,0,0,4,19,6,14,1,0,0,1,1,3,17,0,0,0,0,0,6,1,0,4,2,1,1,0,0,0,1,0,1,0,0,1,0,0,0,0,0,1,0,0,0,0,0,0,0,1,0,2,8,0,2,0,2,1,4,0,1,2,3,0,10,6,0,0,10,4,2,1,0,0,0,1,5,1,0,1,0,1,2,0,1,1,3,0,3,0,2,0,1,0,3,0,0,0,0,0,0,0,1,1,0,10,16,1,4,1,6,0,4,2,0,3,1,5,0,1,3,0,6,4,1,2,1,3,1,0,0,1,0,2,0,0,2,1,1,0,3,0,1,2,2,1,3,0,0,0,3,1,0,0,0,0,0,0,0,0,1,0,0,0,0,0,0,0,0,0,0,0,0,0,0
Oidma1,8,0,3,15,0,0,1,20,2,0,0,0,3,1,2,0,1,8,0,2,1,0,4,0,34,0,3,0,3,0,11,1,2,1,6,4,3,3,2,3,3,10,1,1,0,0,4,1,5,3,6,0,5,1,3,2,5,5,13,19,35,1,1,7,1,1,0,1,1,2,2,0,2,0,0,0,1,0,0,0,2,8,0,0,2,8,7,0,1,0,0,1,0,1,0,3,0,0,4,16,6,27,4,1,5,2,0,21,24,6,0,3,2,2,13,5,1,10,4,1,3,5,0,0,1,0,2,0,0,3,2,0,0,0,0,1,2,1,1,0,0,0,3,0,0,4,13,1,9,0,2,6,20,4,2,6,3,1,6,8,1,3,12,15,17,2,0,0,4,2,9,5,0,8,0,3,4,0,1,2,3,2,6,1,2,2,1,0,5,2,1,1,2,1,1,0,1,4,1,16,20,1,7,0,10,0,3,1,0,4,1,4,0,1,4,0,10,13,1,2,1,3,1,0,0,3,0,1,0,0,2,1,1,1,3,0,1,2,4,1,3,0,1,0,1,1,0,0,0,0,0,0,1,1,6,0,0,0,0,0,0,0,1,0,1,1,0,0,0
Zalva1,4,0,4,9,5,6,3,38,3,0,3,1,5,0,2,4,9,33,0,3,3,1,0,3,22,0,1,0,4,0,26,0,4,1,0,2,6,4,1,3,3,13,1,1,0,0,12,0,10,8,10,0,10,2,5,5,4,7,7,9,31,1,2,7,2,4,0,1,1,3,1,1,1,0,0,0,1,0,0,0,3,8,0,0,6,6,3,0,2,3,1,1,0,1,0,3,0,0,3,25,7,21,1,0,1,1,1,8,19,1,0,0,0,3,8,10,1,5,1,1,2,1,0,0,1,0,1,0,1,2,3,0,1,0,0,2,1,3,0,1,0,0,2,1,0,2,8,0,5,0,2,1,5,2,1,2,2,1,1,9,1,0,12,13,7,1,0,0,3,1,8,5,1,1,0,1,4,0,6,3,3,1,7,1,5,2,1,0,7,0,1,0,0,1,2,0,1,3,0,19,16,1,7,0,6,0,4,2,0,3,1,4,0,1,3,0,7,8,1,2,1,3,1,0,0,1,0,1,0,0,2,1,1,2,3,0,1,3,2,1,6,0,1,0,3,2,0,0,0,3,0,1,1,1,0,0,1,0,0,0,0,0,0,1,1,0,0,0,0
Ascsa1,3,0,1,4,0,0,2,3,2,0,0,1,3,0,1,2,1,6,0,3,1,0,0,1,31,0,1,0,0,0,20,0,3,1,0,1,4,0,1,2,3,8,0,1,0,0,2,0,3,4,4,0,2,2,1,1,3,6,4,6,16,1,1,8,2,2,0,1,1,2,2,0,0,0,0,0,0,0,0,0,2,5,0,0,4,2,1,1,1,0,1,1,0,1,0,2,0,0,3,22,6,12,1,0,0,0,1,4,9,1,0,1,1,0,4,1,0,5,2,1,1,3,0,0,1,0,2,0,0,0,0,0,0,0,0,1,1,0,0,1,0,0,0,0,0,3,10,0,3,0,1,1,5,1,3,3,1,0,3,7,1,1,9,6,1,2,0,0,1,1,4,3,0,1,0,0,3,0,1,1,3,1,9,0,2,2,1,0,1,0,0,1,0,1,0,0,1,1,0,7,14,1,5,0,5,0,5,1,0,3,1,4,0,1,1,0,6,8,1,2,1,3,1,0,0,1,0,1,0,0,2,1,1,0,3,0,1,4,4,1,3,0,0,0,0,1,0,0,0,0,0,0,0,1,0,0,0,0,0,0,0,0,0,0,0,0,0,0,0
Chalo1,8,0,11,10,2,7,3,37,2,0,4,1,6,0,2,5,8,25,0,2,4,0,0,6,13,0,1,0,6,0,46,0,3,1,0,3,4,0,1,4,4,49,1,1,0,0,10,1,7,6,12,0,6,2,1,3,3,6,4,13,23,1,2,16,3,3,0,1,1,2,6,2,1,0,0,0,1,0,0,0,3,10,0,0,7,8,4,1,1,0,1,1,0,1,0,4,0,0,3,26,7,25,4,1,0,1,2,11,22,1,0,1,1,4,8,2,0,8,2,1,2,1,0,0,1,0,2,0,1,0,4,0,1,0,0,2,1,1,1,1,0,0,1,2,0,2,9,1,8,0,2,2,14,2,1,3,2,1,3,10,2,0,11,10,3,1,0,0,3,1,7,7,1,2,0,2,2,0,11,3,3,1,9,1,4,2,1,1,4,0,0,0,0,1,0,0,1,3,1,28,17,1,8,0,8,0,4,1,0,3,1,4,0,1,6,0,7,9,1,3,1,3,1,1,0,1,0,1,0,0,2,1,1,0,3,0,1,5,2,1,5,0,1,0,0,0,0,0,0,2,0,0,1,1,0,0,0,0,0,0,0,0,0,0,0,0,0,0,0
Melva1,7,0,10,9,1,8,2,27,2,0,5,1,6,0,3,3,6,24,0,2,5,0,0,5,14,0,0,0,8,0,32,0,3,1,0,2,3,1,1,4,4,30,1,1,0,0,8,0,7,6,12,0,5,2,1,3,3,5,5,12,28,2,2,14,3,2,0,1,1,2,3,2,1,0,0,0,1,0,0,0,4,9,0,0,5,8,4,1,1,1,1,1,0,1,0,5,0,0,3,32,7,21,3,0,0,2,2,12,23,1,0,1,1,5,9,4,0,6,4,1,2,5,0,0,1,0,2,0,1,1,5,0,0,0,0,2,0,0,0,1,0,0,1,2,0,4,10,1,9,0,3,3,12,2,1,3,1,2,2,10,2,0,12,14,5,2,0,0,2,1,6,9,1,3,0,2,2,0,7,3,3,1,11,1,4,2,1,0,4,0,1,0,0,1,0,0,1,4,1,27,20,1,8,1,8,0,4,1,0,3,1,4,0,1,5,0,7,9,1,4,1,3,1,1,0,2,0,1,0,0,2,1,1,1,3,0,1,6,2,1,6,0,1,0,0,0,0,0,0,2,0,0,1,1,2,0,0,0,0,0,0,0,0,0,0,0,0,0,0
Melbi2,7,0,10,14,1,4,2,18,2,0,4,0,4,4,1,3,3,6,0,2,3,0,0,5,13,0,1,0,6,0,35,0,3,2,0,4,3,1,1,4,3,34,1,1,0,0,7,0,7,9,7,0,6,2,3,2,4,5,4,6,17,2,1,8,2,3,0,1,1,2,2,0,1,0,0,0,1,0,0,0,2,5,0,0,4,5,5,1,1,0,1,1,1,1,0,3,0,0,3,28,8,25,3,0,0,1,0,10,18,1,1,1,0,2,8,3,0,5,3,1,2,1,0,1,1,0,2,0,1,1,3,0,1,0,0,1,0,0,1,0,0,0,2,1,0,3,10,0,5,0,2,1,10,1,1,3,2,1,1,10,2,0,11,9,3,1,0,0,2,1,4,4,1,4,0,2,2,0,5,3,3,2,3,1,4,2,1,0,4,0,0,0,1,1,1,0,1,2,1,18,24,1,8,1,8,0,4,1,0,3,1,4,0,1,5,0,8,9,1,2,1,3,1,1,0,1,0,1,0,0,3,1,1,1,3,0,1,6,2,1,6,0,2,0,0,0,0,0,0,0,0,0,1,0,1,0,0,0,0,0,0,0,0,0,0,0,1,0,0
Rhier1,5,0,7,4,0,3,1,10,2,0,4,1,3,0,1,1,1,10,0,2,1,0,0,0,11,0,0,0,6,0,18,0,3,1,3,2,2,1,1,3,4,15,1,1,0,0,2,0,3,3,8,0,4,2,3,0,3,5,4,7,13,1,0,7,4,2,0,1,1,2,2,0,1,0,0,0,0,0,0,0,1,6,0,0,2,4,3,1,1,0,1,1,0,1,0,3,0,0,3,21,5,13,2,1,0,1,1,6,13,1,0,1,0,0,9,4,0,5,2,1,1,1,0,1,1,0,1,1,1,0,2,0,0,0,0,1,0,0,0,0,0,0,0,1,0,3,9,0,5,0,2,1,8,2,1,3,2,1,4,9,1,0,11,9,4,1,0,0,0,1,4,2,1,2,0,1,3,0,0,3,2,2,5,0,0,2,1,1,0,0,0,0,0,1,1,0,1,1,1,16,16,1,5,0,6,0,4,1,0,3,1,4,0,1,7,0,7,9,1,3,1,3,1,0,0,1,0,1,0,0,3,1,1,1,3,0,1,4,3,1,4,0,1,0,0,0,0,0,0,0,0,0,0,0,0,0,0,0,0,0,0,0,0,0,0,0,0,0,0
Phisc1,9,0,10,14,2,7,4,32,2,0,4,1,6,1,1,3,8,21,0,3,4,0,0,5,21,0,0,0,4,0,35,0,3,2,3,4,3,0,1,3,3,9,1,1,0,1,8,0,3,7,13,0,7,2,3,3,5,4,5,9,25,1,0,12,3,5,0,1,1,2,1,0,1,0,0,0,2,0,0,0,3,7,0,0,7,7,4,1,1,0,1,1,1,1,0,3,0,0,3,25,8,19,3,0,1,0,3,10,24,3,0,1,1,4,11,3,0,7,1,1,1,1,0,1,1,0,2,0,1,0,1,0,0,0,0,2,1,1,0,1,0,0,1,1,0,2,11,0,3,0,2,1,11,2,1,2,2,1,3,9,2,1,14,14,3,1,0,0,0,1,9,2,1,2,0,2,3,0,7,2,3,1,8,1,6,2,1,0,4,0,0,0,0,2,1,0,1,1,1,15,21,1,8,1,6,0,4,2,0,3,1,4,0,1,4,0,9,11,1,3,1,3,1,0,0,1,0,1,0,0,2,1,1,0,3,0,1,5,4,1,6,0,0,0,1,0,0,0,0,1,0,0,1,0,0,0,0,0,0,0,0,0,0,0,0,0,1,0,0
Rhesp1,6,0,6,7,6,5,3,22,4,0,1,1,3,3,1,5,8,20,0,3,7,0,0,4,37,0,2,0,2,0,67,0,2,2,7,1,4,0,2,3,3,46,0,2,0,0,10,0,8,7,17,0,9,2,3,1,4,6,3,8,25,1,0,7,2,5,0,1,0,2,2,2,1,0,0,0,1,0,0,0,3,9,0,0,7,7,3,2,1,0,1,1,0,1,0,1,1,0,3,23,8,30,3,0,0,2,1,10,9,1,0,0,1,1,9,4,0,6,2,2,2,3,0,0,2,0,1,0,0,1,1,0,1,1,0,2,1,1,2,1,0,1,5,1,0,3,8,0,2,0,2,2,13,3,1,5,1,1,4,9,1,1,14,14,4,1,0,0,1,1,3,4,0,2,0,3,1,0,3,4,3,1,6,1,7,2,1,0,4,0,1,0,1,0,1,1,2,2,0,16,16,1,10,0,9,0,5,0,0,3,1,4,0,1,3,0,13,12,1,3,1,3,1,0,0,1,0,1,0,0,2,1,1,0,3,0,1,3,2,1,6,0,3,0,3,2,0,1,1,4,0,3,1,0,0,0,1,0,0,0,0,0,1,2,0,0,0,0,0
Lepor2,5,0,5,13,6,11,4,31,5,0,7,1,5,8,2,6,9,24,0,5,7,0,1,4,34,0,0,0,2,0,80,0,2,2,3,3,5,3,1,3,3,82,0,2,0,0,8,0,10,9,19,0,12,2,4,2,6,7,8,9,37,1,1,7,4,5,1,2,1,3,6,2,1,0,0,0,1,0,0,0,4,8,0,0,7,5,5,2,1,0,1,1,0,1,0,4,1,0,3,29,8,44,3,0,1,2,1,12,24,4,0,0,1,3,11,6,1,13,1,2,2,3,1,0,2,0,2,0,0,2,11,0,2,1,0,2,1,2,1,1,0,1,4,1,0,3,10,0,4,0,2,1,10,1,1,5,2,0,3,10,3,1,14,21,7,1,0,0,4,1,4,3,0,3,0,4,5,0,5,3,3,1,8,1,7,2,1,0,5,0,0,0,0,0,1,1,1,3,1,18,25,1,10,0,7,0,4,0,0,3,1,4,0,1,3,0,13,11,1,3,1,3,1,0,0,1,0,1,0,0,2,1,1,2,3,1,1,6,2,1,5,0,4,0,9,3,0,1,2,10,0,3,1,2,0,0,1,1,0,0,0,0,1,2,0,0,0,0,0
Phimu1,5,0,5,11,5,7,4,21,3,0,7,1,4,5,1,5,9,27,0,6,5,0,0,4,33,0,1,2,2,0,42,0,2,2,14,3,5,3,1,3,3,30,0,2,0,1,8,1,13,5,16,0,10,2,5,2,5,6,10,9,41,2,0,9,5,5,0,1,0,3,5,1,1,0,0,0,1,0,0,0,3,7,0,0,9,3,3,1,1,0,1,1,0,1,0,3,1,0,3,25,6,23,3,0,0,2,1,10,23,3,0,0,0,3,11,7,2,11,1,2,2,3,0,1,1,1,1,0,0,2,11,0,2,1,0,2,1,2,1,1,0,1,3,1,0,2,9,0,4,0,2,1,6,1,1,5,1,1,5,10,3,1,14,23,5,1,0,0,5,1,4,3,0,3,0,4,7,0,3,3,3,1,6,1,7,2,1,0,4,0,0,0,0,1,1,1,2,3,1,21,18,1,9,0,8,0,4,0,0,3,1,4,0,1,3,1,11,10,1,3,1,3,1,0,0,1,0,1,0,0,2,1,1,0,3,1,1,3,1,1,5,0,4,0,5,6,0,1,2,7,0,3,1,1,0,0,2,1,0,0,0,0,1,2,0,0,0,0,0
Cadsp1,6,0,7,14,3,7,3,35,4,0,6,1,4,5,2,3,8,27,0,7,7,0,0,4,29,0,2,1,2,0,38,0,2,2,21,5,5,2,2,3,3,31,0,2,0,0,11,1,18,7,19,0,16,2,4,2,6,7,9,13,42,1,0,9,4,5,0,1,1,3,7,2,0,0,0,0,1,0,0,0,3,8,0,0,8,4,3,1,1,0,1,1,0,1,0,2,1,0,3,28,7,27,3,0,0,3,1,10,21,1,0,0,0,3,10,6,2,13,1,1,2,3,0,2,2,1,1,0,1,2,12,0,2,1,0,2,1,3,2,1,0,1,4,2,0,3,9,0,5,0,3,1,11,2,1,8,1,1,5,10,3,1,14,30,6,1,0,0,4,1,7,4,0,1,0,4,10,0,3,3,3,4,11,1,7,2,1,1,7,0,0,0,0,1,1,1,1,3,1,20,23,1,10,0,9,0,4,0,0,3,1,4,0,1,3,2,13,8,1,3,1,3,1,0,0,1,0,1,0,0,2,1,2,1,3,1,1,3,2,1,5,0,4,0,7,6,0,1,0,9,0,3,1,2,0,0,1,1,0,0,0,0,1,2,0,0,0,0,0
Helo229,3,0,3,5,4,3,4,20,3,0,4,1,2,4,1,3,6,21,0,6,5,0,0,3,24,0,1,0,2,0,32,0,2,2,8,3,4,0,1,3,3,19,1,2,0,0,4,0,8,4,9,0,6,1,2,2,4,7,4,6,18,1,0,4,4,4,0,1,0,2,1,0,0,0,0,0,1,0,0,0,3,7,0,0,6,3,2,1,0,0,1,1,0,1,0,2,1,0,3,21,7,21,3,0,0,2,1,8,11,2,0,0,0,2,12,2,0,4,1,1,2,2,0,0,1,1,0,0,0,2,3,0,2,1,0,1,0,2,0,0,0,1,0,1,0,2,10,0,2,0,2,1,4,1,1,5,1,0,4,8,3,1,15,7,2,1,0,0,2,1,5,2,0,1,0,4,1,0,3,3,3,1,11,1,7,2,1,0,4,0,0,0,3,0,1,2,2,2,0,12,20,1,11,0,9,0,5,0,0,3,1,4,0,1,2,0,13,6,1,2,1,3,1,0,0,1,0,0,0,0,2,0,1,0,3,1,1,2,2,0,5,0,4,1,2,3,0,1,3,4,0,1,1,1,0,0,1,0,0,0,0,0,1,1,0,0,0,0,0
Truan1,4,0,2,14,2,5,6,32,2,0,0,0,2,2,0,4,7,31,0,7,3,2,0,3,24,0,0,0,1,0,38,0,4,2,0,0,3,1,1,3,3,24,0,1,1,0,4,1,6,10,16,0,9,1,6,2,8,7,4,9,25,1,3,5,3,1,1,3,2,3,0,2,1,0,0,0,0,0,0,0,4,6,0,0,9,6,6,0,1,0,2,1,0,1,0,3,0,0,4,25,8,23,2,0,0,1,1,5,20,2,0,1,1,6,7,5,0,6,3,2,1,2,1,0,1,0,2,0,1,2,4,0,3,1,0,2,0,5,1,1,0,2,2,0,0,3,9,0,2,0,2,1,8,2,1,6,0,2,2,8,1,0,13,12,6,1,0,0,3,0,7,5,1,2,0,3,3,0,1,3,3,1,8,0,3,2,1,1,4,0,0,1,0,0,1,1,1,3,0,17,18,1,7,0,4,0,6,1,0,3,1,4,0,1,5,0,9,9,1,2,1,3,1,0,0,1,0,1,0,1,2,1,1,1,4,0,1,3,3,1,7,0,2,1,6,3,1,0,0,5,0,2,2,2,0,0,1,0,0,0,0,0,1,2,0,0,1,0,0
DalEC12_1,3,0,2,3,1,3,4,18,4,0,3,0,1,0,1,2,5,30,0,4,3,1,1,1,6,0,0,0,1,0,15,0,2,1,1,0,4,0,0,2,3,16,1,0,1,0,5,0,2,5,6,0,1,1,2,3,2,5,1,9,18,2,0,3,2,1,1,1,1,3,0,0,1,0,0,0,0,0,0,0,3,5,0,0,3,3,0,0,1,0,0,1,0,1,0,2,0,0,2,18,7,18,3,0,0,1,0,3,3,2,0,1,0,2,5,1,0,5,2,2,1,0,0,0,1,0,3,0,1,0,2,0,2,0,0,2,1,3,0,3,0,1,1,0,0,1,9,0,2,0,1,0,5,1,1,3,0,1,2,6,1,2,11,2,5,1,0,0,1,0,6,4,1,0,0,3,0,0,0,1,3,1,2,0,2,2,1,0,0,0,0,0,0,1,1,0,1,1,0,6,13,1,5,0,4,0,6,0,0,3,1,4,0,1,6,0,7,3,1,2,1,3,1,0,0,1,0,1,0,0,2,2,1,0,3,0,1,3,0,1,5,0,0,1,0,1,0,0,0,0,0,2,2,1,0,0,0,0,0,0,0,0,1,1,0,0,0,0,0
Micbo1,6,0,3,5,2,3,2,9,3,1,1,0,2,2,1,4,2,22,0,4,1,1,0,1,16,0,1,0,3,0,25,0,2,1,2,0,4,0,1,2,3,55,0,0,0,0,2,0,3,9,14,0,6,1,2,0,3,6,4,11,22,2,0,1,1,2,1,3,1,3,1,1,1,0,0,0,0,0,0,0,1,2,0,0,4,3,4,0,1,0,1,1,0,1,0,3,0,0,2,15,6,26,2,0,1,0,1,2,3,3,0,0,0,0,8,2,1,4,3,2,2,1,0,0,1,2,3,0,1,1,2,0,0,2,0,2,0,1,1,0,0,4,1,0,0,1,11,0,2,0,1,1,7,1,1,5,0,1,3,5,1,1,11,10,3,1,0,0,2,0,2,4,1,2,0,2,0,0,2,3,4,1,6,0,3,2,1,0,0,0,0,0,0,1,1,1,1,3,1,15,16,1,6,0,3,0,5,1,0,3,1,4,0,1,12,0,8,3,1,2,1,3,1,0,0,1,0,1,0,1,2,1,1,1,5,0,1,2,0,1,6,0,0,0,1,0,1,0,0,2,0,1,2,0,0,0,1,0,0,0,0,0,0,1,0,0,0,0,0
Mictri1,6,0,3,4,2,5,4,12,3,0,1,0,2,2,2,3,2,23,0,3,1,1,0,1,14,0,1,0,4,0,68,0,2,1,6,0,4,0,1,2,3,88,1,0,1,0,3,0,5,10,12,0,7,1,3,0,4,11,3,10,26,1,0,1,1,2,1,3,1,3,3,1,1,0,0,0,0,0,0,0,1,2,0,0,3,5,5,0,1,0,1,1,2,1,0,5,0,0,2,19,6,44,3,0,1,0,1,2,3,3,0,0,0,0,8,3,1,2,3,2,2,1,0,0,1,1,6,0,1,0,2,0,0,1,0,2,0,1,1,1,0,4,2,0,0,2,14,0,2,0,1,2,11,1,1,4,0,1,6,5,1,0,9,13,3,1,0,0,1,0,2,4,1,2,0,2,1,0,2,3,3,1,8,0,3,2,1,3,0,0,0,0,0,1,1,2,1,2,1,16,17,1,5,2,3,0,5,1,0,3,1,4,0,1,18,4,19,4,1,2,1,3,1,0,0,1,0,1,0,1,2,1,1,3,5,0,1,2,0,1,6,0,0,0,1,0,1,0,0,2,0,1,2,0,0,0,0,0,0,0,0,0,0,1,0,0,0,0,0
Falor1,6,0,1,8,4,4,4,17,4,0,1,1,1,2,1,4,10,28,0,5,6,0,0,3,18,0,1,0,1,0,47,0,3,1,2,0,4,0,1,2,3,46,1,2,0,0,10,1,5,7,14,0,2,1,4,1,2,8,2,8,19,0,0,2,5,1,1,1,1,3,2,0,1,0,0,0,0,0,0,0,5,7,0,0,8,4,2,1,0,0,2,1,0,1,1,0,0,0,3,17,6,30,3,0,0,0,1,3,2,2,0,1,1,2,6,2,1,2,3,2,2,1,0,0,1,0,1,0,1,0,1,0,0,3,0,2,0,4,1,1,0,1,1,0,0,3,9,0,2,0,1,1,18,1,2,2,0,1,1,5,1,1,11,5,2,2,0,0,1,0,7,2,1,3,0,2,0,0,0,3,3,0,3,0,3,2,1,0,2,0,0,0,1,0,1,2,1,2,0,11,18,1,5,0,3,0,4,2,0,3,1,4,0,1,3,0,4,3,1,2,1,3,1,0,0,1,0,1,0,1,3,1,1,2,3,0,1,3,2,1,6,0,0,0,0,6,0,1,0,2,0,1,0,0,0,0,0,0,0,0,0,0,1,1,0,0,0,0,0
Maggr1,7,0,2,6,2,3,5,13,2,0,0,1,1,3,1,4,7,22,0,7,4,1,0,3,23,0,2,0,1,0,58,0,3,1,0,0,3,0,2,2,3,16,1,1,1,0,8,1,6,10,18,0,1,1,3,1,2,5,2,8,18,0,0,2,2,1,1,1,0,3,2,0,1,0,0,0,0,0,0,0,3,6,0,0,6,5,3,0,3,0,3,1,1,1,0,1,0,0,2,18,7,15,3,0,1,0,0,4,3,4,0,1,0,0,6,4,1,0,2,2,2,1,0,0,1,0,1,0,1,0,1,0,1,2,0,2,0,5,2,1,0,2,1,0,0,1,9,0,3,0,1,1,6,4,2,2,0,1,1,5,1,1,7,3,2,2,0,0,1,0,6,1,1,1,0,3,1,0,1,3,4,0,4,0,6,2,1,0,1,0,0,0,0,0,1,3,1,2,0,12,11,1,4,1,2,0,4,1,0,3,1,4,0,1,8,0,4,8,1,2,1,3,1,0,0,1,0,1,0,1,2,1,1,3,3,0,1,4,4,1,6,0,0,0,0,1,0,1,0,1,0,0,1,0,0,0,0,0,0,0,0,0,1,1,0,0,0,0,0
Neucr2,0,0,2,8,0,2,2,2,1,0,0,0,1,1,1,2,5,14,0,4,3,1,0,0,21,0,0,0,1,0,9,0,3,2,9,1,0,1,0,1,4,18,1,0,0,0,6,0,3,4,3,0,2,1,1,1,2,3,2,6,11,0,0,1,1,1,0,1,0,1,0,0,1,0,0,0,0,0,0,0,3,5,0,0,4,2,2,0,2,0,2,2,2,1,0,2,0,0,2,15,6,13,2,0,0,1,1,0,2,0,0,1,1,0,6,2,0,2,1,2,1,0,0,0,1,0,0,0,1,0,0,0,1,1,0,1,0,1,0,1,0,0,0,0,0,1,9,0,1,0,1,1,6,0,2,2,0,1,7,5,1,1,9,2,2,1,0,0,0,0,2,2,1,0,0,2,0,0,1,1,3,0,4,0,3,2,1,0,0,0,0,0,0,1,1,0,1,1,0,11,13,4,6,2,4,0,5,1,0,3,1,4,0,1,2,0,4,4,1,3,1,4,1,0,0,1,0,1,0,1,2,1,1,0,3,0,1,2,1,1,4,0,0,0,0,1,0,0,0,1,0,1,0,0,0,0,0,0,0,0,0,0,1,0,0,0,0,0,0
Sorhu1,2,0,2,10,1,2,3,8,1,0,2,0,1,1,1,3,5,20,0,4,3,1,0,2,24,0,0,0,1,0,25,0,4,1,5,1,2,0,1,1,3,57,1,0,0,0,7,0,2,3,4,0,1,1,1,3,2,4,1,7,10,0,1,2,2,1,0,1,0,1,0,0,1,0,0,0,0,0,0,0,3,6,0,0,6,3,1,0,2,0,2,1,2,1,0,2,0,0,3,18,5,21,1,0,0,1,2,0,2,0,0,1,1,2,5,0,0,2,1,2,1,0,0,0,1,0,0,0,1,0,1,0,1,1,0,1,0,1,0,1,0,0,0,0,0,1,9,0,1,0,1,0,9,0,1,2,0,1,5,5,1,1,9,0,2,1,0,0,0,0,2,2,1,0,0,2,0,0,1,2,4,0,4,0,3,2,1,0,1,0,0,0,0,0,1,0,1,1,0,8,12,1,6,2,2,0,5,1,0,3,1,4,0,1,2,0,4,5,1,3,1,3,1,0,0,1,0,1,0,1,2,1,1,0,3,0,1,2,0,1,4,0,0,0,0,1,0,0,0,1,0,1,0,0,0,0,0,0,0,0,0,0,1,0,0,0,0,0,0
Thite2,2,0,2,5,0,0,3,7,2,0,3,0,1,0,1,2,6,19,0,5,1,0,0,1,25,0,0,0,1,0,18,0,3,1,0,0,1,0,1,1,3,22,1,0,0,0,3,1,4,5,3,0,3,1,1,2,2,2,1,8,14,0,0,5,3,1,1,1,0,1,0,0,1,0,0,0,0,0,0,0,2,5,0,0,6,5,3,0,1,0,0,1,0,1,0,2,0,0,3,14,3,15,1,0,1,1,0,1,7,0,0,1,0,2,8,1,0,2,1,2,1,2,0,1,1,0,1,0,1,0,2,0,0,0,0,1,0,0,0,1,0,0,1,0,0,2,10,0,2,0,1,1,7,2,2,1,0,0,1,4,1,2,8,0,3,1,0,0,0,0,2,4,1,0,0,1,0,0,1,1,3,1,2,0,4,2,1,0,0,0,0,0,0,0,1,0,0,1,0,8,11,1,6,0,4,0,4,1,0,3,1,4,0,1,3,0,4,6,0,2,1,3,1,0,0,1,0,1,0,1,2,1,1,0,3,0,1,5,2,1,5,0,1,0,0,0,0,0,0,0,0,0,1,1,1,0,0,0,0,0,0,0,0,1,0,0,0,0,0
Spoth2,0,0,1,2,1,0,3,3,1,0,0,0,1,0,1,2,6,23,0,4,3,1,0,3,17,0,0,0,1,0,10,0,2,1,2,0,3,0,1,1,3,9,1,0,0,0,6,0,3,4,3,0,2,1,2,2,2,2,1,7,13,0,0,2,2,1,1,1,0,1,0,0,1,0,0,0,0,0,0,0,3,6,0,0,4,8,1,1,2,0,1,1,1,1,0,2,0,0,2,15,4,10,1,0,1,1,1,2,2,0,0,0,1,2,6,0,1,1,1,2,1,0,0,0,1,0,1,0,1,0,2,0,1,0,0,2,0,2,0,1,0,0,2,0,0,1,8,0,2,0,1,0,6,2,1,1,0,1,3,5,1,2,9,1,2,1,0,0,0,0,2,3,1,1,0,1,0,0,1,1,3,0,2,0,2,2,1,0,1,0,0,0,0,0,1,1,0,1,0,7,13,1,5,1,4,0,3,1,0,3,1,4,0,1,3,0,5,5,1,2,1,3,1,0,0,1,0,1,0,1,2,1,1,0,3,0,1,2,1,1,4,0,1,0,1,2,0,1,0,1,0,1,0,0,0,0,0,0,0,0,0,0,1,1,0,0,0,0,0
Chame1,2,0,2,4,1,5,3,15,2,1,0,0,1,0,1,6,7,42,0,5,4,1,0,4,35,0,3,0,2,0,35,0,2,1,11,0,4,2,1,1,3,34,2,0,0,0,11,0,5,4,6,0,2,1,2,3,3,3,1,7,15,0,0,3,2,1,1,1,0,1,0,2,1,0,0,0,0,0,0,0,5,8,0,0,8,9,6,0,3,0,1,1,1,1,0,3,0,0,2,16,4,22,1,0,1,0,1,5,1,0,0,0,1,2,9,4,1,3,1,2,1,1,0,0,1,1,1,0,1,1,2,0,1,1,0,2,0,2,3,1,0,1,3,0,0,2,10,0,3,0,1,0,10,5,1,2,0,1,4,5,1,2,10,2,4,1,0,0,1,0,2,3,1,1,0,1,0,0,1,3,3,0,3,0,3,2,1,0,2,0,0,0,0,1,1,1,1,2,0,11,13,1,7,1,5,0,4,1,0,3,1,4,0,1,3,0,6,7,1,2,1,3,1,0,0,1,0,1,0,1,2,1,1,0,3,0,1,3,4,1,5,0,3,0,1,2,0,1,0,4,0,1,1,0,0,0,1,0,0,0,0,0,1,1,0,0,0,0,0
Chagl_1,1,0,2,5,0,4,3,15,2,0,0,0,1,0,1,3,7,44,0,6,4,2,0,3,34,0,3,0,1,0,37,0,2,1,12,0,3,2,1,1,2,29,1,0,0,0,11,1,6,3,5,0,2,1,2,3,2,2,1,7,13,0,0,3,2,1,1,1,0,1,0,0,1,0,0,0,0,0,0,0,4,8,0,0,7,9,4,0,2,0,1,1,1,1,1,2,0,0,2,15,4,17,1,0,1,0,1,3,1,0,0,0,0,2,6,3,1,2,1,2,1,0,0,0,1,1,1,0,1,1,2,0,1,0,0,2,0,2,3,0,0,0,2,0,0,2,10,0,2,0,1,0,11,4,1,1,0,1,3,5,1,2,9,1,4,1,0,0,0,0,2,4,1,1,0,1,0,0,1,2,3,0,3,0,4,1,1,0,1,0,0,0,1,0,1,1,0,1,0,9,15,1,7,1,5,0,4,1,0,3,1,3,0,1,3,0,6,7,1,2,1,3,1,0,0,1,0,1,0,1,2,0,1,0,3,0,1,2,4,1,4,0,2,1,1,2,0,1,0,4,0,1,1,0,0,0,1,0,0,0,0,0,1,1,0,0,0,0,0
Chagl1,1,0,2,4,0,4,3,15,2,0,0,0,1,0,1,3,7,44,0,6,4,2,0,4,32,0,3,0,1,0,38,0,2,1,13,0,3,3,1,1,3,37,1,0,0,0,11,1,5,4,5,0,2,1,2,3,2,3,1,7,13,0,0,3,2,2,1,1,0,1,0,0,1,0,0,0,0,0,0,0,4,7,0,0,7,10,4,1,2,0,1,1,1,1,1,2,0,0,2,15,4,25,1,0,1,0,1,3,1,0,0,0,0,2,6,4,1,3,1,2,1,0,0,0,1,1,1,0,1,1,2,0,1,0,0,2,0,2,3,1,0,0,2,0,0,2,10,0,2,0,1,0,11,3,1,1,0,1,5,5,1,2,9,1,4,1,0,0,0,0,2,4,1,1,0,1,0,0,1,2,3,0,3,0,5,2,1,0,1,0,0,0,1,0,1,1,1,1,0,9,14,1,7,1,5,0,4,1,0,3,1,4,0,1,3,0,6,9,1,2,1,3,1,0,0,1,0,1,0,1,2,1,1,0,3,0,1,3,4,1,5,0,2,1,1,2,0,1,0,4,0,1,1,0,0,0,1,0,0,0,0,0,1,1,0,0,0,0,0
Chafu1,2,0,2,8,0,3,3,10,1,0,0,0,1,0,1,2,6,30,0,4,3,2,0,2,15,0,2,0,1,0,20,0,4,1,0,0,3,2,1,1,3,20,1,0,0,0,8,1,4,4,4,0,1,1,3,2,2,3,1,6,12,0,0,3,2,1,1,1,0,1,0,0,1,0,0,0,0,0,0,0,3,7,0,0,7,6,3,0,3,0,1,1,1,1,0,3,0,0,4,15,4,13,1,0,1,1,1,3,3,0,0,1,1,1,9,5,1,1,1,2,1,1,0,0,1,0,1,0,1,0,2,0,1,0,0,2,0,1,2,1,0,0,2,0,0,1,8,0,2,0,1,1,9,3,1,1,0,1,2,5,1,2,9,0,2,2,0,0,0,0,2,2,1,1,0,1,0,0,1,1,3,0,2,0,4,2,1,0,0,0,0,0,1,0,1,1,1,1,0,7,13,1,7,1,2,0,4,1,0,3,1,4,0,1,2,0,5,7,1,2,1,3,1,0,0,1,0,1,0,1,2,1,1,0,3,0,1,4,2,1,4,0,0,0,0,2,0,0,0,1,0,1,0,1,1,0,0,0,0,0,0,0,1,0,0,0,0,0,0
Sodal1,0,0,2,2,1,1,1,8,1,0,0,0,1,0,1,2,2,22,0,5,3,1,0,0,17,0,1,0,0,0,20,0,2,1,0,0,1,0,0,1,2,5,0,0,0,0,3,0,3,6,9,0,0,1,0,1,1,2,1,6,11,0,1,0,1,1,1,1,0,0,0,0,1,0,0,0,0,0,0,0,5,3,0,0,3,6,3,0,1,0,0,1,0,1,0,2,0,0,2,12,4,9,2,0,2,1,0,0,2,0,0,0,0,1,5,0,0,0,1,2,1,0,0,1,1,0,1,0,1,1,1,0,0,2,0,1,0,1,1,1,0,0,2,0,0,2,7,0,1,0,1,0,2,0,1,1,0,1,0,3,1,0,6,0,1,1,0,0,1,0,2,0,0,0,0,2,0,0,0,1,2,0,2,0,0,2,1,0,0,0,0,0,0,0,0,1,0,1,0,8,14,1,5,0,3,0,5,0,0,3,1,4,0,1,0,0,5,4,1,4,1,3,1,0,0,1,0,1,0,0,2,1,1,1,3,1,1,2,0,1,4,0,2,0,0,0,0,0,0,3,0,1,0,0,0,0,0,0,0,0,0,0,0,1,0,0,0,0,0
Plecuc1,3,0,3,3,2,4,5,22,4,0,3,0,1,3,1,2,5,28,0,4,3,1,1,3,51,0,0,0,0,0,25,0,3,1,8,0,6,1,1,1,4,35,0,1,0,0,6,1,3,12,12,0,9,1,6,1,5,9,5,8,30,0,1,1,4,2,1,2,0,3,2,0,1,0,0,0,0,0,0,0,4,6,0,0,6,3,8,0,1,0,1,1,0,1,0,6,0,0,3,14,7,22,2,0,1,0,1,3,10,0,0,0,0,3,10,3,1,7,2,2,2,1,0,0,1,1,0,0,1,4,9,0,1,1,0,4,0,4,1,1,0,1,1,0,0,3,7,1,4,0,1,0,7,1,1,1,0,1,5,3,2,1,8,16,0,2,0,0,4,0,1,1,0,2,0,3,3,0,3,2,1,0,4,0,3,2,1,1,1,0,0,0,0,0,1,2,1,4,0,18,19,1,6,0,7,0,4,0,0,3,1,4,0,1,0,0,12,6,1,6,1,3,1,0,0,1,0,1,0,0,2,1,1,0,3,1,1,2,0,1,6,0,1,2,5,4,1,1,0,13,0,1,2,1,0,0,3,1,0,0,0,0,0,1,0,0,0,0,0
Plecucu1,2,0,3,3,2,5,6,21,4,0,4,0,1,4,1,1,5,30,0,4,3,1,1,2,51,0,0,0,0,0,33,0,3,1,6,0,6,1,1,1,4,42,0,1,0,0,6,1,4,11,13,0,9,1,6,1,5,5,7,9,32,0,1,1,4,2,1,2,0,3,3,0,1,0,0,0,0,0,0,0,4,6,0,0,5,3,7,0,1,0,1,1,0,1,0,5,0,0,3,16,7,19,1,0,1,0,1,2,9,1,0,0,0,3,10,3,1,9,2,2,2,1,0,1,1,1,0,0,1,2,11,0,1,1,0,3,1,4,1,1,0,1,5,0,0,2,6,0,2,0,1,0,5,1,1,1,0,1,3,3,2,1,8,16,3,2,0,0,4,0,1,1,0,2,0,3,3,0,3,2,1,0,3,0,3,2,1,0,1,0,0,0,0,0,1,2,1,4,0,18,17,1,6,0,6,0,4,0,0,3,1,4,0,1,0,0,13,7,1,6,1,3,1,0,0,1,0,1,0,0,2,1,1,0,3,1,1,2,0,1,5,0,1,2,6,4,1,1,0,14,0,1,2,1,0,0,3,1,0,0,0,0,0,1,0,0,0,0,0
Veral1,1,0,3,1,2,4,4,15,3,0,1,0,1,1,1,2,2,22,0,2,3,1,0,2,20,0,0,0,0,0,21,0,4,1,5,0,4,1,2,1,2,23,0,1,0,0,4,1,5,8,15,0,7,1,4,1,2,5,4,6,23,1,0,0,4,1,0,2,1,2,2,0,1,0,0,0,0,0,0,0,4,6,0,0,4,4,5,0,1,0,1,1,0,1,0,5,0,0,4,13,7,15,3,0,1,0,1,6,13,0,0,0,0,1,8,3,1,5,2,2,2,1,0,2,1,1,0,0,1,3,3,0,1,2,0,3,0,3,1,1,0,0,1,0,0,1,7,1,2,0,1,1,3,0,1,2,0,1,2,4,2,1,7,11,2,2,0,0,4,0,3,1,0,3,0,3,1,0,2,3,1,0,3,0,2,2,1,1,0,2,0,0,0,0,1,1,1,3,0,11,17,1,6,0,4,0,4,0,0,3,1,3,0,1,0,0,8,2,1,6,1,3,2,0,0,4,0,1,0,0,2,1,1,0,3,2,1,2,0,1,5,0,4,2,5,3,1,1,1,11,1,1,2,0,0,0,2,1,0,0,0,0,0,1,0,0,0,0,0
Verdah1,0,0,3,2,3,4,3,13,2,0,0,0,1,2,1,4,2,29,0,2,5,2,0,2,31,0,0,0,0,0,25,0,5,2,7,0,4,1,2,1,4,22,0,1,0,0,7,0,5,11,15,0,9,1,4,1,3,5,3,6,20,0,1,1,5,1,0,1,1,2,2,0,1,0,0,0,0,0,0,0,4,6,0,0,4,6,6,0,1,0,1,1,0,1,0,4,0,0,4,14,7,18,3,0,1,0,1,7,12,0,0,0,0,1,9,3,1,5,1,2,2,1,0,1,2,2,0,0,1,5,3,0,1,1,0,2,0,3,1,1,0,1,1,0,0,2,8,1,2,0,1,1,3,0,1,2,0,1,2,4,2,2,8,10,2,2,0,0,4,0,3,1,0,1,0,4,1,0,3,3,1,0,12,0,2,2,1,0,1,1,0,0,0,0,1,1,1,3,0,12,18,1,8,0,5,0,6,0,0,3,1,4,0,1,0,0,9,3,1,6,1,3,1,0,0,1,0,1,0,0,2,1,1,1,3,2,2,2,0,1,6,0,3,2,7,4,1,1,0,12,2,1,4,0,0,0,2,1,0,0,0,0,0,1,0,0,0,0,0
Verda1,0,0,3,2,2,4,3,13,3,0,0,0,1,1,1,2,2,27,0,2,3,1,0,2,26,0,0,0,0,0,25,0,4,0,6,0,4,1,2,1,4,18,0,1,0,0,5,0,5,8,14,0,8,1,4,1,2,5,3,6,17,1,1,1,4,1,0,1,0,2,2,0,1,0,0,0,0,0,0,0,4,6,0,0,4,5,6,0,1,0,1,1,0,1,0,4,0,0,4,12,7,20,3,0,1,0,1,5,12,0,0,0,0,1,9,3,1,5,1,2,2,1,0,2,0,1,0,0,1,4,3,0,1,1,0,2,0,3,1,1,0,1,1,0,0,2,8,1,2,0,1,1,3,0,1,2,0,1,2,4,2,1,7,10,2,2,0,0,4,0,3,1,0,2,0,4,1,0,3,3,1,0,4,0,2,2,1,0,1,1,0,0,0,0,0,1,1,3,0,12,17,1,6,0,4,0,5,0,0,3,1,4,0,1,0,0,9,3,1,5,1,3,1,0,0,2,0,1,0,0,2,1,1,1,3,2,1,2,0,1,7,0,4,2,4,5,1,1,1,10,0,1,2,1,0,0,2,1,0,0,0,0,0,1,0,0,0,0,0
Colch1,5,0,3,6,6,3,4,20,2,0,3,0,1,3,1,6,5,26,0,4,3,1,0,3,26,0,0,0,0,0,27,0,3,1,9,0,5,0,0,1,3,30,0,2,0,0,5,0,4,11,13,0,6,1,5,1,4,5,3,6,21,0,0,4,2,1,1,2,0,3,2,0,1,0,0,0,0,0,0,0,3,5,0,0,8,3,7,0,3,0,3,1,2,1,0,3,0,0,3,25,8,19,1,0,0,0,1,4,17,1,0,0,1,2,7,0,0,4,2,1,2,0,0,0,1,0,1,0,1,4,5,0,2,1,0,3,0,1,0,1,0,1,2,0,0,1,11,0,3,0,2,0,2,1,1,1,0,1,7,4,2,1,8,7,3,3,0,0,2,0,5,2,0,2,0,7,1,0,0,4,3,1,3,0,8,2,1,0,0,0,0,0,0,0,1,0,1,3,0,18,17,1,4,2,6,0,4,3,0,3,1,4,0,1,2,0,5,4,1,2,1,3,1,0,0,1,0,1,0,0,2,1,1,0,3,0,1,5,2,1,5,0,3,2,8,5,0,1,0,12,0,4,2,2,0,0,4,0,0,0,0,0,0,1,1,0,0,0,0
Colhig2,10,0,4,5,7,7,4,27,2,0,2,0,1,2,1,9,5,27,0,3,4,1,0,3,23,0,0,0,0,0,34,0,3,1,19,1,5,0,0,1,4,44,0,2,0,0,5,0,4,12,15,0,10,1,5,2,4,6,2,8,26,0,1,4,3,1,1,2,1,3,2,0,1,0,0,1,0,0,0,0,3,8,0,0,8,3,7,0,3,0,3,1,2,1,0,3,0,0,3,25,8,22,3,0,0,0,1,3,15,1,0,0,2,1,8,2,1,4,2,2,1,0,0,0,1,0,1,0,1,3,5,0,2,1,0,3,0,3,0,1,0,1,2,0,0,1,11,0,2,0,2,0,5,1,1,1,1,1,10,4,2,1,9,11,3,2,0,0,2,0,6,2,0,2,0,6,2,0,1,3,3,1,3,0,8,2,1,0,1,0,0,0,0,1,1,1,1,4,0,22,19,1,5,2,5,0,4,2,0,3,1,4,0,1,2,0,5,5,1,3,1,3,1,0,0,1,0,1,0,0,2,1,1,1,3,0,1,4,4,1,7,0,3,2,6,6,0,1,0,16,0,3,2,2,0,0,4,1,0,0,0,0,0,0,1,0,0,0,0
Colto1,8,0,3,9,7,5,3,33,4,0,4,0,0,4,1,9,4,28,0,3,4,1,0,3,32,0,1,0,0,0,43,0,3,1,8,0,5,0,1,2,4,55,0,2,1,0,7,0,4,12,14,0,11,1,6,2,4,8,4,9,26,0,2,4,3,2,1,2,1,3,2,0,1,0,0,1,0,0,0,0,3,8,0,0,12,6,7,0,4,0,2,1,2,1,0,3,0,0,3,24,7,18,3,0,0,0,1,5,14,1,0,0,1,1,8,1,1,5,2,2,2,0,0,0,1,1,1,0,1,4,5,0,2,1,0,3,0,3,3,1,1,2,3,0,0,2,12,0,2,0,2,1,6,2,1,1,0,1,6,5,2,1,9,12,4,2,0,0,2,0,4,2,0,3,0,7,3,0,1,3,3,1,3,0,8,2,1,0,1,0,0,0,0,0,1,2,1,3,0,20,18,1,5,2,6,0,4,4,0,3,1,3,0,1,3,0,5,3,1,2,1,3,1,0,0,1,0,1,0,0,2,1,1,0,3,0,1,4,6,0,6,0,3,2,5,5,0,1,0,14,0,3,2,2,0,0,4,0,0,0,0,0,0,1,1,0,0,0,0
Stael1,3,0,1,4,4,7,4,36,7,0,0,0,1,4,1,3,4,41,0,7,3,0,1,2,36,0,3,1,1,0,27,0,1,1,15,1,4,0,2,1,3,43,0,0,0,0,12,1,13,6,12,0,8,1,3,1,4,5,4,10,25,0,0,4,3,1,1,2,2,2,1,0,1,0,0,0,0,0,0,0,5,8,0,0,9,13,11,0,1,0,0,1,0,1,0,8,0,0,2,23,5,32,5,0,2,0,1,5,5,4,0,0,1,1,8,2,2,4,3,2,1,1,0,1,1,1,0,0,1,0,3,0,0,4,0,2,0,1,4,1,1,2,3,0,0,2,10,0,2,0,1,1,16,6,1,8,0,2,6,4,1,1,9,1,0,2,0,0,3,0,4,1,1,2,0,2,3,0,1,3,2,0,5,0,2,2,1,1,0,0,1,0,2,0,1,3,1,2,1,23,17,1,6,0,7,0,4,0,0,3,1,4,0,1,3,0,10,6,1,4,1,3,1,0,0,1,0,1,0,0,2,1,1,0,3,2,1,0,0,1,6,0,2,1,1,3,2,1,0,6,0,1,2,0,0,0,0,0,0,0,0,0,1,1,0,0,1,0,0
Triat2,6,0,2,2,0,0,0,9,2,0,0,0,1,0,1,3,0,3,0,2,1,0,2,0,22,0,1,0,5,0,22,0,3,1,4,0,1,0,2,2,3,24,0,0,3,0,1,0,4,3,5,0,1,1,0,1,3,8,4,10,15,1,0,3,2,1,0,1,2,0,0,0,1,0,0,0,0,0,0,0,1,2,0,0,1,4,3,0,2,0,0,1,0,1,0,1,0,0,3,17,6,30,3,1,0,1,0,9,6,0,0,2,1,2,7,1,0,1,2,2,1,2,0,0,0,0,0,0,1,0,1,0,0,0,0,1,0,0,1,1,0,1,0,0,0,1,8,0,1,0,0,2,8,2,1,3,2,2,4,5,1,6,8,3,4,2,0,0,2,1,8,3,0,4,0,1,1,0,1,1,2,1,5,0,0,2,1,0,0,0,0,0,0,1,0,0,0,2,0,8,13,1,5,0,4,0,4,1,0,5,1,4,0,1,0,0,9,10,1,2,1,3,1,0,0,1,0,1,0,0,2,1,1,0,3,2,1,4,1,1,7,0,1,0,1,0,0,0,0,0,0,0,0,0,3,1,0,0,0,0,0,0,2,0,0,0,0,0,0
TriviGv29_8_2,5,0,2,2,0,0,0,14,2,0,0,0,1,0,1,0,0,3,0,4,1,0,2,0,24,0,0,0,3,0,23,0,1,1,4,1,1,0,2,3,3,40,0,0,5,0,1,0,3,4,6,0,2,1,0,1,3,9,2,11,17,1,0,3,1,1,0,1,2,0,2,0,1,0,0,0,0,0,0,0,1,2,0,0,2,4,4,0,1,0,0,1,0,1,0,3,0,0,2,17,6,37,3,0,1,1,2,11,6,0,0,2,1,3,5,1,0,1,2,2,2,1,0,0,0,0,0,0,1,1,0,0,0,0,0,0,0,0,0,0,0,1,0,0,0,2,8,1,0,0,0,2,10,3,1,3,2,2,5,6,1,5,8,3,4,2,0,0,3,2,7,1,0,4,0,1,1,0,1,1,2,0,5,0,0,2,1,0,0,0,0,0,0,0,0,0,1,2,0,9,15,1,5,0,4,0,4,1,0,5,1,4,0,1,1,0,8,9,1,2,1,3,1,0,0,1,0,1,0,0,2,1,1,1,3,2,1,5,1,1,6,0,0,0,0,0,0,0,0,0,0,0,0,0,3,1,0,0,0,0,0,0,2,0,0,0,0,0,0
Trire2,5,0,2,1,0,0,0,10,2,0,0,0,1,0,1,1,0,3,0,3,1,0,1,0,14,0,0,0,2,0,8,0,1,1,4,2,0,0,2,2,3,17,0,0,2,0,0,0,3,3,4,0,0,1,0,1,2,7,2,8,13,1,0,2,1,1,0,1,1,0,0,0,1,0,0,0,0,0,0,0,1,2,0,0,1,3,2,0,1,0,0,1,0,1,0,2,0,0,2,16,5,20,3,0,1,1,0,8,4,0,0,2,1,2,4,0,0,1,2,2,1,1,0,0,0,0,0,0,1,0,0,0,0,0,0,0,0,0,0,0,0,1,0,0,0,1,8,0,0,0,0,2,6,1,1,3,2,1,4,5,1,3,7,1,4,2,0,0,0,2,7,0,0,4,0,1,1,0,0,1,2,0,4,0,0,2,1,0,0,0,0,0,0,0,0,0,1,1,0,8,13,1,5,0,3,0,4,1,0,4,1,4,0,1,1,0,7,8,1,2,1,3,1,0,0,1,0,1,0,0,2,1,1,0,3,2,1,3,1,1,6,0,0,0,0,0,0,0,0,0,0,0,0,0,2,1,0,0,0,0,0,0,2,0,0,0,0,0,0
Cylol1,5,0,3,6,2,3,3,16,5,1,1,0,1,1,1,3,2,13,0,5,1,1,1,1,19,0,0,0,0,0,34,0,3,6,2,1,4,3,1,2,3,33,0,3,0,1,5,0,5,6,6,0,10,1,2,0,8,7,8,5,25,0,0,3,3,1,0,2,3,1,2,0,1,0,0,1,0,0,0,0,2,3,0,0,8,5,9,0,2,0,0,1,1,1,1,7,1,0,3,30,6,28,3,0,1,1,0,3,16,0,0,0,0,0,8,6,1,6,4,2,2,1,0,0,1,1,1,0,2,2,7,0,1,1,0,3,0,3,2,1,0,1,2,0,0,3,12,3,4,0,1,1,3,4,1,2,0,1,3,4,1,5,7,14,4,1,0,0,4,0,0,4,0,1,0,2,3,0,4,2,2,0,3,0,2,2,1,1,2,0,0,0,0,0,1,1,1,4,1,21,27,2,7,1,8,0,4,1,0,3,1,4,0,1,0,0,9,7,1,2,1,3,1,0,0,2,0,1,0,0,2,1,1,0,3,2,1,5,3,1,5,0,1,1,4,2,1,1,0,9,0,2,1,0,1,0,1,0,0,0,0,0,1,2,0,0,0,0,0
Neodi1,2,0,2,4,1,4,4,12,4,1,1,0,1,0,1,6,3,11,0,5,1,1,1,1,13,0,0,0,1,0,31,0,1,1,2,0,3,0,1,1,3,15,0,2,0,1,1,0,7,6,9,0,9,1,2,0,5,6,4,10,27,0,1,4,3,1,0,2,3,1,1,0,0,0,0,1,0,0,0,0,2,3,0,0,3,2,7,0,2,0,0,1,0,1,0,4,0,0,2,28,6,20,2,0,1,0,0,2,13,0,0,0,0,0,10,3,1,4,3,2,1,2,0,0,1,1,2,0,2,2,6,0,1,1,0,2,0,2,0,1,1,1,0,0,0,1,13,1,4,0,1,1,3,0,1,2,0,0,3,3,1,2,7,9,1,1,0,0,3,0,1,3,0,2,0,3,0,0,5,2,2,1,3,0,2,2,1,0,2,0,0,0,0,0,1,2,1,3,1,13,20,1,8,0,6,0,4,1,0,3,1,4,0,1,1,0,8,7,1,3,1,3,1,0,0,2,0,1,0,0,2,1,1,0,3,2,1,3,2,1,5,0,0,1,6,5,0,1,0,9,0,3,1,1,0,0,2,1,0,0,0,0,0,2,0,0,0,0,0
Neora1,6,0,4,8,1,7,4,19,10,1,7,0,3,3,1,4,3,16,0,5,1,1,3,1,18,0,0,0,0,0,29,0,3,6,4,2,3,1,1,2,3,40,0,3,0,1,7,1,5,6,17,0,10,1,4,0,5,11,10,12,56,0,1,4,2,1,0,3,3,2,2,0,1,0,0,0,0,0,0,0,2,3,0,0,7,4,9,0,1,0,0,1,0,1,1,6,1,0,3,42,10,33,3,1,6,0,0,2,17,0,0,0,1,1,10,9,4,9,5,2,2,7,0,0,1,3,2,0,3,4,17,0,2,2,0,2,0,5,0,1,1,1,6,0,0,3,15,1,4,0,1,1,6,3,1,4,0,1,2,4,2,2,8,23,5,1,0,0,4,0,1,6,1,2,0,3,7,0,7,2,2,3,4,0,2,2,1,1,4,0,0,0,0,0,1,1,5,4,1,24,23,1,9,0,7,0,4,2,0,3,1,4,0,1,0,0,10,14,1,3,1,3,1,0,0,3,0,1,0,0,2,1,1,0,3,5,1,5,3,1,7,0,2,1,14,6,1,1,0,10,0,3,1,1,1,0,2,1,0,0,0,0,0,2,0,0,0,0,0
Ilyeu1,6,0,5,7,1,8,6,21,6,1,5,0,2,1,2,4,4,15,0,5,1,1,3,0,16,0,0,0,0,0,31,0,3,5,4,0,3,1,1,2,3,37,0,4,0,2,8,1,3,5,12,0,12,1,4,0,3,13,9,8,51,0,2,4,2,1,0,2,4,2,2,1,1,0,0,0,0,0,0,0,2,3,0,0,7,2,8,0,1,0,0,1,0,1,1,4,1,0,3,40,8,30,3,1,3,0,0,3,16,0,0,0,1,0,11,5,1,8,4,2,2,6,0,1,1,1,2,0,2,5,8,0,1,1,0,2,0,3,0,1,1,2,3,0,0,1,13,0,4,0,1,1,4,3,1,5,0,1,3,4,2,2,7,24,4,1,0,0,4,0,0,6,1,1,0,4,2,0,8,3,2,2,2,0,1,2,1,1,3,0,0,0,0,0,1,1,2,5,1,23,24,1,10,0,8,0,4,2,0,3,1,4,0,1,0,0,10,12,1,5,1,3,1,0,0,3,0,1,0,0,2,1,1,0,3,5,1,5,3,1,7,0,1,1,11,5,1,1,0,9,0,3,1,1,1,0,2,1,0,0,0,0,0,4,0,0,0,0,0
Daces1,5,0,4,7,1,6,5,21,6,1,4,0,1,7,1,3,2,14,0,5,1,1,2,1,20,0,0,0,0,0,41,0,3,5,0,2,3,1,1,2,4,42,0,3,0,1,3,1,10,4,16,0,11,1,7,0,4,11,8,11,40,0,0,3,3,1,0,2,4,1,2,1,1,0,0,1,0,0,0,0,2,4,0,0,4,3,8,0,1,0,0,1,2,1,1,4,1,0,5,49,8,42,2,1,5,1,0,1,18,0,0,0,1,0,11,8,4,8,4,2,2,4,0,0,1,5,2,0,2,3,7,0,3,1,0,2,0,4,0,1,1,1,3,0,0,3,14,1,5,0,1,1,6,2,1,13,0,1,1,4,1,2,7,21,1,1,0,0,4,0,0,5,0,2,0,3,2,0,7,4,2,1,2,0,2,2,1,2,6,0,0,0,0,0,2,1,2,4,1,20,24,1,9,2,7,0,4,1,0,3,1,4,0,1,0,0,8,10,1,3,1,3,1,0,0,2,0,1,0,0,2,1,1,0,3,4,1,4,2,1,6,0,1,1,6,5,1,1,0,7,0,3,3,1,1,0,2,1,0,0,0,0,0,3,0,0,0,0,0
Dacma1,5,0,4,6,1,7,6,22,4,1,5,0,2,5,1,3,4,12,0,5,1,1,1,0,18,0,0,0,0,0,43,0,4,11,1,5,4,4,2,2,3,52,0,3,0,1,4,1,6,5,20,0,13,2,7,0,5,10,9,12,56,0,2,3,4,1,0,2,3,3,3,1,1,0,0,0,0,0,0,0,2,3,0,0,5,3,8,1,1,0,0,1,1,1,1,6,1,0,4,47,12,41,2,1,5,0,0,3,23,1,0,0,3,0,12,10,4,8,3,2,2,5,0,0,1,2,1,0,1,4,11,0,3,2,0,3,0,4,0,1,1,1,5,0,0,1,14,2,6,0,2,1,6,2,2,12,1,1,2,4,2,2,7,24,3,2,0,0,6,0,2,6,0,5,0,3,5,0,6,3,3,2,3,0,2,2,1,1,7,0,0,0,0,0,1,1,4,4,1,20,26,1,8,1,9,0,4,1,0,3,1,4,0,1,0,0,7,8,1,3,1,3,1,0,0,2,0,1,0,0,2,1,1,0,3,2,1,7,2,1,6,0,1,1,5,6,1,1,0,9,0,3,2,1,1,0,2,2,0,0,0,0,0,2,0,0,0,0,0
Fusso1,6,0,2,6,1,7,3,21,6,1,7,0,1,2,1,4,3,14,0,5,1,1,2,1,15,0,0,0,1,0,32,0,2,3,7,2,4,1,1,1,3,30,0,3,0,0,2,1,7,6,8,0,9,2,2,0,6,6,9,10,38,0,0,3,3,1,0,2,3,1,4,0,1,0,0,0,0,0,0,0,1,3,0,0,4,3,6,0,1,0,0,1,0,1,0,5,0,0,2,22,6,25,2,1,3,0,0,3,12,0,0,0,0,0,10,7,2,8,2,2,1,1,0,0,1,1,1,0,1,3,7,0,1,1,0,4,0,3,1,3,0,0,2,0,0,1,10,1,4,0,1,1,6,2,1,2,0,0,4,3,1,2,7,17,6,1,0,0,5,0,0,3,0,5,0,4,1,0,4,2,2,3,4,0,1,2,1,1,2,0,0,0,0,0,3,1,1,4,1,22,21,1,7,0,9,0,5,1,0,3,1,4,0,1,0,0,5,7,1,2,1,3,1,0,0,2,0,1,0,0,2,1,1,0,3,3,1,5,3,1,5,0,1,1,7,3,1,1,0,11,0,2,2,1,1,0,1,0,0,0,0,0,1,2,0,0,0,0,0
Fusre1,6,0,3,7,1,5,5,14,2,1,3,0,1,4,1,4,4,12,0,4,3,1,1,1,14,0,1,0,2,0,59,0,2,1,2,3,4,3,1,1,3,50,0,3,0,0,5,1,9,9,14,0,7,1,4,0,6,10,6,10,33,0,0,3,2,1,0,2,3,1,2,1,1,1,0,1,0,0,0,0,1,3,0,0,5,3,6,0,1,0,0,1,1,1,2,6,0,0,3,27,7,28,3,0,1,0,0,4,12,1,0,0,0,0,9,13,1,5,4,2,1,4,0,0,2,2,0,0,3,2,5,0,2,1,0,3,0,3,1,2,1,1,5,0,0,1,10,2,2,0,1,1,2,1,1,5,1,1,2,3,1,2,8,17,3,2,0,0,3,0,0,4,0,1,0,4,1,0,5,5,3,2,5,0,1,2,1,1,2,0,1,0,1,2,2,1,2,3,1,21,23,1,11,1,8,0,4,2,0,3,1,4,0,1,0,0,8,8,1,3,1,3,1,0,0,1,0,1,0,0,2,1,1,0,3,1,1,4,3,1,6,0,0,1,7,3,1,1,0,8,0,1,2,0,0,0,2,0,0,0,0,0,0,1,0,0,0,0,0
Fusfu1,3,0,3,6,1,4,5,13,2,1,1,0,0,4,2,4,4,13,0,4,1,1,1,1,12,0,1,0,1,0,22,0,2,2,2,3,3,1,2,1,3,24,0,3,0,0,2,1,7,9,11,0,7,1,3,0,5,6,4,9,24,2,0,3,1,1,0,2,3,0,2,2,1,1,0,0,0,0,0,0,1,3,0,0,3,3,4,0,1,0,0,1,0,1,0,7,0,0,3,24,6,18,4,0,1,0,0,3,8,2,0,0,0,2,8,6,1,2,4,2,1,5,0,0,3,1,0,0,2,2,2,0,1,2,0,2,0,3,1,3,1,1,3,0,0,1,10,1,2,0,1,2,3,1,1,2,1,2,2,3,0,2,8,9,2,3,0,0,3,0,0,4,0,2,0,4,1,0,2,2,3,2,4,0,1,2,1,1,0,0,1,0,1,1,1,1,1,3,0,13,23,1,5,0,7,0,5,2,0,3,1,4,0,1,0,0,6,6,1,3,1,3,1,0,0,1,0,1,0,0,2,1,1,0,3,2,1,3,3,1,6,0,0,1,6,2,1,1,2,5,0,1,1,0,0,0,2,0,0,0,0,0,0,0,0,0,0,0,0
Fusve2,5,0,3,7,1,4,5,16,2,1,2,0,1,4,2,5,4,13,0,4,9,1,1,2,16,0,1,0,1,0,34,0,4,1,2,4,4,1,1,1,3,45,0,3,0,0,4,1,9,9,12,0,7,2,4,0,5,9,6,11,29,2,0,3,2,1,0,3,7,1,2,1,1,1,0,0,0,0,0,0,1,4,0,0,4,4,4,0,2,0,0,1,0,2,0,9,0,0,5,33,7,28,3,0,1,0,0,3,9,2,0,0,0,2,8,9,1,3,5,2,2,4,0,1,2,1,0,0,2,1,2,0,1,2,0,2,0,2,1,2,1,1,3,0,0,2,14,1,2,0,1,1,5,1,1,2,1,3,3,5,1,4,11,10,2,7,0,0,2,0,0,5,0,1,0,3,1,0,11,2,3,2,5,0,1,6,2,1,0,0,1,0,1,1,1,1,1,3,1,18,30,3,11,0,9,0,5,2,0,8,1,5,0,2,0,0,5,6,1,5,2,4,1,0,0,1,0,1,0,0,2,1,1,0,4,1,1,5,2,1,7,0,0,1,5,3,1,1,1,6,0,1,2,0,0,0,2,0,0,0,0,0,0,1,0,0,0,0,0
Fusox2,11,0,3,8,1,8,5,17,3,1,5,0,1,4,1,6,4,16,0,4,3,2,1,1,15,0,1,4,1,0,36,0,2,29,3,4,4,3,1,1,2,43,0,3,0,0,7,1,6,9,12,0,8,1,4,0,4,11,6,9,33,2,0,3,1,1,0,2,3,2,2,2,1,1,0,1,0,0,0,0,1,3,0,0,5,3,4,0,1,0,0,1,0,1,0,8,1,0,3,29,7,30,4,0,1,0,0,4,15,2,0,0,1,2,10,16,1,7,3,2,1,4,0,3,2,2,0,0,2,3,8,0,1,2,0,3,0,2,1,2,1,1,2,0,0,1,10,1,3,0,2,1,3,1,1,8,1,2,2,3,1,2,11,18,7,1,0,0,3,0,0,5,0,2,0,4,8,0,3,3,4,2,6,0,0,2,1,1,0,0,1,0,0,1,1,1,1,3,1,23,25,1,9,0,12,0,4,2,0,3,1,4,0,1,0,0,6,6,1,3,1,3,1,0,0,1,0,1,1,0,2,1,1,0,3,2,1,4,3,1,6,0,0,1,4,3,1,1,0,7,0,1,2,0,0,0,2,1,0,0,0,0,0,1,0,0,0,0,0
Fusoxy1,7,0,3,9,1,7,4,14,2,1,4,0,1,4,2,5,3,15,0,4,3,1,1,1,13,0,1,0,1,0,40,0,2,7,5,3,4,3,2,1,3,49,0,3,0,0,3,1,8,11,15,0,7,1,4,0,4,9,6,9,34,2,0,2,3,1,0,2,3,2,2,1,1,1,0,1,0,0,0,0,1,3,0,0,6,3,6,0,1,0,0,1,1,1,1,5,0,0,4,27,6,32,4,0,1,0,0,4,10,2,0,0,0,1,9,10,1,6,4,2,1,4,0,0,2,1,0,0,2,2,7,0,1,3,0,3,0,2,1,2,1,1,3,0,0,1,10,1,3,0,2,2,3,1,1,7,1,2,4,3,1,2,8,19,3,1,0,0,3,0,0,5,0,2,0,4,3,0,3,5,3,2,5,0,1,2,1,0,0,0,1,0,0,1,2,1,2,3,1,20,24,1,6,1,8,0,4,2,0,3,1,4,0,1,0,0,6,6,1,3,1,3,1,0,0,1,0,1,0,0,2,1,1,0,3,2,1,3,3,1,6,0,0,1,6,3,1,1,0,7,0,1,2,0,0,0,1,1,0,0,0,0,0,1,0,0,0,0,0
Fusoxys1,6,0,3,8,1,7,5,15,2,1,4,0,1,4,2,5,4,15,0,4,3,1,1,1,15,0,1,0,1,0,38,0,2,9,5,3,4,3,1,1,3,38,0,3,0,0,4,1,6,10,13,0,12,1,4,0,5,9,7,9,33,2,0,3,2,1,0,2,3,2,2,2,1,1,0,1,0,0,0,0,1,3,0,0,6,3,5,0,1,0,0,1,1,1,1,6,0,0,3,28,6,24,3,0,3,0,0,5,15,2,0,0,1,2,11,11,1,6,5,2,1,4,0,0,2,3,0,0,3,2,8,0,3,3,0,4,0,2,1,2,1,1,4,0,0,1,10,1,3,0,2,1,3,1,1,6,1,2,3,3,1,2,8,17,3,1,0,0,3,0,0,6,0,2,0,4,2,0,3,3,3,2,3,0,1,2,1,1,0,0,1,0,0,1,2,1,1,4,1,23,27,1,7,1,8,0,4,2,0,3,1,4,0,1,0,0,6,7,1,3,1,3,1,0,0,1,0,1,0,0,2,1,1,0,3,2,1,4,3,1,6,0,0,1,7,3,1,1,0,7,0,1,2,0,0,0,2,1,0,0,0,0,0,1,0,0,0,0,0
Fusco1,9,0,3,7,1,4,5,13,2,1,3,0,1,4,1,6,4,14,0,4,3,1,1,1,15,0,1,0,1,0,68,0,2,5,2,3,4,2,2,1,2,50,0,3,0,0,4,1,7,11,12,0,7,1,4,0,5,9,6,9,30,2,0,3,2,1,0,2,3,2,2,1,1,1,0,1,0,0,0,0,1,3,0,0,4,3,5,0,1,0,0,1,0,1,1,5,0,0,3,24,6,25,3,0,2,0,0,4,12,2,0,0,0,2,8,11,1,4,4,2,1,3,0,0,2,1,0,0,2,2,3,0,1,3,0,3,0,2,1,2,1,1,2,0,0,1,10,1,3,0,1,2,6,1,1,4,1,3,2,3,1,2,8,16,2,2,0,0,3,0,0,5,0,2,0,4,4,0,3,2,3,2,4,0,1,2,1,1,0,0,1,0,0,1,2,1,1,3,1,21,23,1,7,0,7,0,4,2,0,3,1,4,0,1,0,0,6,7,1,3,1,3,1,0,0,1,0,1,0,0,2,1,1,0,3,1,1,4,3,1,5,0,0,1,6,3,1,1,0,7,0,1,2,0,0,0,2,1,0,0,0,0,0,1,0,0,0,0,0
Fustri1,5,0,2,4,1,5,5,12,2,0,3,0,1,4,1,4,4,15,0,4,2,1,1,1,14,0,1,0,1,0,52,0,2,1,2,3,3,1,2,1,3,55,0,3,0,0,3,1,9,8,11,0,6,1,3,0,6,9,6,11,25,1,0,3,2,1,0,2,5,1,2,2,1,1,0,1,0,0,0,0,1,2,0,0,4,3,5,0,1,0,0,1,0,1,0,7,0,0,3,26,6,24,3,0,0,0,0,2,9,1,0,0,0,0,9,7,1,4,4,2,1,2,0,0,2,2,0,0,1,2,2,0,2,3,0,2,0,5,1,2,1,1,2,0,0,1,10,1,3,0,1,1,3,2,1,2,1,1,1,3,1,4,7,9,1,1,0,0,3,0,1,4,0,1,0,5,1,0,4,2,3,1,4,0,1,2,1,2,1,0,1,0,1,1,2,1,1,3,1,20,19,1,7,0,6,0,4,1,0,3,1,4,0,1,0,0,5,9,1,3,1,3,1,0,0,1,0,1,0,0,2,1,1,0,3,2,1,3,3,1,5,0,0,2,5,3,0,1,0,8,0,1,2,0,0,0,2,0,0,0,0,0,0,1,0,0,0,0,0
Fustr1,5,0,2,4,1,4,5,13,3,0,3,0,1,4,2,5,4,14,0,4,2,1,2,1,17,0,1,0,1,0,60,0,2,1,4,3,3,1,1,1,3,47,0,3,0,0,5,1,8,8,12,0,6,1,3,0,5,9,7,11,27,1,0,3,2,1,0,2,4,1,2,2,1,1,0,1,0,0,0,0,2,2,0,0,5,3,6,0,1,0,0,1,0,1,0,6,0,0,3,26,6,28,3,0,0,0,0,2,7,1,0,0,0,0,8,6,1,3,3,2,1,2,0,0,2,2,0,0,1,1,2,0,1,3,0,2,0,3,1,2,1,1,2,0,0,1,10,2,4,0,1,1,4,2,1,2,1,2,2,3,1,3,8,8,0,1,0,0,2,0,1,3,0,1,0,5,2,0,5,2,3,1,3,0,1,2,1,3,2,0,1,0,1,2,2,1,1,3,1,18,17,1,8,0,7,0,4,1,0,3,1,4,0,1,1,0,5,8,1,3,1,3,1,0,0,1,0,1,0,0,2,1,1,1,3,2,1,3,3,1,6,0,0,2,5,3,1,1,0,8,0,1,2,0,0,0,2,0,0,0,0,0,0,1,0,0,0,0,0
Fuseq1,6,0,2,4,2,4,5,11,3,0,1,0,1,4,1,5,4,13,0,4,2,1,1,1,13,0,1,0,0,0,38,0,2,6,2,3,3,1,1,1,3,43,0,3,0,0,5,1,5,9,13,0,7,1,4,0,5,10,4,11,24,1,0,2,2,1,0,2,2,1,2,0,1,0,0,0,0,0,0,0,1,2,0,0,5,3,5,0,1,0,0,1,0,1,0,6,0,0,3,24,6,25,4,0,0,0,0,2,5,1,0,0,0,0,8,6,1,4,3,2,1,2,0,0,2,2,0,0,1,1,4,0,1,3,0,2,0,2,1,1,1,1,2,0,0,1,9,0,2,0,1,1,2,2,1,2,1,1,0,3,1,1,8,9,1,1,0,0,2,0,0,2,0,1,0,3,1,0,4,2,3,1,3,0,1,2,1,1,1,0,1,0,1,0,2,1,1,3,0,16,18,1,11,0,6,0,4,1,0,3,1,4,0,1,0,0,5,7,1,3,1,3,1,0,0,1,0,1,0,0,2,1,1,0,3,2,1,4,4,1,6,0,0,1,7,2,1,1,0,8,0,1,2,0,0,0,1,0,0,0,0,0,0,1,0,0,0,0,0
Fusven1,6,0,2,5,1,4,6,11,2,0,1,0,1,4,1,5,4,14,0,4,2,1,1,1,15,0,1,0,1,0,44,0,2,2,6,3,3,0,1,1,3,23,0,3,0,0,4,1,6,9,13,0,7,1,4,0,3,10,5,13,23,0,0,2,3,1,0,2,2,1,2,2,1,0,0,1,0,0,0,0,1,2,0,0,5,3,7,0,1,0,0,1,0,1,0,5,0,0,3,23,6,22,3,0,0,0,0,2,7,1,0,0,0,0,9,4,1,4,3,2,1,2,0,1,2,2,0,0,1,0,4,0,1,2,0,2,0,2,1,1,1,1,2,0,0,1,10,0,2,0,1,1,4,1,1,2,1,1,1,3,1,2,7,8,1,1,0,0,2,0,1,2,0,1,0,4,0,0,2,3,3,1,4,0,1,2,1,0,0,0,1,0,1,1,2,1,1,3,0,15,19,1,5,0,6,0,4,1,0,3,1,4,0,1,0,0,5,4,1,2,1,3,1,0,0,1,0,1,1,0,2,1,1,0,3,2,1,3,4,1,6,0,0,1,7,3,1,1,0,8,0,1,2,0,0,0,1,0,0,0,0,0,1,1,0,0,0,0,0
Fusgr1,7,0,2,5,1,3,5,10,2,0,1,0,1,4,1,5,4,13,0,4,2,1,1,1,12,0,1,0,2,0,26,0,2,2,1,3,3,0,1,1,2,20,0,3,0,0,4,1,5,7,12,0,6,1,3,0,3,7,3,10,21,0,0,2,2,1,0,2,2,1,2,1,1,0,0,0,0,0,0,0,1,2,0,0,5,3,4,0,1,0,0,1,0,1,0,5,0,0,3,24,6,20,3,0,0,0,0,2,6,1,0,0,0,0,8,5,1,3,3,2,1,2,0,1,2,1,0,0,1,0,2,0,1,1,0,2,0,1,1,1,1,1,2,0,0,1,10,0,2,0,1,1,3,1,1,2,0,1,0,3,1,1,7,7,1,1,0,0,1,0,0,2,0,2,0,3,1,0,2,2,3,1,4,0,1,2,1,0,0,0,1,0,1,1,1,1,1,2,1,16,19,1,5,0,6,0,5,2,0,3,1,4,0,1,0,0,5,5,1,2,1,3,1,0,0,1,0,1,0,0,2,1,1,0,3,2,1,1,4,1,6,0,0,0,4,3,1,1,0,7,0,1,2,0,0,0,1,0,0,0,0,0,1,1,0,0,0,0,0
Pensub1,5,0,3,3,0,2,1,24,2,0,3,0,0,1,1,2,0,8,0,3,0,1,1,1,21,0,2,0,2,2,5,0,5,1,5,2,3,5,3,3,4,17,0,2,0,3,3,1,2,4,7,0,10,3,2,0,4,7,6,11,25,0,1,5,2,2,0,1,1,0,2,4,1,1,0,1,0,0,0,0,2,4,0,0,3,7,8,1,5,0,2,1,4,1,0,9,0,0,5,15,5,26,2,1,1,1,0,7,22,4,0,1,1,3,10,11,2,6,7,1,2,4,0,0,1,0,5,0,0,3,5,0,1,0,0,2,0,1,2,3,0,0,7,0,0,1,9,4,6,0,1,4,11,4,1,1,1,4,5,6,0,2,8,11,9,2,1,0,2,2,7,3,0,2,0,3,1,0,2,3,1,1,6,2,1,2,1,1,2,0,0,0,2,0,0,0,0,3,1,8,16,1,7,3,6,0,3,0,0,5,1,4,0,1,4,0,8,8,1,3,1,3,1,0,0,1,0,1,0,0,2,1,1,0,3,0,1,4,4,1,4,0,1,0,4,1,0,0,0,0,0,1,1,1,0,0,0,0,0,0,0,0,0,1,0,0,1,0,0
Aspoch1,5,0,3,1,0,1,2,9,1,0,0,0,0,0,1,1,1,6,0,2,0,0,0,1,9,0,0,0,0,1,12,0,2,1,4,1,0,0,1,3,3,11,0,1,0,0,0,0,2,3,5,0,7,1,0,0,2,4,4,6,10,0,0,2,1,2,0,1,0,1,0,0,0,0,0,0,0,0,0,0,1,4,0,0,2,3,1,0,6,0,1,1,2,1,0,2,0,0,2,12,5,12,1,0,0,2,0,0,8,0,0,1,0,0,6,1,0,2,2,1,1,0,0,1,1,0,4,0,1,1,0,0,0,0,0,0,0,1,0,1,0,1,0,0,0,3,5,0,4,0,1,1,3,0,1,0,1,1,6,6,1,3,4,3,1,1,0,0,0,1,6,2,0,2,0,1,0,0,1,0,1,0,1,1,1,2,1,0,3,0,0,0,0,0,0,0,0,1,0,7,12,1,7,2,3,0,3,0,0,3,1,4,0,1,1,0,7,7,1,4,1,3,1,0,0,1,0,1,0,0,2,1,1,0,3,0,1,2,2,1,3,0,1,0,3,1,0,0,0,2,0,0,1,1,0,0,1,0,0,0,0,0,0,0,0,0,0,0,0
Aspnov1,3,0,2,1,0,3,2,12,0,0,1,0,0,2,1,1,2,8,0,3,0,2,2,1,17,0,0,0,1,2,17,0,5,1,21,3,3,3,1,4,2,33,0,1,0,0,3,0,0,3,6,0,7,1,3,1,5,5,5,6,18,0,1,5,1,2,0,1,1,1,3,1,0,1,0,0,0,0,0,0,2,5,0,0,4,4,3,0,5,0,1,1,3,1,0,5,0,0,5,16,5,22,2,1,0,3,0,5,16,0,0,1,0,1,8,6,1,5,3,1,1,1,0,1,0,0,6,0,0,2,2,0,1,0,0,2,0,1,1,3,0,1,2,0,0,2,5,0,2,0,1,1,11,4,1,0,1,1,11,7,2,4,7,7,0,1,0,0,2,1,6,3,0,2,0,3,2,0,1,1,1,1,1,0,2,2,1,1,4,0,0,0,0,0,0,0,0,2,1,11,17,1,8,3,3,0,3,0,0,7,1,4,0,1,1,0,8,10,1,3,1,3,1,0,0,1,0,1,0,0,2,1,1,1,3,0,1,3,4,2,4,0,0,1,7,1,0,0,0,4,0,1,1,1,1,0,1,0,0,0,0,0,1,1,0,0,0,0,0
Asptaic1,3,0,0,3,0,2,0,10,1,0,2,0,0,3,1,1,0,5,0,2,0,1,0,1,5,0,1,0,0,1,9,0,1,1,2,5,0,0,0,3,3,13,0,0,0,0,2,0,2,3,3,0,0,1,1,0,2,3,1,5,10,0,1,2,2,2,1,1,0,0,1,0,0,1,0,0,1,0,0,0,2,3,0,0,2,2,2,0,1,0,1,1,1,1,0,1,0,0,2,11,5,12,2,0,0,2,0,1,2,0,0,0,0,0,5,1,0,1,2,1,1,0,0,0,1,0,4,0,0,1,1,0,0,0,0,0,0,1,1,3,0,1,1,0,0,0,7,0,3,0,1,0,2,1,1,0,2,0,6,6,0,2,9,1,1,1,0,0,0,0,5,1,0,0,0,2,0,0,2,1,1,0,1,0,1,2,1,2,2,0,0,0,0,0,0,1,0,1,0,8,14,1,5,1,4,0,3,0,0,6,1,4,0,1,4,0,6,7,1,3,1,3,1,0,0,1,0,1,0,0,2,1,1,0,3,0,1,1,5,1,3,0,0,1,3,1,0,0,0,2,0,1,0,0,0,0,1,0,0,0,0,0,1,0,0,0,0,0,0
Aspcam1,3,0,0,3,0,2,0,11,1,0,2,0,0,3,1,2,0,5,0,2,0,1,0,1,6,0,1,0,0,1,11,0,1,1,2,4,0,0,0,2,3,16,0,0,0,0,3,0,2,3,3,0,0,1,1,0,2,3,1,5,12,0,1,3,2,2,1,1,0,0,1,0,0,1,0,0,1,0,0,0,2,3,0,0,2,2,2,0,1,0,1,1,1,1,0,1,0,0,2,11,5,15,2,0,0,2,0,1,2,0,0,0,0,0,5,1,0,1,2,1,1,0,0,0,1,0,4,0,0,1,1,0,0,0,0,0,0,1,1,2,0,1,1,0,0,0,7,0,3,0,1,0,2,1,1,0,2,0,6,5,0,2,9,1,1,1,0,0,0,0,5,1,0,0,0,2,0,0,2,1,1,0,1,0,1,2,1,2,2,0,0,0,0,0,0,1,0,1,0,8,15,1,5,1,4,0,3,0,0,6,1,4,0,1,3,0,6,7,1,3,1,3,1,0,0,1,0,1,0,0,2,1,1,0,3,0,1,1,5,1,3,0,0,1,3,1,0,0,0,2,0,1,0,0,0,0,1,0,0,0,0,0,1,0,0,0,0,0,0
Mycfi2,3,0,1,7,2,0,2,10,2,0,2,0,1,0,2,0,1,3,0,5,1,0,0,1,1,0,0,0,1,1,3,0,3,2,0,1,2,0,1,2,3,9,0,1,0,0,1,0,2,2,7,0,3,2,2,0,2,2,4,7,16,0,0,1,1,3,0,1,0,1,0,1,1,0,0,0,1,0,0,0,0,1,0,0,1,0,2,1,3,0,2,1,2,1,0,4,0,0,2,17,7,11,2,0,0,1,0,1,5,1,0,1,0,0,10,4,1,3,3,2,1,0,1,0,1,0,1,0,0,0,1,0,0,1,0,2,0,2,1,5,0,1,0,1,0,0,11,0,3,0,2,1,4,1,1,4,1,1,2,7,0,0,7,7,4,1,0,0,0,1,7,1,0,1,0,3,0,0,0,3,3,1,4,0,1,1,1,0,0,0,0,0,0,1,0,0,1,1,1,5,18,1,4,2,11,0,4,1,0,3,1,4,0,1,4,0,7,6,1,4,1,3,1,0,0,1,0,1,0,0,3,1,1,0,3,0,1,2,0,1,5,0,0,0,1,1,0,0,0,1,0,1,1,0,0,0,0,0,0,0,0,0,0,1,0,0,0,0,0
Bauco1,1,0,1,6,0,0,0,9,2,0,1,1,1,0,1,0,0,1,0,4,1,0,0,0,4,0,0,0,0,0,4,0,1,2,0,1,0,0,0,1,3,1,0,0,0,0,1,0,0,5,3,0,1,2,0,1,1,2,3,5,9,1,0,2,1,6,0,1,0,1,2,0,1,0,0,0,1,0,0,0,1,2,0,1,4,2,1,0,2,0,1,1,1,1,0,2,0,0,1,15,5,4,1,0,0,0,0,1,6,0,0,1,0,2,6,2,0,3,2,1,1,0,0,0,1,0,0,0,0,0,1,0,0,0,0,0,0,0,0,2,0,0,0,1,0,1,9,0,3,0,0,0,3,1,1,3,1,1,1,4,0,0,6,3,1,1,0,0,0,1,3,2,0,0,1,0,0,0,0,1,2,0,4,0,0,1,1,0,0,0,0,0,0,1,0,0,1,1,0,8,15,1,5,1,7,0,3,1,0,3,1,4,0,1,0,0,6,3,1,3,1,3,1,0,0,1,0,1,0,0,2,1,1,0,4,0,1,1,3,1,4,0,0,0,0,0,0,0,0,0,0,0,0,0,0,0,0,0,0,0,0,0,0,0,0,0,0,0,0
Dipse1,4,0,2,11,3,3,4,18,1,1,3,1,2,0,1,3,2,12,0,5,0,0,0,1,6,0,0,0,0,0,12,0,1,1,0,1,2,0,0,2,3,7,0,2,0,0,1,0,0,4,6,0,9,2,4,1,2,5,4,4,22,0,1,4,1,4,1,1,1,0,1,1,0,0,0,0,1,0,0,0,1,2,0,0,2,2,4,0,2,0,2,1,1,1,0,2,0,0,2,22,7,13,3,0,0,0,0,4,10,1,0,0,0,0,10,4,0,4,1,2,1,0,0,0,1,0,1,0,0,1,2,0,2,0,0,3,0,4,1,4,0,0,1,0,0,2,10,1,4,0,3,0,4,1,1,1,0,0,10,5,0,0,8,4,4,1,0,0,1,0,5,1,0,1,0,4,3,0,0,2,2,0,2,0,3,1,1,0,1,0,0,2,0,0,1,1,0,1,0,7,15,1,4,1,5,0,3,0,0,4,1,3,0,1,5,0,2,3,1,5,1,3,1,0,0,1,0,1,0,0,2,1,1,0,3,0,1,2,0,0,4,0,1,1,4,2,0,0,0,8,0,2,1,2,0,0,1,0,0,0,0,0,0,1,0,0,0,0,0
Macpha1,11,0,5,16,3,7,4,30,1,0,4,1,2,0,1,5,2,13,0,13,0,0,1,1,9,0,0,0,0,0,21,0,1,1,0,1,3,0,0,4,3,11,3,3,0,0,3,0,0,6,14,0,9,2,4,1,3,6,6,5,21,1,1,4,1,4,1,1,2,0,1,1,0,0,0,1,1,0,0,0,1,2,0,0,5,1,3,0,2,0,2,1,1,1,0,2,0,0,2,22,8,12,3,1,0,0,0,6,12,3,0,0,0,1,11,6,1,6,1,2,1,2,0,0,1,0,2,0,0,1,4,0,2,0,0,4,0,4,1,4,0,0,2,0,0,3,10,0,3,0,5,0,4,1,1,1,1,0,11,7,0,1,9,9,10,3,0,0,1,0,6,2,0,2,0,4,1,0,0,2,3,1,2,0,3,1,1,0,1,0,0,0,0,0,1,1,1,1,0,15,20,1,5,2,6,0,3,0,0,3,1,4,0,1,9,0,6,6,1,5,1,3,1,0,0,2,0,1,0,0,2,1,1,0,3,0,1,2,0,1,3,0,1,1,5,2,0,0,0,11,0,2,1,2,0,0,1,0,0,0,0,0,0,1,0,0,0,0,0
Macph1,8,0,3,14,3,7,4,30,1,0,4,1,2,0,0,4,2,12,0,8,0,0,1,1,6,0,0,0,0,0,20,0,1,1,0,2,3,0,0,2,3,8,1,3,0,0,3,0,0,6,11,0,9,2,3,1,3,6,6,5,20,1,1,4,1,3,1,1,2,0,1,1,0,0,0,1,1,0,0,0,1,3,0,0,5,1,3,0,2,0,2,1,1,1,0,2,0,1,2,22,8,11,3,1,0,0,0,5,9,3,0,0,0,0,11,5,1,4,1,2,1,2,0,0,1,0,2,0,0,1,4,0,2,0,0,3,0,4,1,4,0,0,2,0,0,2,11,0,3,0,3,0,4,1,1,1,1,0,15,6,0,1,9,9,8,3,0,0,0,0,6,2,0,2,0,4,1,0,0,2,3,1,2,0,4,1,1,0,1,0,0,0,0,0,1,1,1,1,0,14,19,1,6,2,6,0,3,0,0,3,1,4,0,1,9,0,6,4,1,4,1,3,1,0,0,2,0,1,0,0,2,1,1,0,3,0,1,2,0,1,3,0,1,1,5,2,0,0,0,9,0,2,1,3,0,0,1,0,0,0,0,0,0,1,0,0,0,0,0
Cenge3,3,0,1,9,1,1,2,14,1,0,1,3,1,0,1,2,0,5,0,5,1,0,1,1,3,0,0,1,1,0,19,0,0,1,0,1,1,0,0,2,3,15,1,1,0,0,0,0,2,3,0,0,2,2,1,0,2,3,2,3,10,1,1,2,1,3,0,1,0,0,1,0,0,0,0,0,1,0,0,0,1,2,0,0,1,0,3,2,2,0,2,1,3,1,0,2,0,0,2,16,6,9,2,1,0,1,0,2,7,1,0,0,0,0,7,1,0,1,1,1,1,0,0,1,0,0,2,0,0,0,0,0,0,0,1,0,0,0,0,1,0,0,0,0,0,2,9,0,2,0,1,0,6,0,1,0,1,0,2,6,0,1,5,1,4,2,0,1,0,0,3,1,0,1,0,0,1,0,0,1,2,0,3,0,2,1,1,0,0,0,0,0,0,0,1,0,1,1,0,5,16,1,6,3,8,0,3,0,0,3,1,4,0,1,4,0,2,3,1,4,1,3,1,0,0,1,0,1,0,0,2,1,1,0,3,0,1,5,1,1,3,0,0,0,0,0,0,0,1,0,0,0,0,0,0,0,0,0,0,0,0,0,0,0,0,0,0,0,0
Denna1,3,0,2,8,3,8,4,24,3,0,4,1,1,1,1,5,8,53,0,5,5,1,1,3,12,0,0,0,2,0,31,0,3,2,2,2,4,1,0,4,3,17,0,1,0,0,7,0,3,7,8,0,2,2,3,3,4,4,4,11,16,2,2,4,3,4,1,1,1,2,1,1,0,0,0,0,1,0,0,0,2,4,0,0,6,3,2,1,1,0,1,1,0,1,0,3,1,0,3,18,8,14,3,0,0,0,1,6,9,0,0,0,0,2,11,4,0,2,2,3,1,0,0,0,1,0,2,0,1,1,2,0,1,0,0,2,0,3,0,0,0,0,2,0,0,3,10,0,3,0,1,0,4,1,2,1,1,1,2,10,0,1,8,5,2,2,0,1,5,0,3,3,1,0,0,2,0,0,5,3,3,0,5,0,3,1,1,0,6,0,0,0,0,0,1,1,1,5,0,10,14,1,6,0,11,0,3,0,0,3,1,4,0,1,6,0,6,5,1,5,1,3,1,0,0,1,0,1,0,0,2,1,1,0,3,0,1,4,1,1,4,0,2,1,2,1,0,1,0,6,0,3,1,1,1,0,1,0,0,0,0,0,1,1,0,0,0,0,0
Corca1,7,0,2,10,7,9,4,34,4,0,3,1,2,4,1,1,7,37,0,7,5,1,1,4,10,0,0,0,4,0,26,0,3,1,0,1,5,0,1,3,3,11,0,1,0,0,6,0,3,9,9,0,5,2,4,3,5,4,4,13,28,4,1,2,2,4,1,1,1,3,1,1,0,0,0,0,1,0,0,0,2,6,0,0,5,4,2,0,2,0,2,1,0,1,0,3,0,0,2,21,7,14,4,0,1,0,1,5,14,2,0,0,0,2,11,2,1,7,2,3,1,1,0,0,1,0,4,0,2,3,7,0,2,1,0,3,0,3,1,0,0,1,1,0,0,2,11,0,4,0,2,1,4,1,2,1,0,1,3,8,0,0,8,9,5,2,0,1,3,1,6,3,1,2,0,4,1,0,4,3,3,0,6,0,4,1,1,1,4,0,0,0,0,0,1,2,1,3,1,11,20,1,5,0,9,0,3,0,0,3,1,4,0,1,6,0,6,6,1,5,1,3,1,0,0,1,0,1,0,0,2,1,1,0,3,0,1,3,0,1,4,0,3,2,9,2,1,1,0,14,1,1,1,2,1,0,2,1,0,0,0,0,0,1,1,0,0,0,0
Perma1,5,0,3,12,6,12,4,36,4,0,1,1,1,2,1,6,8,43,0,5,4,0,1,3,19,0,1,0,2,0,48,0,2,1,4,0,4,0,1,2,4,26,0,1,1,0,14,1,6,8,13,0,1,2,2,1,2,4,4,12,22,1,1,3,1,4,1,1,1,2,1,0,0,0,0,0,0,0,0,0,5,5,0,0,6,10,4,0,2,0,1,1,2,1,0,4,0,0,4,19,6,23,5,0,1,0,2,11,7,3,0,0,0,1,10,4,0,2,3,2,1,1,0,0,1,0,3,0,1,0,2,0,1,1,0,2,0,2,1,3,0,2,2,0,0,2,10,0,2,0,1,2,2,3,2,1,0,0,3,6,0,1,9,3,3,2,0,1,1,1,8,5,1,2,0,5,1,0,5,2,3,0,5,0,5,1,1,0,4,0,1,0,1,0,1,2,1,2,0,10,24,1,7,2,13,0,3,1,0,3,1,4,0,1,4,0,4,4,1,5,1,3,1,0,0,1,0,1,0,0,2,1,1,0,3,0,1,3,0,1,4,0,0,0,1,1,1,1,0,1,0,1,1,0,1,0,0,0,0,0,0,0,0,1,0,0,1,0,0
Boeex1,2,0,4,3,8,6,5,22,2,0,1,1,1,2,1,3,3,23,0,5,1,1,0,2,8,0,0,0,1,0,43,0,3,1,3,1,6,1,1,2,3,28,0,1,0,0,3,1,1,7,11,0,5,2,5,0,2,4,5,7,18,1,1,2,3,4,0,1,1,3,2,5,0,0,0,1,1,0,0,0,3,3,0,0,4,2,2,0,1,0,2,1,0,1,0,4,0,0,3,16,8,17,3,0,0,0,1,5,15,1,0,0,0,0,10,3,0,7,2,2,1,0,0,0,1,1,2,0,1,1,5,0,2,1,0,2,0,4,1,0,0,1,2,0,0,2,11,0,3,0,2,1,5,1,2,1,1,0,3,7,0,0,9,10,2,2,0,1,3,0,4,4,1,2,0,5,0,0,1,2,3,2,5,0,3,1,1,1,4,0,0,0,0,1,1,1,1,3,0,14,17,1,6,0,8,0,4,1,0,3,1,4,0,1,2,0,6,5,1,5,1,3,1,0,0,1,0,1,0,1,2,1,1,0,3,0,1,4,2,1,2,0,0,2,6,4,1,1,0,15,0,2,1,2,1,0,2,1,0,0,0,0,0,1,0,0,0,0,0
Parchr1,4,0,1,7,3,5,6,25,2,0,5,2,0,4,1,3,7,44,0,5,4,1,1,2,13,0,0,0,3,0,69,0,3,1,6,3,5,0,1,2,3,34,0,1,0,0,5,1,4,10,11,1,8,2,4,2,2,4,5,11,16,2,1,3,3,4,0,1,0,3,1,2,0,0,0,0,1,0,0,0,4,4,0,0,5,5,3,1,1,0,2,1,0,1,0,4,0,0,3,19,8,24,5,0,1,0,1,4,14,1,0,0,0,2,9,5,2,7,3,2,1,1,0,0,1,0,3,0,1,2,2,0,1,1,0,2,0,3,0,0,0,1,1,0,0,3,10,0,2,0,1,1,6,2,2,1,1,1,4,6,0,0,6,8,3,2,0,1,3,0,4,3,1,1,0,4,0,0,2,4,3,1,5,0,5,1,1,1,6,0,0,0,0,0,1,0,1,3,0,11,22,1,7,0,8,0,4,0,0,3,1,4,0,1,3,0,6,3,1,6,1,3,1,0,0,1,0,1,0,1,2,1,1,0,3,0,1,1,1,1,3,0,1,2,3,2,1,1,0,9,0,2,2,2,1,0,1,1,0,0,0,0,0,1,0,0,0,0,0
Parch1,4,0,1,7,3,5,6,24,2,0,5,2,0,4,3,3,8,45,0,9,4,1,1,2,12,0,0,0,2,0,79,0,3,1,5,4,5,0,1,2,3,36,0,1,0,0,5,1,4,10,11,0,8,2,4,2,2,4,6,11,16,2,1,4,3,4,0,1,0,3,1,3,0,0,0,0,1,0,0,0,4,4,0,0,5,5,3,1,1,0,2,1,0,1,0,4,0,0,3,19,8,17,5,0,1,0,1,4,13,1,0,0,0,2,9,6,2,7,2,2,1,1,0,0,1,0,3,0,1,2,2,0,1,1,0,2,0,3,0,0,0,1,2,0,0,3,10,0,2,0,1,1,5,2,2,1,1,1,4,6,0,0,6,9,3,2,0,1,3,0,4,3,1,2,0,4,0,0,2,4,3,1,5,0,5,1,1,1,6,0,0,0,0,1,1,0,1,3,0,11,21,1,8,0,9,0,4,0,0,3,1,4,0,1,4,0,5,4,1,6,1,3,1,0,0,1,0,1,0,1,2,1,1,0,3,0,1,1,1,1,3,0,1,2,3,2,1,1,0,10,0,2,2,2,1,0,1,1,0,0,0,0,0,1,0,0,0,0,0
Phapo1,2,0,1,6,4,5,5,24,3,0,2,3,0,3,1,3,7,37,0,5,3,1,1,2,16,0,1,0,1,0,42,0,4,1,0,1,3,0,1,2,4,21,0,1,0,0,9,1,4,11,14,0,2,2,3,1,2,4,3,8,21,1,1,3,2,4,0,1,0,3,1,0,0,0,0,0,1,0,0,0,5,4,0,0,7,8,3,0,1,0,1,1,1,1,0,3,0,0,4,17,7,13,4,0,1,0,0,4,6,0,0,0,0,2,10,3,0,5,2,3,1,1,0,0,2,0,1,0,1,1,3,0,1,1,0,2,0,2,1,0,0,1,1,0,0,3,9,0,2,0,1,1,3,3,1,1,1,1,2,7,0,0,6,4,3,2,0,1,1,0,5,3,1,1,0,3,0,0,2,3,3,0,5,0,5,1,1,0,4,0,1,0,1,1,1,1,1,2,0,10,16,1,5,1,8,0,3,0,0,3,1,4,0,1,5,0,5,4,1,7,1,3,1,0,0,1,0,1,0,1,2,1,1,0,3,0,1,1,1,1,4,0,0,1,1,0,1,1,0,2,0,1,1,1,1,0,0,0,0,0,0,0,1,1,0,0,1,0,0
Stano2,4,0,2,3,3,4,5,22,3,0,1,1,1,1,1,3,5,28,0,4,3,1,1,2,10,0,1,0,0,0,29,0,3,1,0,0,3,0,1,1,3,8,0,1,0,0,8,1,3,10,10,0,6,2,3,1,2,5,2,10,15,2,1,4,2,4,0,1,1,3,1,0,0,0,0,1,1,0,0,0,4,5,0,0,7,7,3,0,1,0,1,1,0,1,0,3,0,0,3,15,7,14,3,0,0,0,0,3,4,0,0,0,0,2,10,4,0,4,2,2,1,1,0,0,2,0,1,0,1,0,2,0,0,1,0,2,0,2,1,0,0,1,1,0,0,2,9,0,2,0,1,1,3,3,2,1,1,1,1,7,0,1,6,4,2,1,0,1,1,0,7,2,1,2,0,3,0,0,1,1,3,0,4,0,5,1,1,0,4,0,1,0,1,1,1,1,1,2,0,9,12,1,5,0,8,0,3,0,0,3,1,4,0,1,4,0,6,5,1,5,1,3,1,0,0,1,0,1,0,1,2,1,1,0,2,0,1,3,1,1,2,0,0,1,1,0,1,1,0,2,0,2,1,1,0,0,0,0,0,0,0,0,0,0,0,0,0,0,0
Pyrsp1,2,0,1,5,3,6,6,24,2,0,6,1,0,4,1,2,9,39,0,9,5,1,1,2,16,0,0,0,2,0,88,0,3,1,0,2,4,1,1,2,3,30,0,1,0,0,7,0,4,10,14,0,7,2,2,3,4,5,6,12,21,1,1,3,3,4,1,1,0,3,1,1,0,0,0,0,1,0,0,0,4,5,0,0,6,6,1,0,2,0,2,1,0,1,0,3,0,0,3,17,8,15,4,0,1,1,1,4,10,0,0,0,0,2,10,4,0,6,2,2,1,1,0,0,1,0,2,0,1,3,5,0,1,1,0,2,0,3,0,0,0,1,1,0,0,4,12,0,3,0,2,1,5,2,2,1,1,1,1,7,0,0,7,13,4,3,0,1,3,0,3,3,1,0,0,5,1,0,2,4,3,2,5,0,4,1,1,0,3,0,0,0,0,1,1,0,1,3,0,10,15,1,5,0,7,0,3,0,0,3,1,4,0,1,3,0,6,3,1,6,1,3,1,0,0,1,0,1,0,1,2,1,1,0,3,0,1,2,1,1,3,0,0,1,3,2,1,1,0,6,0,3,2,2,0,0,2,1,0,0,0,0,0,1,0,0,1,0,0
Pyrly1,3,0,1,7,7,6,5,22,2,0,3,1,0,4,1,3,9,38,0,9,5,1,1,1,11,0,0,0,1,0,63,0,3,1,0,2,6,1,1,2,3,17,0,1,0,0,7,1,6,8,11,0,3,2,5,2,4,5,5,11,17,1,1,3,3,4,0,1,0,3,1,2,0,0,0,0,1,0,0,0,4,5,0,0,5,3,4,1,2,0,2,1,0,1,0,3,0,0,3,16,7,16,3,0,1,0,1,5,11,2,0,0,0,2,11,3,0,7,3,2,1,4,0,0,1,0,3,0,1,1,3,0,1,1,0,3,0,3,1,0,0,1,2,0,0,2,11,0,2,0,1,1,4,2,2,1,1,0,1,7,0,0,7,11,4,2,0,1,3,0,4,4,1,2,0,4,0,0,2,2,3,1,5,0,5,1,1,1,3,0,0,0,1,1,1,2,1,3,0,11,15,1,5,0,7,0,4,0,0,3,1,4,0,1,2,0,6,5,1,6,1,3,1,0,0,1,0,1,0,0,2,1,1,0,3,0,1,2,1,1,4,0,0,2,2,3,1,1,0,11,0,2,2,2,0,0,1,1,0,0,0,0,0,1,0,0,0,0,0
Lepmu1,1,0,1,4,4,2,2,15,2,0,1,2,0,3,0,2,5,23,0,6,3,1,0,1,5,0,0,0,1,0,35,0,3,1,0,2,3,0,0,2,2,9,0,1,0,0,3,1,2,7,8,0,3,2,3,2,2,4,3,7,13,1,1,1,3,4,0,1,0,4,0,0,0,0,0,0,1,0,0,0,3,3,0,0,3,2,3,0,1,0,1,1,0,1,0,3,0,0,3,18,8,10,2,0,0,0,1,4,7,1,0,0,0,2,8,2,0,4,2,2,1,1,0,0,1,0,1,0,1,0,1,0,1,1,0,1,0,3,0,0,0,1,0,0,0,2,8,0,3,0,1,0,3,1,3,1,1,1,1,6,0,0,6,1,1,2,0,1,1,0,6,2,1,1,0,3,0,0,2,2,4,0,3,0,3,1,1,1,3,0,0,0,1,0,1,1,1,2,0,7,16,1,6,0,9,0,3,0,0,3,1,4,0,1,3,0,7,5,1,7,1,3,1,0,0,1,0,1,0,1,2,1,1,0,3,0,1,2,2,1,4,0,0,2,3,2,1,1,0,6,0,1,2,1,0,0,0,0,0,0,0,0,0,1,0,0,0,0,0
Pyrtr1,3,0,2,5,4,2,3,20,2,0,1,2,0,3,1,3,5,25,0,5,2,1,0,2,10,0,1,0,1,0,19,0,2,1,0,1,3,0,1,2,3,7,0,1,0,0,2,1,3,9,11,0,2,2,3,1,2,5,3,7,12,2,1,1,2,4,0,1,1,1,0,0,0,0,0,0,1,0,0,0,3,3,0,0,4,4,2,0,1,0,1,1,0,1,0,3,0,0,2,15,7,11,3,0,0,0,0,4,6,0,0,0,1,1,8,3,0,4,2,2,1,0,0,0,2,0,2,0,1,0,2,0,1,1,0,2,0,2,1,0,0,1,1,0,0,3,12,0,2,0,1,1,4,2,2,1,1,1,0,6,0,0,6,4,3,2,0,1,1,0,5,2,1,2,0,3,0,0,2,1,4,0,5,0,6,1,1,0,2,0,0,0,1,1,1,0,1,1,0,6,19,1,6,0,8,0,3,0,0,3,1,4,0,1,2,0,6,5,1,7,1,3,1,0,0,1,0,1,0,1,3,1,1,0,3,0,1,4,1,1,4,0,0,1,2,0,0,0,0,3,0,2,1,1,0,0,0,0,0,0,0,0,0,0,0,0,0,0,0
Altro1,2,0,2,6,4,4,3,25,2,0,1,1,1,3,1,6,6,33,0,4,3,1,0,2,17,0,0,0,1,0,42,0,2,1,0,2,4,0,1,2,3,24,0,1,0,0,5,1,5,11,15,0,7,2,4,2,2,6,3,6,17,3,1,2,3,4,0,1,1,2,0,1,0,0,0,0,1,0,0,0,3,4,0,0,5,5,4,0,1,0,1,1,1,1,0,3,0,0,2,17,8,15,3,0,0,0,0,4,6,0,0,0,1,4,8,3,0,4,2,2,1,0,0,0,1,0,3,0,1,1,3,0,1,1,0,2,0,3,0,0,0,1,1,0,0,3,11,0,2,0,1,1,5,2,2,1,1,1,1,6,0,0,9,6,3,2,0,1,1,0,5,2,1,2,0,3,0,0,1,2,3,0,5,0,4,1,1,0,2,0,0,0,0,1,1,0,1,2,0,10,17,1,5,1,7,0,4,0,0,3,1,4,0,1,2,0,8,5,1,5,1,3,1,0,0,1,0,1,0,1,2,1,1,0,3,0,1,3,1,1,3,0,1,1,3,2,0,1,0,6,0,2,1,1,0,0,1,0,0,0,0,0,0,1,0,0,0,0,0
Altbr1,2,0,2,2,5,2,3,15,2,0,1,2,0,2,2,3,5,23,0,5,3,1,0,1,9,0,0,0,1,0,25,0,2,1,2,0,5,0,1,2,3,11,0,1,0,0,2,1,5,6,9,0,7,2,4,2,2,3,4,7,14,2,1,2,3,4,0,0,1,2,0,1,0,0,0,0,1,0,0,1,3,5,0,0,5,4,2,0,1,0,1,1,0,1,0,4,0,0,2,17,9,10,3,0,0,0,1,7,7,1,0,0,1,1,8,2,0,5,2,2,1,0,0,1,1,1,3,0,1,1,1,0,1,1,0,2,0,4,0,0,0,1,1,0,0,3,9,0,2,0,1,1,4,2,2,1,1,1,0,6,0,0,8,1,2,2,0,1,1,0,4,1,1,1,0,3,0,0,2,2,2,0,5,0,2,1,1,0,2,0,0,0,0,1,1,0,1,2,0,8,15,2,5,0,6,0,3,0,0,3,1,4,0,1,4,0,5,7,1,5,1,3,1,0,0,0,0,1,0,1,3,1,1,0,3,0,1,3,1,0,3,0,1,1,3,2,0,2,0,11,0,1,1,1,0,0,1,0,0,0,0,0,0,1,0,0,0,0,0
Altalt1,2,0,2,5,4,6,3,27,2,0,2,1,1,3,1,6,5,32,0,5,3,1,0,2,15,0,0,0,1,0,42,0,2,1,0,2,5,0,1,2,3,25,0,1,0,0,4,1,5,11,14,0,7,2,4,2,2,5,3,9,17,3,1,2,3,4,0,1,1,2,0,3,0,0,0,0,1,0,0,0,3,4,0,0,7,5,5,0,1,0,1,1,0,1,0,3,0,0,2,17,8,13,4,0,0,0,1,4,8,0,0,0,1,2,10,3,1,6,2,2,1,0,0,0,1,1,3,0,1,2,4,0,1,1,0,2,0,3,0,0,0,1,1,0,0,3,10,0,2,0,1,1,5,2,2,1,1,1,1,6,0,0,9,7,3,2,0,1,2,0,5,2,1,2,0,3,0,0,2,3,3,0,6,0,4,1,1,0,3,0,0,0,0,1,1,0,1,3,0,11,22,1,7,0,7,0,4,0,0,3,1,4,0,1,4,0,7,6,1,5,1,3,1,0,0,1,0,1,0,1,2,1,1,0,3,0,1,4,2,1,4,0,1,1,5,3,0,1,0,7,0,2,1,1,0,0,1,1,0,0,0,0,0,1,0,0,0,0,0
Altal1,2,0,2,5,4,7,3,28,2,0,2,2,0,3,1,7,5,32,0,5,3,1,0,2,15,0,0,0,1,0,56,0,2,1,0,2,5,0,1,2,3,25,0,1,0,0,5,1,5,11,14,0,7,2,4,2,2,5,3,8,18,3,1,2,3,4,0,1,1,2,0,3,0,0,0,0,1,0,0,0,3,4,0,0,7,5,5,0,1,0,1,1,0,1,0,3,0,0,2,17,9,14,3,0,0,0,1,4,8,0,0,0,1,2,10,3,1,6,2,2,1,0,0,0,1,1,3,0,1,1,4,0,1,1,0,2,0,3,0,0,0,1,1,0,0,3,10,0,2,0,1,1,5,2,2,1,1,1,1,6,0,0,9,7,3,2,0,1,2,0,5,2,1,2,0,3,0,0,2,4,4,0,6,0,4,1,1,0,2,0,0,0,0,1,1,0,1,3,0,12,22,1,6,0,7,0,4,0,0,3,1,4,0,1,4,0,7,6,1,5,1,3,1,0,0,1,0,1,0,1,2,1,1,0,3,0,1,3,2,1,3,0,1,1,5,3,0,1,0,7,0,2,1,1,0,0,1,1,0,0,0,0,0,1,0,0,0,0,0
Stely1,2,0,2,5,5,2,3,21,2,0,1,1,1,3,1,4,5,28,0,5,3,1,0,1,11,0,0,0,1,0,31,0,2,1,0,2,5,0,1,2,3,11,0,1,0,0,4,1,4,9,15,0,7,2,3,2,2,4,3,8,15,3,1,1,3,4,0,1,1,2,0,3,0,0,0,0,1,0,0,0,3,4,0,0,4,5,3,0,1,0,1,1,0,1,0,3,0,0,2,17,6,12,3,0,0,0,1,4,7,0,0,0,1,1,9,3,0,6,2,2,1,0,0,0,1,0,3,0,1,1,4,0,1,1,0,2,0,3,0,0,0,1,1,0,0,2,11,0,2,0,1,1,4,2,2,1,1,1,1,6,0,0,9,5,3,2,0,1,1,0,6,2,1,2,0,3,0,0,1,2,3,1,5,0,3,1,1,1,2,0,0,0,0,1,1,0,1,3,0,10,20,1,5,0,7,0,4,0,0,3,1,3,0,1,2,0,6,4,1,7,1,3,1,0,0,1,0,1,0,0,2,1,0,0,3,0,1,4,1,1,6,1,2,1,4,2,0,1,0,6,0,2,1,1,0,0,1,0,0,0,0,0,0,1,0,0,0,0,0
Cocsa1,1,0,2,5,2,0,3,14,2,0,0,1,1,2,1,1,4,24,0,9,3,1,0,1,11,0,1,0,1,0,35,0,2,1,0,1,5,0,1,2,3,32,0,2,0,0,4,0,4,9,14,0,3,2,3,1,2,4,3,7,15,2,1,2,2,3,0,1,1,2,1,0,0,0,0,0,1,0,0,0,3,6,0,0,5,5,3,0,1,0,1,1,0,1,0,3,0,0,2,16,7,18,3,0,0,0,1,4,4,1,0,0,1,1,9,5,1,4,2,2,1,1,0,0,2,0,2,0,1,1,2,0,0,1,0,2,0,2,1,0,0,1,1,0,0,3,10,0,2,0,1,1,3,2,2,1,1,1,1,7,0,0,7,5,3,2,0,1,1,0,4,3,1,2,0,3,1,0,1,2,3,0,5,0,5,1,1,0,1,0,0,0,1,1,1,1,1,2,0,9,18,1,5,0,8,0,4,0,0,3,1,4,0,1,3,0,5,5,1,8,1,3,1,0,0,1,0,1,0,0,2,1,1,0,3,0,1,3,1,1,4,0,1,1,2,1,0,1,0,5,0,2,1,1,0,0,0,0,0,0,0,0,0,1,0,0,0,0,0
Cocvi1,1,0,2,4,1,1,4,16,2,0,1,1,0,3,1,3,4,24,0,6,3,1,0,1,11,0,1,0,1,0,32,0,2,1,0,1,5,0,1,2,2,45,0,2,0,0,5,0,4,9,13,0,3,2,3,1,2,4,3,7,15,1,1,2,2,3,0,1,1,2,1,0,0,0,0,1,1,0,0,0,3,6,0,0,6,5,3,0,1,0,1,1,0,1,0,3,0,0,2,16,7,17,3,0,0,0,1,4,4,1,0,0,1,2,10,3,1,4,2,2,1,1,0,1,2,0,2,0,1,2,4,0,0,1,0,2,0,2,1,0,0,1,1,0,0,3,10,0,2,0,1,1,4,2,2,1,1,1,1,7,0,0,8,4,3,2,0,1,1,0,5,3,1,2,0,3,1,0,1,2,3,0,5,0,5,1,1,0,2,0,0,0,0,1,1,1,1,2,0,10,18,1,5,0,9,0,4,0,0,3,1,4,0,1,2,0,5,6,1,8,1,3,1,0,0,1,0,1,0,0,2,1,1,0,3,0,1,2,1,1,3,0,1,1,2,1,0,1,0,5,0,2,1,1,0,0,0,0,0,0,0,0,0,1,0,0,0,0,0
