,AA1_1,AA2,AA9,AA10,AA14,AA16,CBM1,CBM63,CBM67,CE5,CE8,CE12,CE15,GH3,GH5_4,GH5_5,GH5_7,GH5_22,GH6,GH7,GH8,GH10,GH11,GH12,GH26,GH28,GH30_7,GH43,GH44,GH45,GH51,GH52,GH53,GH54,GH62,GH67,GH74,GH78,GH88,GH93,GH105,GH106,GH115,GH131,GH134,PL1,PL3,PL4,PL8_4,PL9_3,PL11_2,PL14_4,PL26
Lobtra1,0,0,0,0,0,0,0,0,0,0,0,0,0,1,0,0,0,0,0,0,2,0,0,0,0,2,0,0,0,0,0,0,0,0,0,0,0,0,0,0,0,0,0,0,0,0,0,0,0,0,0,0,0
Morel_U14_1,0,0,0,0,0,0,0,0,0,0,0,0,0,1,0,0,0,0,0,0,1,0,0,0,0,1,0,0,0,0,0,0,0,0,0,0,0,0,0,0,0,0,0,0,0,0,0,0,0,0,0,0,0
Morel2,0,0,0,0,0,0,0,0,0,0,0,0,0,1,0,0,0,0,0,0,1,0,0,0,0,1,0,0,0,0,0,0,0,0,0,0,0,0,0,0,0,0,0,0,0,0,1,0,0,0,0,0,0
Pirin1,2,0,25,0,6,1,67,0,0,3,5,1,1,8,0,5,4,2,2,1,0,20,16,2,1,6,0,0,2,2,0,0,1,0,3,0,1,0,2,0,0,0,1,3,0,1,0,0,0,1,0,1,0
Sebve1,5,0,34,0,2,1,51,0,0,8,6,3,2,8,0,7,4,3,5,5,0,11,7,1,3,6,0,0,5,1,5,0,0,0,0,0,3,0,3,0,0,0,2,4,2,3,4,0,0,0,0,1,0
Thacu1,9,0,36,0,2,4,34,0,0,9,14,10,0,15,2,4,7,2,3,12,0,6,0,3,0,30,0,1,0,2,4,0,2,0,0,0,2,5,3,0,3,0,2,5,0,6,0,0,4,2,0,2,1
Botbo1,0,0,32,1,8,2,28,0,0,0,2,1,3,7,1,3,2,2,3,7,0,11,0,0,1,2,0,0,1,1,1,0,1,0,0,0,0,0,1,0,1,0,1,3,1,1,0,0,1,0,0,1,0
Tulca1,0,0,34,0,1,0,98,0,0,0,6,4,2,13,2,18,10,3,7,27,0,13,11,1,1,9,3,1,2,2,2,0,1,0,4,0,5,0,3,0,0,0,3,4,0,14,1,1,5,1,0,2,0
Olipa1,0,4,34,0,5,4,47,0,0,7,5,7,1,16,0,2,3,2,2,4,0,8,2,3,0,9,3,0,1,6,2,1,1,1,2,0,1,4,4,5,4,0,1,2,0,1,1,0,1,1,0,6,1
PleosPC15_1,11,9,29,0,2,1,37,0,14,0,2,2,1,11,0,4,4,2,3,16,0,3,2,2,0,6,0,0,1,3,3,0,1,0,1,0,3,2,1,0,2,0,1,2,0,5,0,0,4,0,0,2,2
Schco1,2,0,22,0,4,2,5,1,0,2,2,2,2,12,0,2,1,1,1,2,0,5,1,1,1,3,0,0,0,2,2,0,1,0,1,0,1,3,1,2,2,0,2,2,0,2,0,0,1,1,0,0,1
Gyman1,29,10,11,0,9,0,36,0,13,6,6,2,1,20,0,6,4,1,1,12,0,7,6,8,2,21,0,2,1,4,4,0,2,4,0,1,1,6,1,2,1,0,1,2,0,1,0,0,0,0,0,1,0
Armost1,23,7,19,0,4,2,11,0,29,0,9,4,2,12,0,1,3,2,2,3,0,6,1,4,0,17,0,0,0,4,4,0,2,0,0,0,2,4,2,1,2,0,4,3,0,1,1,0,3,0,0,2,1
Amamu1,18,0,2,0,2,0,0,0,10,0,0,0,0,4,0,0,0,1,0,0,0,0,0,0,0,0,0,0,0,0,0,0,0,0,0,0,0,0,0,0,0,0,0,0,0,0,0,0,1,0,0,0,0
Agabi_varbur_1,12,2,11,0,2,1,17,0,0,6,2,2,1,8,0,3,1,2,1,1,0,2,2,2,0,6,0,0,1,1,1,0,1,0,0,0,1,4,1,0,2,0,2,1,0,0,0,0,1,0,0,3,1
Copph3,20,1,59,0,5,0,88,0,2,4,1,2,21,9,0,2,4,4,10,7,0,11,27,2,0,3,4,0,2,1,7,0,1,0,12,0,1,0,1,2,3,0,4,4,0,0,0,0,1,4,0,3,0
Copci1,17,1,34,0,5,0,39,0,0,6,0,1,17,7,0,1,3,2,5,6,0,6,6,1,0,3,1,0,1,1,1,0,1,0,3,0,1,0,1,0,0,0,1,2,0,0,0,0,1,0,0,5,0
Lacbi2,10,1,13,0,4,0,2,0,0,1,4,0,0,2,0,2,0,0,0,0,0,0,0,3,0,7,0,0,0,0,0,0,0,0,0,0,0,0,2,0,0,0,0,1,0,0,0,0,1,0,0,3,0
Hebcy2,2,3,3,0,3,0,2,0,1,3,2,1,0,5,0,1,0,2,0,1,0,1,0,3,0,3,0,0,0,1,0,0,1,0,0,0,0,0,1,0,0,0,0,1,0,0,0,0,1,0,0,2,0
Galma1,8,23,19,1,3,1,56,0,18,6,3,4,1,11,0,7,7,11,3,8,0,9,8,4,0,20,0,0,2,3,6,0,3,8,1,0,2,2,1,0,1,0,1,4,1,0,0,0,2,0,0,2,0
Hetan2,14,8,10,0,2,1,18,0,0,0,3,2,1,12,0,3,2,2,1,1,0,2,0,4,0,8,0,0,0,2,1,0,1,0,0,0,1,2,1,0,2,0,1,2,0,0,0,0,2,0,0,2,1
Trave1,7,26,18,0,4,0,23,0,0,0,2,0,2,13,0,3,2,2,1,4,0,6,0,5,0,11,0,0,0,2,2,0,1,0,0,0,1,3,1,0,0,0,2,3,0,0,0,0,2,0,0,4,0
Pilcr1,11,1,1,0,1,0,0,0,0,0,2,1,0,11,0,1,0,1,0,1,0,0,0,2,0,8,0,0,0,1,2,0,0,0,0,0,0,0,2,1,0,0,0,1,0,0,0,0,0,0,0,3,0
Paxin1,13,0,5,0,2,0,0,0,0,0,0,0,0,4,0,1,4,3,0,0,0,1,0,0,0,3,0,0,0,0,1,0,0,0,0,0,0,0,1,0,0,0,1,1,0,0,0,0,1,0,0,2,0
Sclci1,10,0,3,0,4,0,0,0,0,0,0,0,0,3,0,0,0,0,0,0,0,0,0,1,0,3,0,0,0,0,0,0,0,0,0,0,0,0,6,0,0,0,0,0,0,0,0,0,0,0,0,1,0
Pismi1,8,0,4,0,2,0,0,0,0,0,0,0,0,5,0,0,0,0,0,0,0,0,0,0,0,1,0,0,0,0,0,0,0,0,0,0,0,0,0,0,0,0,0,0,0,0,0,0,0,0,0,2,0
Tubae1,0,0,4,0,1,0,2,0,0,1,1,3,0,8,0,1,0,2,1,0,0,1,0,1,0,3,0,1,0,0,0,0,0,0,0,0,0,3,1,0,1,0,0,2,0,0,0,0,0,0,0,0,0
Tubma1,0,0,3,0,1,0,0,0,0,2,1,2,0,6,0,1,0,0,3,0,0,1,0,1,0,2,0,0,0,1,1,0,0,0,0,0,1,2,0,0,1,0,0,1,0,0,0,0,0,0,0,0,0
Morco1,0,0,23,0,2,1,18,0,0,6,2,3,0,12,2,1,3,2,3,2,0,3,0,1,2,5,0,0,0,1,5,0,1,0,0,0,1,2,2,1,2,1,2,2,1,3,0,0,0,0,0,0,0
Botci1,0,0,10,0,0,1,18,0,0,11,5,3,0,16,1,3,2,1,1,3,0,2,2,4,2,19,0,0,0,2,3,0,2,1,1,0,0,7,1,1,2,3,1,2,0,0,0,0,0,0,0,0,0
Sclsc1,0,0,9,0,0,1,19,1,0,8,5,3,1,14,1,3,2,1,1,3,0,2,3,5,1,17,0,0,0,2,2,0,2,1,0,0,0,4,0,1,1,2,1,2,0,0,0,0,0,0,0,0,0
Oidma1,0,0,8,0,4,0,34,1,0,6,5,3,2,35,1,7,1,2,2,8,0,2,8,7,0,24,2,0,0,4,9,0,2,6,4,1,1,15,4,5,3,4,2,2,0,1,0,0,0,0,0,0,0
Zalva1,0,5,33,0,0,3,22,1,0,10,10,5,5,31,2,7,2,1,3,8,0,6,6,3,1,19,3,0,0,2,5,0,2,1,2,1,1,13,3,5,1,4,3,5,0,1,0,0,0,1,0,0,1
Ascsa1,0,0,6,0,0,1,31,1,0,4,2,1,1,16,1,8,2,2,2,5,0,4,2,1,1,9,0,0,0,3,3,0,1,1,1,0,1,6,1,3,0,3,1,2,0,0,0,0,0,0,0,0,0
Chalo1,0,2,25,0,0,6,13,1,0,12,6,1,3,23,2,16,3,6,3,10,0,7,8,4,2,22,4,0,0,2,8,0,2,2,2,1,2,10,3,7,2,2,3,4,1,1,0,0,0,0,0,0,0
Melva1,0,1,24,0,0,5,14,1,0,12,5,1,3,28,2,14,3,3,4,9,0,5,8,4,2,23,5,0,0,4,9,0,3,3,2,2,2,14,2,9,2,2,3,4,0,1,0,0,0,0,0,0,0
Melbi2,0,1,6,0,0,5,13,1,0,7,6,3,2,17,1,8,2,2,2,5,0,4,5,5,0,18,2,1,0,3,5,0,2,1,1,1,2,9,2,4,2,2,3,4,0,2,0,0,0,0,0,0,0
Rhier1,0,0,10,0,0,0,11,1,0,8,4,3,0,13,0,7,4,2,1,6,0,2,4,3,1,13,0,1,0,3,5,0,2,1,2,1,1,9,0,2,1,3,3,0,1,1,0,0,0,0,0,0,0
Phisc1,0,2,21,0,0,5,21,1,1,13,7,3,3,25,0,12,3,1,3,7,0,7,7,4,3,24,4,1,0,2,3,0,2,1,2,1,2,14,0,2,2,3,2,6,0,0,0,0,0,0,0,0,0
Rhesp1,0,6,20,0,0,4,37,2,0,17,9,3,1,25,0,7,2,2,3,9,0,7,7,3,1,9,1,0,0,3,2,0,2,2,3,1,1,14,1,4,3,1,4,7,0,3,1,0,0,1,0,0,2
Lepor2,0,6,24,0,1,4,34,2,0,19,12,4,2,37,1,7,4,6,4,8,0,7,5,5,1,24,3,0,0,3,4,0,2,1,1,0,3,21,4,3,4,5,3,7,0,4,2,0,0,1,1,0,2
Phimu1,0,5,27,0,0,4,33,2,1,16,10,5,2,41,0,9,5,5,3,7,0,9,3,3,1,23,3,1,0,2,4,0,2,1,1,1,3,23,5,3,4,7,3,7,0,4,2,0,0,2,1,0,2
Cadsp1,0,3,27,0,0,4,29,2,0,19,16,4,2,42,0,9,4,7,3,8,0,8,4,3,1,21,3,2,0,3,5,0,3,1,2,1,3,30,4,4,4,10,3,7,1,4,0,0,0,1,1,0,2
Helo229,0,4,21,0,0,3,24,2,0,9,6,2,2,18,0,4,4,1,3,7,0,6,3,2,1,11,2,0,0,2,2,0,2,1,1,0,3,7,2,2,4,1,3,7,0,4,3,0,0,1,0,0,1
Truan1,0,2,31,0,0,3,24,1,0,16,9,6,2,25,3,5,3,0,4,6,0,9,6,6,1,20,6,0,0,3,2,0,2,1,2,2,1,12,3,5,3,3,3,3,1,2,0,0,0,1,0,0,2
DalEC12_1,0,1,30,0,1,1,6,0,0,6,1,2,3,18,0,3,2,0,3,5,0,3,3,0,0,3,2,0,0,1,2,0,1,0,1,1,1,2,1,4,3,0,1,2,0,0,0,0,0,0,0,0,1
Micbo1,0,2,22,0,0,1,16,0,0,14,6,2,0,22,0,1,1,1,1,2,0,4,3,4,1,3,0,0,0,1,2,0,1,1,1,1,1,10,2,4,2,0,3,3,0,0,0,0,0,1,0,0,1
Mictri1,0,2,23,0,0,1,14,0,0,12,7,3,0,26,0,1,1,3,1,2,0,3,5,5,1,3,0,0,0,2,2,0,1,2,1,1,1,13,1,4,2,1,3,3,3,0,0,0,0,0,0,0,1
Falor1,0,4,28,0,0,3,18,2,0,14,2,4,1,19,0,2,5,2,5,7,0,8,4,2,1,2,2,0,0,3,2,0,1,1,1,1,1,5,1,2,2,0,3,3,0,0,0,0,0,0,0,0,1
Maggr1,0,2,22,0,0,3,23,1,0,18,1,3,1,18,0,2,2,2,3,6,0,6,5,3,0,3,0,0,0,1,3,0,1,1,4,1,1,3,1,1,3,1,3,6,0,0,0,0,0,0,0,0,1
Neucr2,0,0,14,0,0,0,21,0,0,3,2,1,1,11,0,1,1,0,3,5,0,4,2,2,1,2,0,0,0,1,1,0,1,1,0,1,1,2,0,2,2,0,1,3,0,0,0,0,0,0,0,0,0
Sorhu1,0,1,20,0,0,2,24,0,0,4,1,1,3,10,1,2,2,0,3,6,0,6,3,1,2,2,2,0,0,1,1,0,1,0,0,1,1,0,0,2,2,0,2,3,0,0,0,0,0,0,0,0,0
Thite2,0,0,19,0,0,1,25,0,0,3,3,1,2,14,0,5,3,0,2,5,0,6,5,3,0,7,2,1,0,2,2,0,1,1,2,0,1,0,0,4,1,0,1,4,0,1,0,0,0,0,0,0,1
Spoth2,0,1,23,0,0,3,17,0,0,3,2,2,2,13,0,2,2,0,3,6,0,4,8,1,1,2,2,0,0,1,2,0,1,0,2,1,1,1,0,3,1,0,1,2,0,1,0,0,0,0,0,0,1
Chame1,0,1,42,0,0,4,35,0,0,6,2,2,3,15,0,3,2,0,5,8,0,8,9,6,1,1,2,0,0,2,3,0,1,0,5,1,1,2,1,3,1,0,3,3,0,3,0,0,0,1,0,0,1
Chagl_1,0,0,44,0,0,3,34,0,0,5,2,2,3,13,0,3,2,0,4,8,0,7,9,4,1,1,2,0,0,2,2,0,1,0,4,1,1,1,0,4,1,0,2,4,0,2,0,0,0,1,0,0,1
Chagl1,0,0,44,0,0,4,32,0,0,5,2,2,3,13,0,3,2,0,4,7,0,7,10,4,1,1,2,0,0,2,2,0,1,0,3,1,1,1,0,4,1,0,2,5,0,2,0,0,0,1,0,0,1
Chafu1,0,0,30,0,0,2,15,0,0,4,1,3,2,12,0,3,2,0,3,7,0,7,6,3,1,3,1,0,0,1,2,0,1,1,3,1,1,0,0,2,1,0,1,4,0,0,0,0,0,0,0,0,0
Sodal1,0,1,22,0,0,0,17,0,0,9,0,0,1,11,1,0,1,0,5,3,0,3,6,3,0,2,1,1,0,2,1,0,1,0,0,1,1,0,1,0,2,0,1,0,0,2,0,0,0,0,0,0,1
Plecuc1,0,2,28,0,1,3,51,1,0,12,9,6,1,30,1,1,4,2,4,6,0,6,3,8,1,10,3,0,0,3,4,0,1,0,1,1,2,16,4,1,3,3,2,3,1,1,0,0,0,3,1,0,1
Plecucu1,0,2,30,0,1,2,51,1,0,13,9,6,1,32,1,1,4,3,4,6,0,5,3,7,1,9,3,1,0,2,2,0,1,0,1,1,2,16,4,1,3,3,2,3,0,1,0,0,0,3,1,0,1
Veral1,0,2,22,0,0,2,20,1,0,15,7,4,1,23,0,0,4,2,4,6,0,4,4,5,1,13,1,2,0,1,2,0,1,1,0,1,2,11,4,1,3,1,3,2,1,4,1,1,0,2,1,0,1
Verdah1,0,3,29,0,0,2,31,1,0,15,9,4,1,20,1,1,5,2,4,6,0,4,6,6,1,12,1,1,0,2,2,0,1,1,0,1,2,10,4,1,4,1,3,2,0,3,0,2,0,2,1,0,1
Verda1,0,2,27,0,0,2,26,1,0,14,8,4,1,17,1,1,4,2,4,6,0,4,5,6,1,12,1,2,0,2,2,0,1,1,0,1,2,10,4,1,4,1,3,2,0,4,1,0,0,2,1,0,1
Colch1,0,6,26,0,0,3,26,2,0,13,6,5,1,21,0,4,2,2,3,5,0,8,3,7,1,17,2,0,0,1,3,0,2,0,1,1,2,7,2,2,7,1,4,8,0,3,0,0,0,4,0,0,1
Colhig2,0,7,27,0,0,3,23,2,0,15,10,5,2,26,1,4,3,2,3,8,0,8,3,7,1,15,1,0,0,1,2,0,2,0,1,1,2,11,2,2,6,2,3,8,0,3,0,0,0,4,1,0,0
Colto1,0,7,28,0,0,3,32,2,0,14,11,6,2,26,2,4,3,2,3,8,0,12,6,7,1,14,1,0,0,2,2,0,2,1,2,1,2,12,2,2,7,3,3,8,0,3,0,0,0,4,0,0,1
Stael1,0,4,41,0,1,2,36,0,0,12,8,3,1,25,0,4,3,1,5,8,0,9,13,11,1,5,1,1,0,2,2,0,1,1,6,2,1,1,3,1,2,3,3,2,1,2,0,0,0,0,0,0,1
Triat2,0,0,3,0,2,0,22,0,0,5,1,0,1,15,0,3,2,0,1,2,0,1,4,3,0,6,2,0,0,1,1,0,0,2,2,2,1,3,2,3,1,1,1,0,0,1,0,0,1,0,0,0,0
TriviGv29_8_2,0,0,3,0,2,0,24,0,0,6,2,0,1,17,0,3,1,2,1,2,0,2,4,4,2,6,3,0,0,2,0,0,0,2,3,2,1,3,3,1,1,1,1,0,0,0,0,0,1,0,0,0,0
Trire2,0,0,3,0,1,0,14,0,0,4,0,0,1,13,0,2,1,0,1,2,0,1,3,2,0,4,2,0,0,1,0,0,0,2,1,1,1,1,0,0,1,1,1,0,0,0,0,0,1,0,0,0,0
Cylol1,0,2,13,0,1,1,19,3,1,6,10,2,0,25,0,3,3,2,2,3,0,8,5,9,0,16,0,0,0,3,4,0,1,1,4,1,1,14,4,4,2,3,2,2,1,1,0,0,0,1,0,0,2
Neodi1,0,1,11,0,1,1,13,2,1,9,9,2,0,27,1,4,3,1,2,3,0,3,2,7,0,13,0,0,0,1,4,0,1,1,0,0,1,9,3,3,3,0,2,2,0,0,0,0,0,2,1,0,2
Neora1,0,1,16,0,3,1,18,3,1,17,10,4,0,56,1,4,2,2,2,3,0,7,4,9,0,17,1,0,0,3,4,0,1,1,3,1,2,23,4,6,3,7,2,2,1,2,0,0,0,2,1,0,2
Ilyeu1,0,1,15,0,3,0,16,4,2,12,12,4,0,51,2,4,2,2,2,3,0,7,2,8,0,16,0,1,0,1,4,0,1,1,3,1,2,24,4,6,4,2,3,1,1,1,0,0,0,2,1,0,4
Daces1,0,1,14,0,2,1,20,3,1,16,11,7,0,40,0,3,3,2,2,4,0,4,3,8,0,18,0,0,0,3,5,0,1,1,2,1,1,21,4,5,3,2,4,2,2,1,0,0,0,2,1,0,3
Dacma1,0,1,12,0,1,0,18,3,1,20,13,7,0,56,2,3,4,3,2,3,0,5,3,8,0,23,0,0,0,1,6,0,2,1,2,1,2,24,6,6,3,5,3,2,1,1,0,0,0,2,2,0,2
Fusso1,0,1,14,0,2,1,15,3,0,8,9,2,0,38,0,3,3,4,1,3,0,4,3,6,0,12,0,0,0,1,4,0,1,1,2,0,1,17,5,3,4,1,2,1,1,1,0,0,0,1,0,0,2
Fusre1,0,1,12,0,1,1,14,3,0,14,7,4,0,33,0,3,2,2,1,3,0,5,3,6,0,12,0,0,0,1,2,0,1,1,1,1,1,17,3,4,4,1,5,1,1,0,0,0,0,2,0,0,1
Fusfu1,0,1,13,0,1,1,12,3,0,11,7,3,0,24,0,3,1,2,1,3,0,3,3,4,0,8,2,0,0,1,2,0,1,2,1,2,0,9,3,4,4,1,2,1,1,0,2,0,0,2,0,0,0
Fusve2,0,1,13,0,1,2,16,3,0,12,7,4,0,29,0,3,2,2,1,4,0,4,4,4,0,9,2,1,0,2,2,0,1,1,1,3,1,10,2,5,3,1,2,1,1,0,1,0,0,2,0,0,1
Fusox2,0,1,16,0,1,1,15,3,0,12,8,4,0,33,0,3,1,2,1,3,0,5,3,4,0,15,2,3,0,1,3,0,2,1,1,2,1,18,3,5,4,8,3,0,1,0,0,0,0,2,1,0,1
Fusoxy1,0,1,15,0,1,1,13,3,0,15,7,4,0,34,0,2,3,2,1,3,0,6,3,6,0,10,1,0,0,1,3,0,2,2,1,2,1,19,3,5,4,3,5,1,0,0,0,0,0,1,1,0,1
Fusoxys1,0,1,15,0,1,1,15,3,0,13,12,4,0,33,0,3,2,2,1,3,0,6,3,5,0,15,2,0,0,1,3,0,2,1,1,2,1,17,3,6,4,2,3,1,1,0,0,0,0,2,1,0,1
Fusco1,0,1,14,0,1,1,15,3,0,12,7,4,0,30,0,3,2,2,1,3,0,4,3,5,0,12,2,0,0,1,3,0,1,2,1,3,1,16,3,5,4,4,2,1,1,0,0,0,0,2,1,0,1
Fustri1,0,1,15,0,1,1,14,3,0,11,6,3,0,25,0,3,2,2,1,2,0,4,3,5,0,9,0,0,0,1,3,0,1,1,2,1,1,9,3,4,5,1,2,1,2,0,0,0,0,2,0,0,1
Fustr1,0,1,14,0,2,1,17,3,0,12,6,3,0,27,0,3,2,2,2,2,0,5,3,6,0,7,0,0,0,1,4,0,1,1,2,2,1,8,2,3,5,2,2,1,3,0,0,0,0,2,0,0,1
Fuseq1,0,2,13,0,1,1,13,3,0,13,7,4,0,24,0,2,2,2,1,2,0,5,3,5,0,5,0,0,0,1,2,0,1,1,2,1,1,9,2,2,3,1,2,1,1,0,0,0,0,1,0,0,1
Fusven1,0,1,14,0,1,1,15,3,0,13,7,4,0,23,0,2,3,2,1,2,0,5,3,7,0,7,0,1,0,1,2,0,1,1,1,1,1,8,2,2,4,0,3,1,0,0,0,0,0,1,0,0,1
Fusgr1,0,1,13,0,1,1,12,3,0,12,6,3,0,21,0,2,2,2,1,2,0,5,3,4,0,6,0,1,0,1,2,0,1,1,1,1,1,7,1,2,3,1,2,1,0,0,0,0,0,1,0,0,1
Pensub1,0,0,8,0,1,1,21,2,3,7,10,2,0,25,1,5,2,2,2,4,0,3,7,8,0,22,3,0,0,1,6,0,1,4,4,4,0,11,2,3,3,1,3,1,1,1,0,0,0,0,0,0,1
Aspoch1,0,0,6,0,0,1,9,1,0,5,7,0,0,10,0,2,1,0,1,4,0,2,3,1,0,8,0,1,0,3,4,0,1,1,0,1,1,3,0,2,1,0,0,1,0,1,0,0,0,1,0,0,0
Aspnov1,0,0,8,0,2,1,17,1,0,6,7,3,1,18,1,5,1,3,2,5,0,4,4,3,0,16,1,1,0,2,2,0,1,1,4,1,2,7,2,3,3,2,1,2,1,0,0,0,0,1,0,0,1
Asptaic1,0,0,5,0,0,1,5,0,0,3,0,1,0,10,1,2,2,1,2,3,0,2,2,2,0,2,0,0,0,0,3,0,1,0,1,0,0,1,0,1,2,0,1,1,2,0,0,0,0,1,0,0,0
Aspcam1,0,0,5,0,0,1,6,0,0,3,0,1,0,12,1,3,2,1,2,3,0,2,2,2,0,2,0,0,0,0,3,0,1,0,1,0,0,1,0,1,2,0,1,1,2,0,0,0,0,1,0,0,0
Mycfi2,0,2,3,0,0,1,1,1,0,7,3,2,0,16,0,1,1,0,0,1,0,1,0,2,0,5,0,0,0,0,3,0,2,1,1,1,0,7,0,1,3,0,3,1,0,0,0,0,0,0,0,0,1
Bauco1,0,0,1,0,0,0,4,0,0,3,1,0,1,9,0,2,1,2,1,2,0,4,2,1,0,6,2,0,0,1,3,0,0,0,1,1,0,3,0,2,0,0,1,0,0,0,0,0,0,0,0,0,0
Dipse1,0,3,12,0,0,1,6,2,0,6,9,4,1,22,1,4,1,1,1,2,0,2,2,4,0,10,0,0,0,2,4,0,3,0,1,0,0,4,1,1,4,3,2,3,0,1,0,0,0,1,0,0,1
Macpha1,0,3,13,0,1,1,9,3,0,14,9,4,1,21,1,4,1,1,1,2,0,5,1,3,0,12,1,0,0,3,3,0,5,0,1,0,0,9,1,2,4,1,2,3,0,1,0,0,0,1,0,0,1
Macph1,0,3,12,0,1,1,6,3,0,11,9,3,1,20,1,4,1,1,1,3,0,5,1,3,0,9,0,0,0,2,3,0,3,0,1,0,0,9,0,2,4,1,2,4,0,1,0,0,0,1,0,0,1
Cenge3,0,1,5,0,1,1,3,1,0,0,2,1,0,10,1,2,1,1,1,2,0,1,0,3,0,7,0,1,0,2,2,0,1,0,0,0,0,1,0,1,0,1,1,2,0,0,1,0,0,0,0,0,0
Denna1,0,3,53,0,1,3,12,1,0,8,2,3,3,16,2,4,3,1,2,4,0,6,3,2,1,9,2,0,0,3,3,0,1,0,1,1,0,5,5,3,2,0,3,3,0,2,0,0,0,1,0,0,1
Corca1,0,7,37,0,1,4,10,1,0,9,5,4,3,28,1,2,2,1,2,6,0,5,4,2,1,14,2,0,0,2,4,0,2,1,1,1,0,9,3,3,4,1,3,4,1,3,0,1,0,2,1,0,1
Perma1,0,6,43,0,1,3,19,1,0,13,1,2,1,22,1,3,1,1,5,5,0,6,10,4,2,7,1,0,0,2,2,0,1,2,3,0,0,3,1,5,5,1,2,5,0,0,0,0,0,0,0,0,1
Boeex1,0,8,23,0,0,2,8,1,0,11,5,5,0,18,1,2,3,2,3,3,0,4,2,2,1,15,0,0,0,2,3,0,2,1,1,0,0,10,3,4,5,0,2,3,1,0,0,0,0,2,1,0,1
Parchr1,0,3,44,0,1,2,13,1,0,11,8,4,2,16,1,3,3,1,4,4,0,5,5,3,1,14,2,0,0,3,2,0,1,1,2,1,0,8,3,3,4,0,4,5,1,1,0,0,0,1,1,0,1
Parch1,0,3,45,0,1,2,12,1,0,11,8,4,2,16,1,4,3,1,4,4,0,5,5,3,1,13,2,0,0,3,2,0,1,1,2,1,0,9,3,3,4,0,4,5,1,1,0,0,0,1,1,0,1
Phapo1,0,4,37,0,1,2,16,1,0,14,2,3,1,21,1,3,2,1,5,4,0,7,8,3,0,6,2,0,0,3,2,0,1,1,3,1,0,4,1,3,3,0,3,5,0,0,0,0,0,0,0,0,1
Stano2,0,3,28,0,1,2,10,1,0,10,6,3,1,15,1,4,2,1,4,5,0,7,7,3,0,4,2,0,0,2,2,0,1,1,3,1,0,4,1,2,3,0,1,5,0,0,0,0,0,0,0,0,0
Pyrsp1,0,3,39,0,1,2,16,1,0,14,7,2,3,21,1,3,3,1,4,5,0,6,6,1,1,10,2,0,0,4,3,0,2,1,2,1,0,13,3,3,5,1,4,4,0,0,0,0,0,2,1,0,1
Pyrly1,0,7,38,0,1,1,11,1,0,11,3,5,2,17,1,3,3,1,4,5,0,5,3,4,1,11,2,0,0,2,2,0,1,1,2,0,0,11,3,4,4,0,2,5,1,0,0,0,0,1,1,0,1
Lepmu1,0,4,23,0,0,1,5,1,0,8,3,3,2,13,1,1,3,0,3,3,0,3,2,3,1,7,2,0,0,2,3,0,1,0,1,1,0,1,1,2,3,0,2,3,1,0,0,0,0,0,0,0,1
Pyrtr1,0,4,25,0,0,2,10,1,0,11,2,3,1,12,1,1,2,0,3,3,0,4,4,2,0,6,1,0,0,3,2,0,1,1,2,1,0,4,1,2,3,0,1,6,0,0,0,0,0,0,0,0,0
Altro1,0,4,33,0,0,2,17,1,0,15,7,4,2,17,1,2,3,0,3,4,0,5,5,4,0,6,4,0,0,3,2,0,1,1,2,1,0,6,1,2,3,0,2,4,0,1,0,0,0,1,0,0,1
Altbr1,0,5,23,0,0,1,9,1,0,9,7,4,2,14,1,2,3,0,3,5,0,5,4,2,1,7,1,1,0,3,2,0,1,1,2,1,0,1,1,1,3,0,2,2,0,1,0,0,0,1,0,0,1
Altalt1,0,4,32,0,0,2,15,1,0,14,7,4,2,17,1,2,3,0,3,4,0,7,5,5,1,8,2,0,0,3,2,0,1,1,2,1,0,7,2,2,3,0,3,4,0,1,0,0,0,1,1,0,1
Altal1,0,4,32,0,0,2,15,1,0,14,7,4,2,18,1,2,3,0,3,4,0,7,5,5,1,8,2,0,0,3,2,0,1,1,2,1,0,7,2,2,3,0,4,4,0,1,0,0,0,1,1,0,1
Stely1,0,5,28,0,0,1,11,1,0,15,7,3,2,15,1,1,3,0,3,4,0,4,5,3,1,7,1,0,0,2,2,0,1,1,2,1,0,5,1,2,3,0,2,3,1,2,0,0,0,1,0,0,1
Cocsa1,0,2,24,0,0,1,11,2,0,14,3,3,1,15,1,2,2,1,3,6,0,5,5,3,1,4,1,0,0,3,2,0,1,1,2,1,0,5,1,3,3,1,2,5,0,1,0,0,0,0,0,0,1
Cocvi1,0,1,24,0,0,1,11,2,0,13,3,3,1,15,1,2,2,1,3,6,0,6,5,3,1,4,2,1,0,3,2,0,1,1,2,1,0,4,1,3,3,1,2,5,0,1,0,0,0,0,0,0,1
