,A01A,A01X,A02A,A03A,A08,A22B,A28A,A28B,C01B,C02A,C03B,C04,C110,C111,C115,C11X,C12,C13,C14A,C14B,C19,C26,C39,C44,C45,C46,C48,C50,C54,C56,C64,C65,C67,C78,C82A,C83,C89,C95,C97,I01,I02,I04,I08,I09,I13,I15,I16,I17,I25B,I29,I31,I32,I35,I39,I43,I46,I51,I63,I66,I71,I83,I87,I93,M01,M02,M03A,M08,M12B,M13,M14A,M15A,M15B,M16A,M16B,M17,M18,M19,M20A,M20D,M20F,M23B,M24A,M24B,M24X,M26,M28A,M28B,M28E,M28F,M28X,M35,M36,M38,M41,M42,M43B,M48A,M48C,M49,M72,M76,M77,M79,M80,M86,M87,M96,M98,N09,N10,N11,P01,P02A,P02B,S08A,S09A,S09B,S09X,S10,S11,S14,S16,S28,S41A,S46,S49A,S49B,S49C,S54,S59,S60,T01A,T02,T03,T05,U32,U74,A31,C15,C69,C85A,C85B,G01,I78,M04,M06,M12A,M14B,M14X,M15D,M16C,M20X,M56,S01A,S01E,S09C,S13,S15,S26A,S51,S53,S81,T01X,U69,A02X,C40,I03A,M54,C59,S08B,M10A,S72,I25A,M50A,M57,U62,C100,C60A,C82B,C98,M82,M20B,M81,S12,U56,M48B,C80,I48,A02D,M11,C53,I25X,S09D,S64,S01X,C01A,S66,A02C,C25,I12,M10B,S01D,I68,S01C,S01B,S82,C16B,S45,M61,N04,T07,S68,M78,A01B,M50B,M28D,M32,I42,S71,S79,M28C,C08,A02B,C42,A03X
Lobtra1,16,0,6,1,3,3,0,0,1,2,4,1,7,4,15,0,3,1,0,4,19,7,3,1,1,2,1,1,3,5,4,1,2,5,1,2,3,10,11,7,18,18,10,7,5,6,2,5,13,25,16,6,1,17,21,0,20,33,0,1,2,19,2,9,8,3,0,2,2,3,0,0,0,5,13,1,0,1,2,4,8,4,6,3,1,1,0,3,1,5,0,2,9,3,1,0,1,1,1,0,2,1,2,2,0,2,5,1,2,6,4,1,5,2,18,4,4,4,3,2,1,3,0,1,2,2,2,4,4,0,4,14,0,2,0,6,3,1,2,0,1,2,0,0,0,0,0,0,0,0,4,0,0,0,0,2,2,0,1,0,0,2,0,0,1,0,1,0,0,0,0,0,0,1,0,1,0,0,0,0,0,1,0,0,0,1,0,0,0,0,0,0,0,0,0,0,0,0,0,0,0,0,0,0,0,0,0,0,0,0,0,2,0,0,0,2,1,0,0,0,0,0,0,0,0
Morel_U14_1,24,0,3,1,2,2,0,0,0,2,4,1,7,6,13,0,1,1,0,5,15,6,5,1,0,1,2,1,3,3,3,1,1,3,1,3,2,6,11,11,16,22,8,6,2,6,2,3,13,20,10,7,1,23,13,0,12,28,0,2,2,19,2,8,7,1,1,2,14,4,0,1,0,3,8,1,0,1,3,3,5,4,3,2,0,0,0,1,1,4,0,2,5,2,1,0,1,1,1,0,1,1,2,2,0,2,3,1,2,6,3,1,5,2,15,1,2,4,2,0,1,4,0,1,1,2,2,1,2,1,2,8,1,1,1,3,2,5,1,0,1,0,0,0,0,0,2,0,0,0,2,0,1,2,0,2,3,2,1,0,2,0,0,0,1,0,0,0,0,0,0,0,1,0,0,2,0,0,0,0,0,0,0,0,0,1,0,0,0,0,0,0,0,0,0,0,0,0,0,0,0,0,0,0,0,0,0,0,0,0,0,0,0,0,0,2,4,1,2,1,0,0,0,0,0
Morel2,35,0,5,1,3,3,1,0,1,2,4,1,9,5,15,0,2,1,0,4,19,8,8,1,1,2,3,1,2,4,5,1,2,5,0,3,3,9,10,12,19,25,9,8,5,7,2,5,17,34,18,13,1,24,28,0,20,35,0,2,2,24,4,9,8,2,2,3,10,4,0,1,1,4,14,1,0,1,4,3,9,4,6,3,0,1,0,2,1,5,0,2,10,3,1,0,1,1,1,0,1,1,2,4,0,3,4,1,3,5,4,1,5,2,22,4,2,5,4,0,1,3,0,0,3,2,2,4,5,1,4,14,1,2,1,6,2,5,1,0,1,0,0,0,0,0,2,0,0,1,3,0,1,2,0,3,3,1,1,0,1,1,0,0,0,0,1,0,0,0,0,0,0,1,0,2,0,1,0,0,0,0,0,0,0,1,0,0,0,0,0,0,0,0,0,0,0,0,0,0,0,0,0,0,0,0,0,0,0,0,0,1,0,0,0,2,4,2,1,0,0,0,0,0,0
Pirin1,15,0,6,1,1,1,0,2,1,4,2,1,8,2,8,4,3,1,0,9,14,7,2,1,2,2,2,1,1,7,2,1,2,4,1,1,3,4,9,7,4,13,6,6,3,4,0,2,13,11,12,12,1,14,8,0,14,20,0,1,0,15,0,3,6,2,1,1,1,2,0,0,2,3,8,1,1,2,1,2,6,3,6,1,0,0,1,5,1,3,1,9,7,2,1,12,1,1,1,0,1,1,1,3,1,1,2,1,2,3,4,1,3,3,10,1,5,2,7,0,1,2,2,2,1,1,1,2,4,1,3,13,1,2,1,2,1,0,1,0,2,0,0,0,0,0,0,0,0,0,2,0,0,0,0,3,2,0,1,0,0,1,1,1,1,0,0,0,0,2,0,1,0,0,0,0,0,1,0,0,0,0,0,0,0,0,0,0,0,0,0,0,0,0,0,0,1,0,0,0,0,0,0,0,0,0,0,0,0,0,0,0,0,0,1,0,0,0,0,0,0,0,0,0,0
Sebve1,17,0,8,1,1,1,0,0,1,2,4,1,14,11,8,4,3,2,0,24,14,7,2,1,4,3,2,1,1,7,3,1,3,4,2,0,3,4,11,7,8,14,6,7,3,3,1,2,13,16,15,15,0,15,14,0,14,22,0,2,1,17,0,3,17,2,1,1,1,2,0,0,8,1,10,1,1,1,1,2,7,2,8,1,0,0,0,4,1,2,5,2,9,2,1,3,1,2,1,0,1,1,1,3,0,3,2,1,3,4,3,1,3,1,18,4,5,4,11,0,1,2,3,2,1,1,1,2,5,1,2,13,3,2,1,2,1,0,1,0,2,0,0,0,0,0,2,0,0,0,2,0,3,0,0,0,2,0,1,0,0,1,1,1,4,0,0,0,0,0,0,1,0,1,0,1,3,0,0,0,0,0,0,0,0,0,0,0,0,0,0,1,0,0,0,0,2,0,0,0,0,0,0,0,0,0,0,0,0,0,0,0,0,0,0,0,0,3,0,0,0,0,0,0,0
Thacu1,27,1,6,1,1,2,0,0,1,8,5,1,3,3,10,3,2,1,0,20,17,8,4,1,8,2,2,1,1,11,2,2,2,3,1,0,3,4,11,6,19,11,5,6,3,3,2,2,11,12,12,10,1,15,13,0,23,20,0,2,1,18,1,4,7,4,1,1,1,3,0,1,3,1,11,1,2,4,3,2,9,4,6,1,0,2,2,12,0,3,8,16,10,2,1,11,1,1,1,0,1,1,1,3,0,1,3,1,2,4,2,1,2,2,28,1,2,3,16,0,1,1,2,1,1,1,1,3,4,1,4,14,2,3,1,2,2,0,2,0,2,1,0,0,0,0,0,0,0,0,2,0,0,0,0,1,0,0,1,0,1,1,0,0,4,0,0,0,0,0,0,0,1,1,0,0,0,0,0,0,0,0,0,0,0,1,0,1,0,0,0,0,0,0,0,1,0,0,0,0,0,0,0,0,0,0,0,0,0,0,0,0,1,0,0,0,0,0,0,0,0,0,0,0,0
Botbo1,32,0,6,1,1,2,6,0,2,2,6,1,6,2,11,4,6,1,0,10,17,9,1,1,5,3,5,1,1,5,2,1,3,4,1,0,3,4,10,6,9,17,7,5,3,11,1,2,13,12,9,17,1,11,20,0,22,20,3,2,1,19,1,4,5,3,2,1,1,0,0,1,3,1,13,1,2,3,3,2,8,3,5,1,0,0,3,7,2,3,7,5,12,3,1,5,1,2,1,0,1,5,1,2,2,1,2,0,2,4,3,1,2,2,14,1,5,3,8,0,1,2,12,2,1,1,1,4,5,1,4,13,3,2,1,1,1,0,1,0,2,0,0,0,0,0,0,0,0,0,2,0,0,0,0,2,3,0,1,0,6,1,1,0,1,0,0,0,0,0,0,0,1,1,0,0,0,1,0,0,0,0,0,0,0,1,1,8,0,0,0,0,0,0,0,0,0,0,0,0,0,0,0,0,0,0,0,0,0,0,0,0,0,0,0,0,0,0,0,0,0,0,0,0,0
Tulca1,37,0,7,0,1,1,2,0,2,6,1,0,4,4,19,2,4,1,0,6,15,7,2,1,8,1,6,1,1,8,3,1,1,3,1,1,4,4,14,7,14,13,29,8,4,20,0,3,14,15,10,9,1,14,39,0,22,26,0,3,1,23,2,4,7,3,1,1,1,2,0,0,1,3,9,1,1,2,3,2,8,3,7,1,1,1,2,2,1,3,1,11,10,2,1,3,1,2,1,0,2,2,1,3,0,1,3,0,5,5,3,1,6,1,16,4,3,3,4,1,1,2,17,7,1,2,2,3,4,1,2,13,2,2,1,1,0,0,0,0,1,0,0,0,0,0,0,0,0,0,1,0,0,0,0,0,0,0,1,0,0,1,0,2,13,1,0,0,0,0,0,0,0,0,0,1,3,0,0,0,0,0,0,0,0,2,0,0,0,0,0,1,0,0,0,0,0,0,0,0,0,0,0,0,0,0,0,0,0,0,0,0,0,0,0,0,0,2,0,0,0,0,0,0,0
Olipa1,19,1,7,1,2,1,0,0,1,3,3,1,5,2,9,3,4,1,0,4,18,8,2,1,3,3,7,1,2,20,1,1,2,4,1,1,3,4,14,7,6,18,6,7,3,2,1,3,12,19,9,9,1,22,18,0,16,17,0,3,1,19,1,6,6,3,1,1,1,3,0,0,1,3,11,2,1,2,4,2,7,1,5,1,0,0,1,9,3,3,4,29,25,2,1,9,1,3,1,0,1,6,1,3,0,1,3,1,2,4,1,1,3,2,25,7,7,2,20,0,1,1,3,3,1,1,1,2,4,1,3,14,2,2,2,1,2,0,2,0,2,0,1,0,0,0,0,0,0,0,1,0,0,0,0,1,0,0,1,0,1,1,0,0,2,2,1,1,0,0,0,0,0,0,0,0,0,1,0,0,0,0,0,0,0,0,0,0,0,0,0,0,1,0,0,0,0,0,0,0,0,0,0,0,0,0,0,0,0,0,0,0,1,0,1,0,0,0,0,0,0,0,0,0,0
PleosPC15_1,24,0,6,1,1,1,0,0,1,2,3,1,8,5,11,1,2,1,0,8,15,7,5,1,7,2,2,1,1,6,2,1,2,5,2,0,4,4,12,11,10,14,9,8,2,4,3,4,11,16,7,10,1,18,10,0,20,22,0,1,1,17,1,3,7,2,2,1,1,1,0,1,3,1,10,1,1,5,3,2,7,4,6,2,1,1,1,6,1,4,3,6,14,2,1,10,1,2,1,9,1,1,2,1,1,1,2,1,2,5,3,1,2,1,8,2,9,2,12,1,1,2,4,1,1,2,1,3,4,2,3,14,2,2,1,1,2,0,1,0,2,0,0,0,0,0,0,0,0,0,1,0,0,0,0,0,0,0,1,0,2,1,0,1,1,1,0,0,0,0,0,0,1,0,1,0,1,0,0,0,0,0,0,0,0,0,3,0,0,0,0,0,0,0,0,0,0,0,0,0,0,0,0,0,0,0,0,0,0,0,0,0,0,0,0,0,0,0,0,0,0,0,0,0,0
Schco1,28,0,9,1,1,1,0,0,1,2,1,1,14,5,12,0,3,1,0,10,17,7,7,1,10,2,6,1,2,10,3,1,2,5,1,2,2,5,11,4,12,15,5,7,3,3,4,2,13,12,9,12,1,13,16,0,21,21,0,1,1,17,0,6,5,2,1,1,1,2,0,0,1,3,9,1,2,5,2,3,10,4,6,1,0,0,1,7,1,4,5,4,17,2,1,2,1,2,1,4,1,1,1,3,1,1,4,2,2,3,2,1,4,1,1,1,3,6,10,1,1,2,5,2,1,1,2,3,3,3,2,13,2,4,1,1,3,0,2,0,2,1,1,0,0,0,0,0,0,0,1,0,0,0,0,3,1,0,1,0,4,1,1,1,1,0,0,0,0,1,0,0,0,0,0,0,2,0,0,0,0,0,0,0,0,0,0,0,0,0,0,0,1,0,0,0,0,0,0,0,0,0,0,0,0,0,0,0,0,0,0,0,0,0,0,0,0,0,0,0,0,0,0,0,0
Gyman1,34,0,9,1,1,1,8,0,2,2,7,1,17,6,10,4,5,1,0,13,13,9,7,1,13,3,18,1,1,9,3,1,3,6,7,0,4,5,14,7,10,15,11,8,2,6,2,5,12,28,8,17,0,16,16,0,28,20,3,2,1,18,1,5,15,5,1,1,3,1,0,1,2,6,21,1,1,9,3,2,11,4,7,2,0,1,2,5,1,2,0,2,22,2,1,0,1,2,1,0,1,2,1,3,1,1,12,1,5,4,2,1,6,2,5,0,14,5,22,0,1,3,5,1,0,1,2,2,3,4,3,17,2,4,1,1,2,0,2,0,2,0,10,0,0,0,1,0,0,0,1,0,8,0,0,5,0,2,1,0,16,1,0,1,5,0,0,1,0,0,0,0,0,1,0,0,0,1,0,0,0,0,0,0,0,0,0,0,0,0,0,0,1,0,0,0,0,0,0,0,0,0,0,0,0,0,0,0,0,0,0,1,0,0,0,0,0,0,0,0,0,0,0,0,0
Armost1,29,0,9,1,4,1,2,0,1,2,7,1,22,5,10,1,5,1,8,90,16,7,14,1,14,3,6,1,1,8,2,1,3,4,2,0,3,4,11,9,14,15,9,9,1,4,5,3,12,17,7,17,1,16,15,0,20,21,0,3,1,20,1,3,7,2,4,1,1,1,0,1,2,2,12,1,1,3,2,3,10,5,10,2,0,1,2,3,1,3,3,9,20,2,2,3,1,1,1,0,1,2,2,3,0,1,4,1,2,4,2,1,3,2,8,1,6,2,16,1,1,2,9,2,1,1,1,2,3,2,2,14,2,2,1,1,2,0,1,0,2,0,0,0,0,0,0,0,0,0,1,0,0,0,0,0,0,2,1,0,3,1,0,1,3,2,0,0,0,0,0,0,0,1,0,0,1,1,1,0,0,0,0,0,0,0,0,0,0,0,0,0,0,0,0,0,0,0,0,0,0,0,0,0,0,0,0,0,0,0,0,0,0,0,0,0,0,0,0,0,0,0,0,0,0
Amamu1,31,0,9,1,1,0,4,2,1,1,4,1,8,4,12,2,2,1,0,2,16,7,1,1,5,2,10,1,1,3,4,1,2,3,1,0,4,4,11,5,6,19,7,6,3,3,0,2,9,15,8,19,0,14,9,0,12,28,2,1,1,15,1,3,4,2,2,1,1,0,0,1,2,3,13,1,1,2,2,2,8,3,5,1,0,1,1,1,1,2,0,3,12,2,1,0,2,2,1,0,1,1,1,2,1,2,2,1,3,5,3,1,2,4,10,1,2,2,12,0,1,2,3,0,2,1,1,3,4,2,3,14,3,2,2,1,2,1,2,0,2,1,13,0,0,0,1,0,0,0,0,0,15,0,0,1,0,0,1,0,0,1,0,0,3,0,0,0,0,0,0,0,1,1,1,1,0,0,0,0,0,0,0,0,0,0,0,0,0,0,0,0,0,0,0,0,0,0,0,0,0,0,0,0,0,0,0,0,0,0,0,0,0,0,0,0,0,0,0,0,0,0,0,0,0
Agabi_varbur_1,13,1,4,1,1,1,6,11,1,2,4,1,6,3,13,2,4,1,1,8,15,11,4,1,5,4,1,1,1,7,4,1,1,2,1,1,2,3,7,4,7,9,3,6,2,1,2,3,11,12,7,8,1,13,8,1,15,14,2,1,1,17,1,3,7,2,2,1,1,1,1,2,4,2,11,1,1,3,2,1,3,3,6,1,1,1,2,2,1,3,1,5,14,2,1,2,1,2,1,2,1,3,1,2,2,1,3,1,2,3,3,1,1,2,7,1,6,2,12,2,1,2,3,1,1,2,1,2,3,2,3,14,2,1,1,1,1,0,0,0,0,0,0,0,0,0,0,0,0,0,0,0,0,0,0,0,0,0,0,0,0,0,0,0,0,0,0,0,0,0,0,0,0,0,0,0,0,0,0,0,0,0,0,0,0,0,0,0,0,0,0,0,0,0,0,0,0,0,0,0,0,0,0,0,0,0,0,0,0,0,0,0,0,0,0,0,0,0,0,0,0,0,0,0,0
Copph3,10,3,6,1,2,1,0,0,1,21,5,1,11,2,10,1,7,2,2,25,23,8,6,1,6,3,22,1,1,17,1,1,2,4,1,1,6,5,11,6,17,15,6,6,2,2,2,6,12,21,10,17,0,16,13,0,17,26,0,5,1,25,0,4,5,3,1,1,1,6,1,1,2,2,16,1,1,1,3,2,11,4,8,1,0,6,1,6,1,3,2,16,14,2,1,23,1,3,1,2,1,3,1,3,1,1,2,1,3,2,2,1,2,2,28,2,3,7,14,0,1,9,2,1,2,2,2,2,4,2,4,17,11,2,1,2,3,0,1,0,2,0,0,0,0,0,0,0,0,0,1,0,8,0,0,2,2,0,1,0,0,1,2,0,0,5,0,1,0,3,0,0,0,1,1,0,3,0,0,0,0,0,0,0,0,0,0,0,0,0,0,0,3,0,0,0,0,0,0,1,0,0,0,0,0,0,0,0,0,0,0,0,0,0,0,0,0,0,0,0,0,0,0,0,0
Copci1,10,5,7,1,1,0,1,0,1,9,3,1,9,2,9,1,4,1,1,13,16,7,3,1,5,2,7,1,1,8,3,1,2,2,0,0,4,4,9,5,14,13,5,7,3,2,2,3,9,14,7,14,0,16,7,0,16,18,4,2,1,15,0,3,5,2,2,1,1,1,3,1,1,3,11,1,1,3,2,2,4,2,6,1,2,6,1,5,1,4,1,8,9,2,1,27,1,2,1,0,1,6,0,3,1,1,2,1,3,3,1,1,2,2,9,1,1,5,4,0,1,2,3,2,1,1,2,2,4,2,4,13,2,2,1,1,1,1,1,0,2,0,0,0,0,0,0,0,0,0,1,0,0,0,0,3,0,0,1,0,0,0,1,0,0,0,0,0,0,3,0,0,1,0,0,0,0,0,0,0,0,0,0,0,0,0,0,0,0,0,0,0,0,0,0,0,0,0,0,0,0,0,0,0,0,0,0,0,0,0,0,0,0,0,0,0,0,0,0,0,0,0,0,0,0
Lacbi2,21,2,7,1,1,1,1,0,3,8,4,2,4,2,9,1,4,1,1,16,16,7,5,1,2,4,9,7,1,5,2,1,2,5,1,0,4,4,11,5,10,18,2,6,3,3,1,3,10,14,8,18,1,14,15,0,13,25,8,2,1,17,1,3,3,2,2,1,0,1,0,0,1,2,22,1,1,2,2,3,10,3,7,1,2,0,0,1,3,3,0,8,8,1,1,5,1,2,1,0,1,2,2,4,1,1,3,1,2,3,2,2,3,2,3,1,4,1,7,0,1,3,1,0,1,1,1,3,5,2,3,13,3,3,1,1,7,0,0,0,2,0,0,0,2,0,7,0,0,0,1,0,7,0,0,3,1,0,1,0,3,1,1,0,0,1,0,0,0,2,0,0,0,0,0,0,0,0,0,0,0,0,0,0,0,0,0,18,0,0,1,0,0,0,0,3,0,0,0,0,0,0,0,0,0,0,0,0,0,0,0,0,0,1,1,0,0,0,0,0,0,0,0,0,0
Hebcy2,16,0,5,1,1,1,2,0,1,5,2,1,6,3,9,2,3,1,1,15,16,7,4,1,7,3,8,1,1,6,4,1,2,4,1,0,4,4,10,7,7,18,4,6,3,2,2,3,10,13,7,18,0,17,10,1,14,19,2,3,1,17,0,3,3,2,3,1,1,1,0,1,0,4,14,1,1,1,2,3,8,3,6,1,0,2,1,3,1,3,0,3,14,2,1,8,1,2,1,1,1,2,1,3,3,1,3,1,2,4,3,2,4,2,12,2,2,1,10,0,1,2,3,2,1,1,1,2,4,2,3,14,2,2,2,1,1,0,1,0,1,0,0,0,0,1,8,0,0,0,1,0,0,0,0,1,0,0,1,0,0,1,0,0,1,1,0,0,0,0,1,0,0,1,0,0,0,0,0,0,0,0,0,0,0,0,0,0,0,0,0,0,2,0,0,0,1,0,0,0,0,0,0,0,0,0,0,0,0,0,0,0,1,0,0,0,0,0,0,0,0,0,0,0,0
Galma1,28,0,6,1,1,1,6,0,1,6,2,1,6,3,17,3,6,1,1,36,22,6,8,1,12,3,4,1,1,9,4,1,2,4,2,0,4,4,8,5,9,22,6,4,3,2,3,4,11,12,9,19,1,15,9,0,23,18,6,3,0,18,0,6,2,6,4,1,1,1,2,1,2,2,12,1,1,2,3,2,7,3,6,3,0,1,2,2,1,4,0,7,18,2,1,5,1,2,1,1,1,3,1,3,1,1,4,1,3,3,3,3,4,2,14,4,4,3,14,6,1,2,2,2,1,1,2,4,4,2,3,14,2,2,1,1,1,0,1,0,1,0,2,0,0,0,6,0,0,0,1,0,19,0,0,1,1,2,1,0,5,1,0,0,1,0,0,2,0,0,0,0,0,0,0,0,0,0,0,0,0,0,0,0,0,0,1,0,0,0,0,1,2,0,0,0,1,0,0,0,0,0,0,0,0,0,0,0,0,0,0,0,0,0,0,0,0,0,0,0,0,0,0,0,0
Hetan2,28,0,4,1,1,1,4,0,1,3,4,1,5,3,15,2,3,1,0,6,14,7,3,1,6,3,4,1,1,5,2,1,2,3,1,1,3,3,9,8,7,27,7,6,3,3,0,4,11,13,8,10,1,15,9,0,21,17,0,1,1,12,0,3,8,2,1,1,1,1,0,1,2,3,12,1,1,2,1,5,6,3,6,2,0,1,1,2,1,2,1,2,17,2,1,1,1,1,1,0,1,4,1,3,0,1,1,1,2,2,2,0,2,2,5,1,4,0,10,1,1,2,5,1,2,2,1,2,5,2,3,14,2,2,1,2,1,0,1,0,2,0,0,0,0,0,0,0,0,0,0,0,11,0,0,0,1,0,1,0,4,1,0,0,1,0,0,0,0,0,0,0,0,1,0,0,0,0,0,0,0,0,0,0,0,0,1,0,0,0,0,0,0,0,0,0,0,0,0,0,0,0,0,0,0,0,0,0,0,1,0,0,0,0,0,0,0,0,0,0,0,0,0,0,0
Trave1,52,2,6,1,1,1,2,5,1,1,4,1,4,4,9,12,3,1,0,7,16,10,2,1,11,2,5,1,1,5,0,1,2,4,1,1,3,3,8,5,14,16,6,5,2,2,0,3,10,16,9,11,0,20,12,0,21,24,0,2,1,18,3,4,7,4,2,1,1,1,0,1,2,3,17,1,1,3,2,4,7,3,6,2,0,0,3,3,2,3,1,4,17,2,1,2,1,2,1,0,1,1,1,3,0,1,2,0,2,4,3,1,4,2,5,2,2,4,24,0,1,2,5,2,1,1,1,3,3,2,3,14,2,2,1,4,1,0,1,0,2,0,1,0,0,0,0,0,0,0,1,0,0,0,0,0,0,0,0,0,8,1,0,0,1,2,0,0,0,0,0,0,0,0,0,0,0,0,0,0,0,0,0,0,0,0,0,0,0,0,0,0,0,0,0,0,0,0,0,0,0,0,0,0,0,0,0,0,0,0,0,0,0,0,1,0,0,0,0,0,0,0,0,0,0
Pilcr1,45,0,6,1,1,1,5,0,1,3,11,1,5,7,14,2,6,1,0,32,17,7,3,1,12,4,6,1,4,5,3,2,2,4,1,0,4,4,14,8,6,18,6,6,3,4,2,4,11,14,9,11,0,16,16,0,19,18,0,4,1,17,0,3,13,2,1,1,1,1,0,1,3,1,12,1,1,2,3,4,12,4,6,1,0,0,3,2,1,2,0,1,15,2,1,0,1,1,1,0,1,5,1,3,1,1,4,1,12,5,3,1,3,2,3,5,4,4,15,1,1,4,2,0,1,1,1,5,4,2,3,14,2,2,2,1,2,0,1,0,2,0,0,0,0,0,0,0,0,0,1,0,12,0,0,4,0,0,1,0,5,1,0,0,5,1,0,0,0,0,0,1,0,1,0,1,1,0,0,0,0,0,0,0,0,0,0,0,0,0,0,1,0,0,0,0,0,0,0,2,0,0,0,0,0,0,0,1,0,0,0,0,0,0,0,0,0,0,0,0,0,0,0,0,0
Paxin1,36,0,7,1,1,1,15,0,1,1,7,1,6,2,8,1,2,1,0,5,16,8,2,1,7,5,4,1,1,2,4,0,2,4,1,1,3,4,12,7,9,25,11,8,3,15,3,2,14,17,9,12,1,21,13,0,24,19,1,3,0,26,0,4,7,3,2,0,1,0,0,1,1,3,13,1,1,2,2,7,6,3,8,1,1,0,2,2,1,3,0,33,16,2,1,0,1,2,1,0,1,4,1,3,0,1,2,0,2,3,2,1,3,8,2,4,4,1,10,1,1,2,2,1,2,1,1,6,3,3,5,15,2,2,1,4,3,0,0,0,2,1,1,0,0,0,0,0,0,0,1,0,5,0,0,1,0,0,0,0,2,1,0,0,5,0,0,0,0,0,0,0,0,1,0,1,0,0,0,0,0,0,0,0,0,0,0,0,0,0,0,1,5,0,0,0,0,0,0,0,0,0,0,0,0,0,0,0,0,0,0,0,0,0,0,0,0,0,0,0,0,0,0,0,0
Sclci1,21,0,9,1,1,1,1,5,0,1,3,1,4,2,13,0,2,1,0,4,16,7,4,1,6,3,18,1,1,1,3,1,2,7,1,1,3,4,17,5,10,15,10,7,3,5,0,2,9,16,10,8,2,14,15,0,13,18,1,2,0,18,1,4,6,2,2,0,1,0,0,0,1,4,8,1,1,6,3,2,7,3,6,1,0,0,2,1,1,3,0,7,21,2,1,0,1,2,1,0,3,0,1,3,0,1,2,0,14,3,3,1,2,8,2,2,2,1,12,0,1,2,3,1,1,1,1,3,4,4,5,14,3,2,4,1,1,0,2,0,2,1,0,0,0,0,0,0,0,0,0,0,0,0,0,0,0,0,1,0,1,1,0,0,0,0,0,0,0,0,0,0,0,1,0,1,0,0,0,0,1,0,0,0,0,0,0,0,0,0,0,0,0,0,0,1,0,0,0,0,0,0,0,0,0,0,0,0,0,0,0,0,0,0,0,0,0,0,0,0,0,0,0,0,0
Pismi1,16,0,10,1,1,1,1,2,0,1,6,2,6,3,8,1,2,1,0,2,15,7,3,1,4,5,10,1,1,3,1,1,2,5,1,1,2,3,14,8,11,17,10,6,2,4,4,2,10,18,8,12,2,15,10,0,22,22,12,2,1,17,0,3,4,4,1,0,1,0,0,1,4,1,12,1,1,4,3,3,8,3,6,1,0,0,3,2,1,2,0,1,12,2,3,0,1,3,3,0,1,0,1,3,0,1,0,2,5,4,5,1,2,1,2,2,4,1,5,0,1,3,2,1,0,1,1,2,4,2,3,15,1,2,1,2,1,0,0,0,2,1,0,0,0,0,0,0,0,0,0,0,0,0,0,0,0,0,2,0,0,2,0,0,0,0,0,0,0,0,0,0,0,1,0,1,0,0,0,0,0,0,0,0,0,0,0,0,0,0,0,0,0,0,0,1,0,0,0,0,0,0,0,0,0,0,0,0,0,0,0,0,0,0,0,0,0,0,0,0,0,0,0,0,0
Tubae1,3,0,5,0,1,0,1,0,1,2,3,1,8,2,5,1,3,0,0,1,13,6,2,1,5,3,2,1,1,5,1,1,2,4,1,1,2,3,11,3,10,14,8,7,3,1,0,3,6,13,8,8,1,11,12,0,10,19,0,3,1,18,2,4,5,2,1,1,0,1,0,0,1,3,8,1,1,2,2,2,7,3,5,0,0,2,4,1,0,1,0,1,7,2,1,0,1,1,4,0,1,1,1,3,0,1,1,0,2,5,2,0,1,0,6,0,10,0,4,0,1,2,2,2,1,2,1,3,5,1,4,11,2,3,1,2,1,1,1,0,1,1,0,1,0,0,0,0,0,0,2,0,32,0,0,2,0,0,0,0,0,0,2,0,1,1,0,0,0,1,0,1,0,0,0,1,0,0,0,3,0,0,0,0,0,0,0,0,0,0,0,0,0,0,0,0,0,0,0,0,0,0,0,0,0,0,0,0,0,0,0,0,0,0,0,0,0,0,0,0,0,0,0,0,0
Tubma1,3,0,3,1,1,1,0,0,1,2,4,1,6,3,7,0,3,1,0,1,14,6,1,1,5,3,3,1,1,5,2,1,3,1,1,1,3,4,12,6,12,18,8,6,3,3,0,4,10,14,11,6,1,9,15,0,15,18,0,4,1,17,2,5,3,2,1,1,0,1,0,0,1,3,7,1,1,2,0,2,6,2,5,1,1,2,2,1,0,2,0,1,5,2,1,0,1,1,1,0,1,1,1,3,1,2,1,1,2,10,2,0,1,1,5,0,4,0,4,0,1,2,2,0,1,2,1,2,4,1,4,14,2,1,1,1,1,0,0,0,1,1,0,1,0,0,0,0,0,0,2,0,5,0,0,3,1,0,0,0,0,1,2,0,1,1,0,0,0,1,0,0,0,0,0,1,0,0,0,1,0,0,0,0,0,0,0,0,0,0,0,0,0,0,0,0,0,0,0,0,0,0,0,0,0,0,0,0,0,0,0,0,0,0,0,0,0,0,0,0,0,0,0,0,0
Morco1,3,0,5,1,2,1,0,0,1,2,4,1,9,4,11,5,2,1,0,2,16,8,1,1,6,2,3,1,1,7,2,1,3,2,2,0,3,4,10,8,19,14,8,7,3,2,0,3,9,12,11,18,1,9,14,0,15,18,0,7,1,18,2,3,7,2,1,1,0,1,0,0,1,3,6,2,1,2,0,2,10,2,5,1,0,1,2,2,0,2,0,1,6,2,1,1,1,0,1,0,1,2,1,3,1,1,1,0,2,3,3,0,2,2,7,0,4,3,5,0,1,2,4,0,1,2,1,3,4,1,4,14,1,4,1,1,1,2,1,0,2,1,0,1,0,0,0,0,0,0,2,0,23,0,0,1,0,1,0,0,0,1,1,0,2,0,0,0,0,1,0,1,0,0,0,1,0,0,0,1,0,0,0,0,0,0,2,0,0,0,0,0,0,0,0,0,0,0,0,0,0,0,0,0,0,0,0,0,0,0,0,0,0,0,0,0,0,0,0,0,0,0,0,0,0
Botci1,21,0,4,0,1,1,1,4,1,4,4,1,15,2,7,2,4,1,0,2,17,8,2,1,10,2,3,1,1,6,3,0,1,3,0,0,3,2,10,4,8,14,5,6,3,1,0,5,9,14,8,5,1,10,9,0,21,21,0,2,1,14,2,3,5,2,0,1,1,3,0,0,1,3,9,3,1,2,3,3,7,2,6,1,0,1,1,0,0,3,2,0,11,2,1,0,1,1,1,0,1,4,1,2,0,1,0,0,2,2,3,1,2,0,4,0,1,4,10,0,1,2,4,0,2,2,1,4,4,1,2,12,2,3,2,1,2,1,1,0,1,1,3,1,0,0,1,0,0,0,2,1,2,1,0,4,0,2,0,0,1,0,2,1,2,0,0,1,0,1,0,0,0,0,0,1,0,0,0,1,0,0,0,0,0,0,0,0,1,1,0,0,0,0,0,0,0,0,0,0,0,0,0,0,0,0,0,0,0,0,0,0,0,0,0,0,0,0,0,0,0,0,0,0,0
Sclsc1,13,0,5,1,1,1,2,4,1,4,1,1,9,2,7,7,4,1,0,1,15,8,1,1,7,2,3,1,1,6,3,1,1,2,0,0,4,3,11,3,9,8,5,6,3,3,0,3,6,13,9,5,1,10,9,0,12,20,0,4,1,16,1,3,5,2,1,0,1,3,0,0,1,3,8,2,1,0,4,3,7,3,7,0,0,1,0,1,0,4,2,0,9,2,1,0,1,1,3,0,1,4,1,3,0,1,1,0,3,3,2,0,1,2,4,0,2,1,9,0,1,2,3,0,3,2,2,4,4,1,1,11,2,3,2,2,3,0,1,0,2,1,2,1,1,0,0,0,0,0,2,0,1,1,0,3,1,1,0,0,2,1,3,0,2,0,0,0,0,1,0,0,0,0,0,1,0,0,0,1,0,1,0,0,0,0,0,0,0,0,0,0,0,0,0,0,0,1,0,0,0,0,0,0,0,0,0,0,0,0,0,0,0,0,0,0,0,0,0,0,0,0,0,0,0
Oidma1,35,0,4,1,1,1,0,0,1,5,10,2,25,3,8,10,4,1,0,5,15,7,6,1,28,3,4,1,1,16,3,1,2,3,0,0,4,4,9,8,11,16,12,6,3,3,0,4,7,13,11,6,1,10,8,0,24,26,0,2,1,18,2,4,6,5,2,0,1,1,0,2,3,3,9,2,3,1,8,3,9,3,6,3,0,1,2,3,0,2,0,0,23,2,1,0,1,1,1,1,1,8,1,3,0,1,2,0,2,3,3,2,2,3,13,4,5,10,12,0,1,2,5,3,1,1,2,10,3,1,4,13,3,5,1,3,3,0,1,0,1,1,11,1,0,0,0,0,0,1,1,1,10,0,0,2,1,16,1,0,5,1,1,0,2,3,1,0,0,1,0,0,0,0,0,1,0,0,0,0,3,0,1,0,1,0,0,0,0,0,0,1,3,0,0,1,0,0,0,0,0,0,0,0,0,0,0,0,1,0,0,0,0,0,0,0,0,0,0,0,0,0,0,0,0
Zalva1,33,0,4,1,1,1,0,0,1,5,10,1,16,3,8,9,6,1,0,3,14,7,6,1,21,2,4,1,1,13,4,1,2,2,1,0,5,4,9,11,17,17,8,8,3,3,0,5,7,14,11,13,1,11,11,0,27,24,0,5,1,18,1,3,7,3,1,2,1,3,1,0,3,2,10,2,5,2,9,2,8,3,5,3,0,5,2,2,0,3,2,0,22,2,1,1,1,2,3,0,1,1,1,3,1,1,3,0,2,4,3,1,2,3,12,0,9,9,12,0,1,2,5,1,4,2,2,10,3,1,2,12,2,3,2,3,3,1,2,0,2,1,8,1,0,0,2,0,0,1,1,1,10,0,0,3,1,9,0,0,2,1,2,0,5,1,0,1,0,1,0,0,0,0,0,1,1,0,0,1,4,0,0,0,1,0,0,0,0,0,0,0,0,0,0,0,2,0,0,0,0,0,0,0,0,0,0,0,0,0,0,0,1,0,0,0,0,0,0,0,0,0,0,0,0
Ascsa1,15,0,4,1,1,1,1,0,1,3,2,1,21,3,9,4,4,1,0,2,16,8,3,1,10,2,2,1,1,5,3,1,3,2,0,0,4,4,10,4,8,14,5,7,3,2,0,3,7,9,11,6,1,8,9,0,17,18,0,2,0,18,1,4,9,2,0,1,1,1,0,1,2,2,9,2,2,2,4,2,8,3,5,1,1,1,2,1,0,2,1,0,14,2,1,0,2,1,3,0,1,2,1,3,0,1,1,0,2,2,4,0,1,1,4,0,5,2,9,0,1,2,4,1,2,2,2,2,4,1,2,11,2,2,1,1,2,1,1,0,2,1,4,1,0,0,0,0,0,1,2,1,2,0,0,1,1,1,0,0,1,1,1,0,0,0,0,1,0,1,0,0,0,0,0,0,0,0,0,1,1,0,0,0,0,0,0,0,0,0,0,0,0,0,0,0,0,0,0,0,0,0,0,0,0,0,0,0,0,0,0,0,0,0,0,0,0,0,0,0,0,0,0,0,0
Chalo1,50,2,3,1,1,1,0,0,1,6,9,1,27,2,9,10,5,1,0,8,15,10,4,1,18,4,3,1,1,17,3,1,2,2,1,0,4,4,11,6,12,18,5,8,3,5,0,3,7,11,12,14,1,12,8,0,33,19,0,3,1,21,3,5,12,6,1,2,1,1,0,1,3,2,11,2,3,1,4,3,11,3,7,3,1,2,2,4,0,3,0,0,27,2,1,0,1,3,3,0,1,5,1,3,2,1,3,0,2,3,3,1,2,2,17,2,10,6,21,0,1,2,7,2,4,2,2,7,5,1,2,13,2,5,1,2,3,2,3,0,2,1,16,1,2,0,1,0,0,2,1,1,10,0,0,5,1,8,0,0,8,1,1,0,1,1,0,1,0,0,0,1,0,0,0,1,0,0,0,1,2,0,1,0,1,0,0,0,0,0,0,0,1,0,0,0,1,0,0,0,0,0,0,0,0,0,0,0,0,0,0,0,0,0,0,0,0,0,0,0,0,0,0,0,0
Melva1,43,1,4,1,1,1,0,0,1,4,14,1,28,2,9,10,5,1,0,4,15,9,4,1,20,3,3,1,1,17,4,1,2,2,2,0,4,4,12,6,11,17,6,7,3,3,0,3,7,11,12,10,1,11,11,0,31,20,0,2,0,21,4,5,10,8,1,2,1,1,0,1,3,2,11,2,3,2,5,4,10,3,8,1,0,1,2,4,0,3,0,0,26,2,2,0,1,3,2,0,1,4,1,3,1,1,3,0,2,3,3,1,1,2,14,1,10,7,19,0,1,2,6,2,5,2,2,12,6,1,3,13,2,6,1,3,4,1,3,0,2,1,11,1,1,0,0,0,0,1,1,1,12,0,0,3,1,16,0,0,8,1,1,0,1,0,0,1,0,1,0,0,0,0,0,0,0,0,0,1,3,0,1,1,1,0,0,0,0,0,1,0,0,0,0,0,1,0,0,0,0,0,0,0,0,0,0,0,0,0,0,0,0,0,0,0,0,0,0,0,0,0,0,0,0
Melbi2,27,1,3,1,1,1,0,0,1,6,7,1,18,4,8,4,5,1,0,7,15,7,4,1,14,3,3,1,1,9,5,1,2,2,1,0,3,4,10,8,10,15,8,8,3,2,0,3,7,12,11,13,1,10,10,0,28,22,0,4,1,21,1,4,7,3,1,2,1,1,0,1,2,2,10,2,1,1,5,3,9,3,8,1,0,2,2,3,0,3,1,1,20,2,1,0,1,2,2,0,1,5,1,3,1,2,3,0,2,3,3,1,1,1,15,0,6,7,16,0,1,2,4,2,3,2,2,9,5,1,1,13,1,5,1,2,5,1,2,0,2,1,6,1,1,0,0,0,0,1,2,1,13,1,0,3,1,4,0,0,4,1,1,0,1,0,1,0,0,0,0,0,0,0,0,1,0,0,0,2,2,0,1,1,1,0,0,0,0,0,0,0,1,0,0,1,2,0,0,0,0,0,0,0,0,0,0,0,0,0,0,0,0,0,0,0,0,0,0,0,0,0,0,0,0
Rhier1,28,1,4,1,1,1,0,0,1,6,7,1,17,2,7,6,4,1,0,5,16,8,4,1,13,2,4,1,1,7,3,1,2,2,0,0,3,4,12,8,11,15,10,9,4,3,0,3,6,12,11,5,1,9,11,0,22,20,0,3,1,24,1,5,8,3,1,1,1,1,0,0,2,2,12,2,1,1,4,3,10,3,8,1,1,1,2,3,0,3,0,0,14,2,1,0,2,2,3,0,1,4,1,3,2,1,3,0,2,3,3,1,2,2,4,0,3,5,8,0,1,2,4,2,3,2,2,6,5,1,3,13,2,4,1,4,3,1,1,0,2,1,7,0,1,0,0,0,0,1,2,1,7,2,0,3,1,5,0,0,7,1,1,0,1,0,0,1,0,1,0,0,1,0,0,0,0,0,0,1,2,0,1,0,1,0,0,0,0,0,0,1,0,0,0,1,1,0,0,0,0,0,0,0,0,0,0,0,0,0,0,0,0,0,0,0,0,0,0,0,0,0,0,0,0
Phisc1,38,1,3,1,1,1,0,0,2,5,8,1,28,3,8,7,4,1,0,5,16,10,4,1,21,2,2,1,1,11,4,1,2,2,1,0,4,4,12,9,12,17,13,7,3,1,0,4,7,11,11,14,1,11,10,0,27,22,0,4,1,21,3,4,8,4,1,1,1,1,1,1,4,2,11,2,4,5,10,5,10,3,8,1,0,3,3,3,0,3,0,0,28,2,1,0,1,2,2,0,1,7,1,3,1,1,4,0,2,2,3,1,1,3,15,0,7,8,19,0,1,2,10,0,3,1,2,8,3,1,1,14,2,4,2,3,4,2,2,0,2,1,6,1,0,0,0,0,0,1,2,1,7,1,0,2,1,7,0,0,1,1,0,0,0,1,0,1,0,0,0,0,0,0,0,1,0,0,0,1,4,1,1,1,1,0,0,0,0,0,0,2,1,0,0,0,1,0,0,0,0,0,0,0,1,0,0,0,1,0,0,0,0,0,0,0,0,0,0,0,0,0,0,0,0
Rhesp1,27,1,3,1,1,1,0,0,1,3,9,1,20,3,7,5,4,1,0,3,14,9,3,1,11,2,5,1,1,14,2,1,2,2,0,0,5,5,11,6,9,13,9,7,3,3,0,3,8,11,10,9,1,10,15,0,23,18,0,4,0,18,2,5,7,4,1,2,1,4,0,1,2,2,8,2,1,3,6,2,7,3,7,1,0,9,3,4,0,3,2,2,24,2,1,6,1,1,1,0,1,8,1,3,0,1,2,0,2,3,3,2,1,1,26,1,7,6,14,0,1,2,7,0,2,2,2,12,3,1,1,13,2,3,1,2,2,1,2,0,1,1,2,1,1,0,1,0,0,1,2,1,7,1,0,2,1,8,0,0,3,1,1,0,1,0,0,1,0,0,0,0,0,0,0,1,0,0,0,0,1,0,1,0,1,0,1,0,0,0,1,1,1,0,0,0,0,0,0,0,0,0,0,0,0,0,0,0,0,0,0,0,0,0,0,0,0,0,0,0,0,0,0,0,0
Lepor2,30,1,4,1,1,1,0,0,1,5,15,1,22,2,8,11,6,1,0,6,15,9,3,1,18,2,6,1,1,10,6,1,2,2,1,0,4,5,10,6,14,18,10,8,3,4,0,5,6,12,10,11,1,14,13,0,27,20,0,3,0,18,1,6,9,7,1,2,1,3,0,1,2,2,8,2,1,5,7,2,10,3,6,2,0,10,3,4,0,4,3,2,25,2,1,7,1,3,3,0,1,8,1,3,0,2,3,0,2,2,3,1,1,1,34,2,12,8,19,0,1,2,2,3,2,2,2,13,3,1,1,13,2,5,1,1,3,1,2,0,1,1,1,1,1,0,0,0,0,2,2,1,11,2,0,6,1,22,0,0,3,1,1,0,5,2,0,1,0,1,0,0,0,0,0,1,0,0,0,0,1,0,1,0,1,0,0,0,0,0,0,2,2,0,0,0,0,0,0,0,0,0,0,0,0,0,0,0,0,0,0,0,0,0,0,0,0,0,0,0,0,0,0,0,0
Phimu1,29,1,3,1,1,1,0,0,1,5,12,1,17,2,7,9,4,1,0,2,15,11,4,1,14,2,3,1,1,13,3,1,2,2,0,0,4,5,11,7,12,14,6,8,3,4,0,4,8,12,9,9,1,16,9,0,25,19,0,5,1,19,0,5,9,5,2,2,1,4,0,0,2,2,8,2,2,4,8,3,10,3,7,1,0,8,3,4,0,3,2,2,23,2,1,5,1,1,1,0,1,8,1,3,1,1,3,0,2,3,3,1,1,0,23,0,10,8,12,0,1,2,2,0,2,2,2,9,3,1,1,13,2,4,1,1,2,0,2,0,1,1,1,1,1,0,1,0,0,1,2,1,5,1,0,2,1,16,1,0,2,1,1,0,3,1,0,1,0,0,0,0,0,0,0,1,0,0,0,0,2,0,1,0,1,0,0,0,0,0,0,1,2,0,0,0,0,0,0,0,0,0,0,0,0,0,0,0,0,0,0,0,0,0,0,0,0,0,0,0,0,0,0,0,0
Cadsp1,29,1,3,1,1,1,0,0,1,6,18,2,20,2,7,7,5,1,0,2,15,13,4,1,20,2,4,1,1,14,3,1,2,3,1,0,5,5,12,7,15,16,10,6,3,4,1,3,7,12,11,15,1,15,14,0,36,21,0,3,0,21,1,5,6,7,1,2,2,4,0,0,2,2,9,2,5,6,8,4,10,3,6,2,0,9,5,4,0,3,2,2,28,2,1,10,2,3,7,0,1,8,1,3,2,1,2,0,3,3,3,2,1,2,35,0,8,7,19,0,1,2,2,0,2,2,2,12,3,1,2,13,2,6,1,3,2,2,1,0,1,1,3,1,1,1,0,0,0,1,2,1,18,3,0,6,1,12,1,0,2,1,1,0,4,1,0,1,0,0,1,0,0,0,0,1,0,0,0,1,4,0,1,0,1,0,0,0,0,0,1,2,1,1,0,0,0,0,0,0,0,0,0,0,0,0,0,0,0,0,0,0,0,0,0,0,0,0,0,0,0,0,0,0,0
Helo229,23,1,3,1,1,1,1,18,1,2,7,1,10,1,6,5,4,1,0,5,15,9,3,1,10,1,8,1,1,10,2,1,2,1,1,0,3,3,7,5,10,10,7,4,3,2,0,3,4,11,5,9,1,7,7,0,18,21,0,2,0,14,1,3,4,4,1,2,1,4,0,1,4,2,8,2,1,2,2,1,10,3,5,1,0,5,3,3,0,3,1,1,12,2,1,6,0,2,3,0,1,4,0,3,1,0,1,0,2,2,2,1,0,1,18,0,5,7,10,0,0,2,2,1,2,1,2,6,3,1,1,12,1,5,1,1,1,0,1,0,1,1,0,0,1,0,0,0,0,0,2,1,2,1,0,3,1,2,0,0,2,0,1,0,2,1,0,1,0,0,0,0,0,0,0,1,0,0,0,0,0,0,1,0,1,0,0,0,0,0,1,1,1,0,0,0,0,0,0,0,0,0,0,0,0,0,0,0,0,0,0,0,0,0,0,0,0,0,0,0,0,0,0,0,0
Truan1,27,0,4,1,1,1,1,0,1,4,5,1,22,5,10,6,5,1,0,9,17,9,4,1,18,2,2,1,1,9,2,1,2,3,0,0,4,4,13,7,18,15,8,8,3,2,0,5,7,13,10,9,1,10,10,0,31,19,0,2,0,22,2,4,4,7,1,1,1,5,0,0,3,2,9,2,2,3,4,2,4,3,7,2,1,2,4,5,0,4,2,1,25,2,1,2,1,1,1,0,1,5,1,3,1,1,2,0,2,3,4,2,0,2,15,4,6,9,16,0,1,2,4,1,2,1,1,5,6,1,3,13,3,3,1,1,3,0,1,0,1,1,5,1,1,0,0,1,0,0,1,1,5,0,0,4,2,6,0,1,4,1,1,1,1,0,1,1,0,0,1,0,0,0,0,0,0,0,0,0,1,2,0,0,1,0,0,0,0,0,0,1,1,0,0,0,3,0,0,0,0,1,0,0,0,0,0,0,0,0,0,0,0,0,0,0,0,0,0,0,0,0,0,0,0
DalEC12_1,18,0,3,1,1,1,0,0,2,4,2,1,16,3,7,7,4,1,0,5,15,8,2,1,16,4,2,1,1,7,2,1,2,2,1,0,3,4,10,5,8,16,8,9,2,2,0,2,7,14,11,6,1,13,8,0,21,19,0,3,1,21,2,3,7,2,1,1,2,5,0,0,4,2,7,2,3,3,3,2,5,3,5,3,0,3,3,3,0,3,2,1,18,2,1,1,1,1,2,0,1,6,1,3,0,1,1,0,1,2,3,1,0,3,21,0,6,6,9,0,1,2,5,0,2,2,2,4,4,1,3,14,3,4,1,1,3,0,1,0,1,1,4,1,1,1,1,0,0,1,0,1,2,0,0,2,1,0,0,0,2,1,0,1,0,0,0,1,0,0,0,0,0,0,0,0,0,0,0,0,1,0,1,0,1,0,0,0,0,0,0,0,1,0,0,0,1,0,0,0,0,1,0,0,0,0,0,0,0,0,0,0,0,0,0,0,0,0,0,0,0,0,0,0,0
Micbo1,15,0,3,1,1,1,0,0,1,4,9,1,16,3,7,4,4,1,0,2,15,9,4,1,11,2,2,1,1,9,2,1,2,2,0,0,3,5,11,6,15,17,5,10,3,3,0,4,7,12,12,8,1,12,16,0,20,17,0,5,1,24,1,4,6,3,1,1,1,7,0,0,6,4,8,2,4,2,9,2,5,3,5,3,1,5,2,5,0,4,1,2,19,2,1,10,1,1,1,0,1,3,1,3,0,1,2,0,2,2,3,2,1,1,23,2,5,3,11,0,1,2,2,1,2,2,2,10,4,1,3,14,3,3,1,1,3,0,2,0,1,1,0,2,1,1,0,0,0,1,0,0,1,4,1,2,1,7,0,0,0,1,0,1,1,1,1,1,0,0,1,0,1,0,0,0,1,0,0,0,0,0,0,1,0,0,0,0,0,0,0,0,1,0,1,0,1,0,0,0,0,3,0,0,0,0,0,0,0,0,0,0,0,0,0,0,0,0,0,0,0,0,0,0,0
Mictri1,14,0,3,1,1,2,0,0,1,3,10,1,20,3,7,4,4,1,0,4,16,10,4,1,14,3,2,1,1,10,1,1,2,3,0,0,3,5,9,11,11,12,7,9,3,2,0,5,9,13,11,7,1,11,11,0,24,18,0,4,1,20,1,4,7,4,1,1,4,6,0,1,6,3,8,2,7,3,9,2,6,3,5,3,1,6,2,5,0,4,1,2,23,2,1,10,1,1,1,0,1,4,1,3,0,1,4,0,2,1,3,1,1,1,37,2,7,5,14,0,1,2,2,0,2,2,1,7,4,1,4,14,3,3,1,1,2,0,1,0,1,1,1,1,1,2,0,0,0,0,0,1,9,8,1,2,1,15,0,0,1,1,0,0,1,1,1,1,0,0,0,0,0,0,0,1,2,0,0,0,0,0,0,1,1,0,0,0,0,0,0,0,1,0,1,0,1,0,0,0,0,3,0,0,0,0,0,0,0,0,0,0,0,0,0,0,0,0,0,0,0,0,0,0,0
Falor1,24,1,4,1,1,1,1,0,1,5,2,1,12,3,6,5,5,1,0,9,15,7,4,1,5,1,3,1,1,8,2,1,3,2,0,1,3,3,7,8,10,15,5,9,3,2,0,3,5,17,10,6,1,10,8,0,21,17,0,2,0,16,0,3,4,2,1,2,2,8,0,1,2,2,8,2,1,2,5,2,8,2,5,2,0,8,2,4,0,5,1,1,12,2,1,3,1,0,2,0,1,5,1,3,0,1,0,0,2,1,3,1,0,2,43,0,7,3,8,0,1,2,6,0,2,2,2,3,4,1,1,14,4,3,1,1,2,0,1,1,1,1,3,1,2,1,0,1,0,0,2,1,4,1,0,1,1,3,0,0,3,1,0,0,1,0,0,1,0,0,0,0,0,0,0,1,0,0,0,0,0,0,0,0,0,0,0,0,0,0,0,0,1,0,1,0,0,1,0,0,0,0,1,0,1,0,0,0,0,0,0,0,0,0,0,0,0,0,0,0,0,0,0,0,0
Maggr1,19,1,3,1,1,1,1,0,1,5,2,1,11,2,6,2,4,1,0,2,13,8,4,1,4,1,3,1,1,8,1,1,3,2,0,0,3,4,11,3,11,16,6,8,2,2,0,3,7,16,10,9,1,10,7,0,18,18,0,1,1,19,1,3,4,2,2,2,1,11,0,0,0,3,9,2,2,2,3,2,8,2,5,3,0,6,2,5,0,4,5,1,11,2,1,2,1,1,2,0,1,6,1,3,0,1,3,0,1,2,2,1,0,1,24,0,5,4,6,0,1,2,6,0,2,2,2,3,4,1,3,12,3,3,1,1,2,0,1,1,1,1,2,1,1,0,0,0,0,0,2,1,0,0,1,4,1,3,1,0,2,1,2,1,0,0,1,0,0,1,0,0,0,0,0,0,0,0,0,0,0,0,0,0,0,0,0,0,0,0,0,0,0,0,2,0,0,0,0,0,0,0,0,0,0,0,0,0,0,0,0,0,0,0,0,0,0,0,0,0,0,0,0,0,0
Neucr2,20,0,5,1,1,1,1,0,1,5,3,1,14,2,6,2,5,1,0,2,16,13,3,2,4,1,5,1,1,4,2,1,2,2,0,0,3,5,12,5,11,12,13,9,2,2,0,3,8,14,9,4,1,12,11,0,14,20,0,3,1,22,1,3,5,2,1,1,0,2,0,0,1,3,10,2,1,2,1,2,4,2,6,3,0,0,2,1,0,3,2,0,15,2,1,2,1,1,1,0,1,2,2,3,0,1,3,0,2,2,2,0,2,2,6,0,4,4,4,0,1,2,3,0,2,5,3,2,5,1,2,13,3,2,1,1,2,0,1,0,1,0,1,1,1,0,0,0,0,0,3,0,0,0,0,3,2,2,0,0,3,1,3,1,0,0,0,0,0,3,0,0,0,0,0,1,0,0,0,0,0,0,0,0,0,0,0,0,0,0,0,0,0,0,0,0,1,0,0,0,0,0,0,0,0,0,0,0,0,0,0,0,0,0,0,1,0,0,0,0,1,0,0,0,0
Sorhu1,19,0,3,1,1,1,0,0,1,4,3,1,11,2,6,2,3,1,0,2,13,9,3,1,4,1,3,1,1,5,2,1,2,2,0,0,3,4,10,3,9,12,6,7,2,2,0,3,7,12,9,7,1,10,10,0,13,16,0,2,1,20,1,3,4,3,1,1,0,2,0,0,1,3,9,2,1,2,2,2,3,2,4,2,0,1,2,2,0,3,1,0,12,2,1,2,1,1,1,0,1,2,1,3,0,1,3,0,1,3,3,0,1,2,8,0,5,5,4,0,1,2,3,0,1,2,2,1,5,1,2,12,3,2,1,1,2,0,1,0,1,1,4,1,0,0,0,0,0,0,2,0,0,0,0,2,2,1,0,0,2,1,2,0,0,0,0,1,0,2,0,0,0,0,0,1,0,0,0,0,0,0,0,0,0,0,0,0,0,1,0,0,0,0,0,0,0,0,0,0,0,0,0,0,0,0,0,0,0,0,0,0,0,0,0,0,0,0,0,0,0,0,0,0,0
Thite2,23,0,3,1,1,1,0,0,0,4,2,1,17,3,6,4,5,0,0,2,14,6,3,1,6,1,4,1,1,5,1,1,2,2,0,0,2,4,12,4,11,10,5,7,2,2,0,3,9,12,8,8,1,8,11,0,15,17,0,2,1,20,1,3,5,3,1,1,1,2,0,0,1,3,7,2,1,1,2,2,4,3,4,2,1,0,2,2,0,3,0,0,10,2,1,0,1,1,2,0,1,1,1,3,0,0,3,0,2,3,3,0,0,1,9,0,1,3,5,0,1,2,2,0,2,2,1,3,3,1,2,12,3,2,1,1,2,0,1,0,1,0,5,1,0,1,0,0,0,0,2,0,0,0,0,2,1,2,1,0,0,1,2,0,0,1,1,1,0,1,0,0,0,0,0,0,0,0,0,0,0,0,0,0,0,0,0,0,0,0,0,0,1,0,0,1,0,2,0,0,0,0,0,0,0,0,0,0,0,0,0,0,0,0,0,0,0,0,0,0,0,0,0,0,1
Spoth2,18,0,4,1,1,1,0,0,1,2,2,1,10,2,6,1,4,1,0,2,15,7,3,1,6,1,3,1,1,5,2,1,1,2,0,0,3,4,11,3,9,12,6,7,3,2,0,3,6,14,9,7,1,12,10,0,11,16,0,3,1,22,1,3,4,2,1,1,0,3,0,0,1,3,8,2,1,2,1,2,6,3,4,2,1,2,2,2,0,3,0,0,10,2,1,1,1,1,1,0,1,2,1,3,0,1,4,0,2,4,3,1,1,2,7,0,3,3,5,0,1,2,3,0,2,2,1,4,3,2,2,11,3,2,1,1,2,0,1,0,1,1,4,0,0,0,0,0,0,0,2,0,0,0,0,2,2,1,1,0,0,1,1,1,1,0,1,0,0,1,0,0,0,0,0,0,0,0,0,0,0,0,0,0,0,0,0,0,0,0,0,1,0,0,0,1,0,0,0,0,0,0,0,0,0,0,0,0,0,0,0,0,0,0,0,0,0,0,0,0,0,0,1,1,0
Chame1,20,0,3,1,1,1,0,0,0,3,2,1,17,2,7,6,5,1,0,2,15,8,3,1,8,1,4,1,1,9,1,1,2,2,0,0,3,4,8,3,14,15,7,9,3,2,1,4,8,14,8,7,1,9,7,0,16,18,0,3,0,18,0,3,7,2,1,1,1,4,0,0,1,3,9,2,1,2,3,2,6,3,4,2,1,2,1,2,0,4,0,0,11,2,1,1,1,1,2,0,1,3,1,3,0,1,2,0,1,3,3,1,1,2,14,0,6,4,7,0,1,2,3,0,1,2,1,3,3,1,3,13,3,2,1,1,1,0,1,0,1,1,4,0,0,0,0,0,0,0,2,0,1,0,0,4,1,2,2,0,0,1,1,2,1,1,0,1,0,1,1,0,0,0,0,1,0,0,0,0,0,0,0,0,0,0,0,0,0,0,0,0,0,0,0,1,0,0,0,0,0,0,0,0,0,0,0,0,0,0,0,0,0,0,0,0,0,0,0,0,0,0,0,0,0
Chagl_1,19,0,3,1,1,1,1,0,0,2,3,1,16,2,7,5,4,1,0,2,13,9,3,1,5,1,3,1,1,7,3,1,2,1,0,0,3,4,8,5,11,15,7,7,2,2,0,4,5,12,8,6,1,6,8,0,15,16,0,3,0,15,1,4,6,2,0,0,1,3,0,1,2,3,7,2,0,2,2,2,5,3,4,2,1,2,1,2,0,4,0,0,8,2,1,1,1,1,1,0,1,2,1,2,0,2,3,0,2,2,3,0,1,2,13,0,5,11,6,0,1,2,3,0,2,2,1,1,2,1,1,12,3,2,1,0,1,1,0,0,0,1,3,1,0,0,0,0,0,0,2,0,1,0,0,2,1,2,0,0,0,0,1,2,1,0,0,0,0,1,0,0,0,0,0,1,0,0,0,0,0,0,0,0,0,0,0,0,0,0,0,0,0,0,0,1,0,0,0,0,0,0,0,0,0,0,0,0,0,0,0,0,0,0,0,0,0,0,0,0,0,0,0,0,0
Chagl1,19,0,3,1,1,1,0,0,0,3,2,1,17,3,7,6,4,1,0,2,15,8,4,1,7,1,4,1,1,7,2,1,2,2,0,0,3,4,9,7,11,13,6,10,3,2,0,4,6,12,8,7,1,9,8,0,17,16,0,3,0,21,1,3,7,2,0,1,1,3,0,0,1,3,7,2,1,2,2,2,6,3,4,1,1,2,1,2,0,4,0,0,10,2,1,1,1,1,2,0,1,3,1,2,1,1,2,0,1,3,3,0,1,2,18,0,5,11,5,0,1,2,3,0,2,2,1,2,3,1,2,14,3,2,1,1,1,0,1,0,1,1,4,0,0,0,0,0,0,0,2,0,3,0,0,2,1,2,0,0,0,1,0,2,1,0,0,1,0,1,0,0,0,0,0,1,0,0,0,0,0,0,0,0,0,0,1,0,0,0,0,0,0,0,0,1,0,0,0,0,0,0,0,0,0,0,0,0,0,0,0,0,0,0,0,0,0,0,0,0,0,0,0,0,0
Chafu1,20,0,3,1,1,1,0,0,1,3,2,1,15,2,7,6,4,1,0,3,14,9,3,1,6,1,4,1,1,5,1,1,3,2,0,0,3,4,10,4,9,14,5,10,3,2,0,3,7,15,9,7,1,11,11,0,18,16,0,3,1,21,0,3,4,2,1,1,1,3,0,0,1,3,9,2,1,2,3,2,5,3,4,2,0,2,1,2,0,4,0,0,10,2,1,1,1,1,3,0,1,4,1,3,0,1,3,0,2,4,3,1,0,2,13,0,1,7,5,0,1,2,3,0,2,2,1,2,3,1,3,13,3,2,1,1,2,1,1,0,1,1,3,1,1,0,0,0,0,0,2,0,2,0,0,2,2,2,1,0,1,1,1,1,0,0,0,1,0,1,0,0,0,0,0,0,0,0,0,0,0,0,0,0,1,0,0,0,0,0,0,0,0,0,0,1,0,0,0,0,0,0,0,0,0,0,0,0,0,0,0,0,0,0,0,0,0,0,0,0,0,0,0,0,0
Sodal1,9,0,3,1,1,1,0,0,1,2,3,1,12,2,6,3,3,1,0,2,14,8,1,1,6,1,3,1,1,5,1,1,2,3,0,0,3,4,9,4,9,11,4,9,3,2,0,3,6,12,10,5,1,8,5,0,10,18,0,3,1,20,0,3,4,2,1,1,0,8,2,0,0,4,8,2,1,2,1,2,5,3,5,1,1,5,1,3,0,5,2,0,11,2,1,2,1,1,1,0,1,1,1,3,0,1,4,0,2,4,3,0,1,2,8,0,2,3,6,0,1,2,1,0,2,2,2,4,4,1,3,14,3,3,1,1,2,0,1,0,0,1,0,0,0,1,0,1,0,0,2,0,0,0,0,1,2,1,0,0,0,1,0,1,1,0,0,0,0,1,0,0,1,0,0,0,0,0,0,0,0,0,0,0,0,0,0,0,0,0,0,0,0,0,0,0,0,0,0,0,0,0,0,0,0,0,0,0,0,0,0,0,0,0,0,0,0,0,0,0,0,1,0,0,0
Plecuc1,19,0,3,0,1,1,0,0,1,4,5,1,13,4,7,4,4,1,0,3,15,11,3,1,16,2,3,1,1,13,1,1,2,4,1,0,4,5,13,7,10,14,11,9,3,1,0,4,9,9,11,7,1,9,11,0,16,19,0,3,1,22,2,3,8,2,1,2,2,14,1,0,2,3,8,2,2,5,7,3,5,3,5,1,0,6,1,5,0,5,4,1,19,2,1,9,1,1,1,0,1,5,1,3,0,1,1,0,1,1,2,0,1,2,43,2,3,7,14,0,1,2,1,0,4,2,1,6,3,1,3,14,3,3,1,1,3,0,1,0,0,1,0,1,1,1,0,3,0,0,2,0,1,3,0,3,1,4,1,0,0,1,0,1,0,0,0,1,1,1,0,1,0,0,0,0,0,0,0,0,1,0,0,0,1,0,0,0,0,0,0,0,0,0,0,0,1,0,0,0,0,0,0,0,0,0,0,0,0,0,0,0,0,0,0,0,0,0,0,0,0,0,0,0,0
Plecucu1,21,0,3,1,1,1,0,0,1,4,5,1,14,4,6,4,4,1,0,2,14,11,5,1,19,3,3,1,1,11,1,1,1,4,1,0,4,5,11,9,12,14,8,8,3,1,0,4,8,11,12,5,1,8,8,0,15,17,1,3,0,20,3,3,6,2,1,2,3,14,1,0,1,3,7,2,2,5,8,3,6,3,5,1,0,6,1,5,0,5,5,1,18,2,1,10,1,1,1,0,1,5,1,3,1,1,2,0,1,2,2,2,2,2,43,2,5,5,14,0,1,2,1,0,3,2,1,9,3,1,2,14,3,3,1,1,3,0,1,0,0,2,0,1,1,1,0,3,0,0,2,0,2,3,0,4,1,5,1,0,0,1,0,1,0,0,0,1,2,1,0,0,0,0,0,0,0,0,0,0,2,0,0,0,2,0,0,0,0,0,0,0,0,0,0,0,1,0,0,0,0,0,0,0,0,0,0,0,0,0,0,0,0,0,0,0,0,0,0,0,0,0,0,0,0
Veral1,16,1,3,0,1,1,0,0,1,4,8,1,10,3,8,2,5,1,0,2,12,6,1,1,9,1,3,1,0,8,2,1,2,3,1,0,3,4,9,4,8,11,2,8,3,2,0,3,5,15,9,5,1,8,9,0,14,19,0,2,1,18,2,3,6,1,1,1,2,11,1,1,1,3,9,2,1,3,3,3,5,3,5,1,1,5,2,6,0,4,4,2,9,2,1,5,1,1,1,0,1,3,1,2,0,1,0,0,5,2,2,2,5,1,20,0,5,4,7,0,1,2,2,0,1,1,1,9,2,1,4,13,3,3,1,1,2,1,1,0,1,0,0,1,0,1,0,0,3,0,2,0,3,1,0,2,1,1,1,0,0,1,1,1,1,0,0,1,0,1,0,0,0,0,0,0,0,0,0,0,0,0,0,0,0,0,0,0,0,0,0,0,0,0,0,0,0,0,0,0,0,0,0,0,0,0,0,0,0,0,0,0,0,0,0,0,0,0,0,0,0,0,0,0,0
Verdah1,19,0,5,1,1,1,0,0,1,4,5,1,12,2,8,2,6,1,0,1,14,8,4,4,11,3,6,1,1,7,1,1,2,4,1,0,5,5,9,4,11,14,6,7,3,3,0,4,8,16,10,6,1,9,13,0,15,19,0,3,1,23,0,5,5,2,1,1,1,13,1,0,1,3,9,2,1,3,3,3,3,4,5,1,1,6,3,7,0,4,4,2,13,3,1,6,1,1,1,0,1,2,1,5,1,0,3,0,1,4,2,2,2,2,19,0,4,5,8,0,1,2,2,0,3,1,2,7,3,1,3,15,4,3,1,1,3,0,1,0,0,1,0,1,0,1,0,4,0,0,2,0,3,2,0,3,1,1,1,0,0,1,1,1,1,0,0,2,0,1,0,1,0,0,0,0,0,0,0,0,3,0,0,0,0,0,0,0,0,0,0,0,0,0,0,0,0,0,0,0,0,0,0,0,0,0,0,0,0,0,0,0,0,0,0,0,0,0,0,0,0,0,0,0,0
Verda1,17,0,4,1,1,1,1,0,1,4,5,1,11,2,8,2,5,1,0,2,14,8,3,1,10,3,3,1,1,7,1,1,2,3,1,0,4,4,11,4,10,12,5,8,3,3,0,3,8,15,10,4,1,9,10,0,14,20,0,3,1,21,1,3,6,2,1,1,1,11,1,0,1,3,7,2,1,3,3,3,6,3,4,1,1,6,2,7,0,4,4,2,10,2,1,6,1,1,1,0,1,2,1,3,1,1,2,0,2,2,2,2,1,2,18,0,4,4,8,0,1,2,2,0,2,1,2,6,2,1,3,12,4,3,1,1,3,1,1,0,0,1,0,1,0,1,0,4,0,0,2,0,2,2,0,2,1,1,1,0,0,1,1,1,1,0,0,0,0,1,0,1,0,0,0,0,0,0,0,0,2,0,0,0,0,0,0,0,0,0,0,0,0,0,0,0,0,0,0,0,0,0,0,0,0,0,0,0,0,0,0,0,0,0,0,0,0,0,0,0,0,0,0,0,0
Colch1,17,0,3,0,1,1,1,1,1,5,2,1,14,2,7,2,4,1,0,2,13,9,4,1,13,1,3,1,1,11,3,1,2,2,0,0,5,4,11,7,10,11,7,10,3,3,0,3,7,11,13,6,1,9,10,0,17,20,0,3,1,22,2,4,8,4,2,1,3,10,0,0,1,5,8,2,1,6,5,2,10,3,5,2,0,6,2,5,0,4,5,0,23,2,1,6,1,1,1,0,1,10,1,2,0,1,1,0,2,1,3,2,1,1,24,1,4,6,11,0,1,2,4,0,2,1,1,6,4,1,3,13,3,3,1,1,2,0,1,1,0,1,2,1,0,1,1,1,0,1,0,0,0,0,0,3,1,3,1,0,0,1,1,1,0,1,0,1,0,1,0,0,0,0,0,0,0,0,0,0,0,0,0,0,0,0,0,0,0,0,0,0,0,0,0,0,1,0,0,0,0,0,0,0,0,0,0,0,0,0,0,0,0,0,0,0,0,0,0,0,0,0,0,0,0
Colhig2,23,0,2,1,1,1,1,0,1,5,4,1,13,2,7,2,3,1,0,2,13,8,4,1,13,3,4,1,1,13,2,1,2,3,1,0,4,5,11,7,11,10,13,9,3,2,0,4,9,11,13,8,1,8,13,0,21,20,0,4,1,25,1,3,8,5,1,2,3,9,0,0,2,3,8,2,3,2,7,4,8,3,6,2,1,6,2,5,0,4,6,1,26,2,1,12,1,1,1,0,1,13,1,3,0,1,1,0,1,1,3,2,2,1,49,0,3,10,15,0,1,2,5,0,1,2,2,9,4,1,4,12,3,3,1,3,3,0,1,1,1,1,2,1,1,1,1,3,0,1,1,0,0,2,1,4,1,6,1,0,0,1,1,1,2,0,0,1,0,1,0,1,0,0,0,0,0,0,0,0,0,1,0,0,0,0,0,0,0,0,0,0,1,0,0,0,1,0,0,0,0,0,0,0,0,0,0,0,0,0,0,0,0,0,0,0,0,0,0,0,0,0,0,0,0
Colto1,18,0,4,0,1,1,1,2,1,5,4,1,14,2,7,5,4,1,0,4,11,7,3,1,18,1,5,1,1,14,2,1,2,2,0,0,3,5,12,4,13,12,6,8,2,3,0,4,9,9,13,6,1,10,9,0,23,16,0,3,1,21,1,4,6,4,1,1,3,9,0,0,2,4,6,2,3,4,7,5,9,3,6,1,1,4,3,5,0,4,4,1,27,2,1,9,1,1,1,0,1,15,1,3,0,0,1,0,2,1,2,2,1,1,28,1,6,7,15,0,0,2,4,0,2,2,2,9,4,1,3,11,3,2,1,1,2,0,1,1,1,1,2,0,1,1,1,3,0,0,1,0,3,3,1,4,1,6,0,0,0,1,1,1,1,0,0,1,0,1,0,1,0,0,0,0,0,0,0,0,0,0,0,0,0,0,0,0,0,0,0,0,0,0,0,0,1,0,0,0,0,0,0,0,0,0,0,0,0,0,0,0,0,0,0,0,0,0,0,0,0,0,0,0,0
Stael1,18,0,3,1,1,1,0,0,1,5,3,1,25,3,6,8,5,1,0,3,16,10,7,1,17,1,5,1,1,12,2,1,2,3,1,0,3,4,11,5,18,12,11,7,3,4,0,3,6,16,12,7,1,12,14,0,25,18,0,2,1,21,1,2,9,3,1,1,1,14,1,0,2,4,9,2,4,3,9,3,7,3,6,2,0,10,4,6,0,3,4,4,20,2,1,4,1,1,3,0,1,10,1,3,0,1,2,1,2,2,5,2,1,3,60,1,5,15,6,0,1,2,3,1,3,2,2,5,3,1,4,13,3,3,1,1,3,1,1,0,0,2,0,1,0,1,1,2,1,0,1,0,2,3,1,4,1,1,0,1,2,1,1,0,5,0,0,1,0,0,0,0,0,0,0,1,1,0,0,0,0,0,0,0,1,0,0,0,0,0,0,0,1,0,0,0,1,0,0,0,0,1,0,0,2,0,0,0,1,0,0,0,0,0,0,0,0,0,0,0,0,0,0,0,0
Triat2,21,0,2,1,1,1,0,0,2,3,4,1,13,2,6,8,4,1,0,3,14,7,3,1,12,3,3,1,1,7,1,1,2,3,0,0,3,4,11,5,11,11,10,9,4,2,0,5,8,16,11,6,1,12,10,0,16,14,0,3,1,15,3,3,5,4,1,1,0,4,0,1,1,3,7,2,1,3,4,2,6,3,8,1,2,2,2,3,0,3,1,1,22,2,1,3,1,1,3,0,1,2,1,3,0,2,3,0,2,1,3,2,1,2,39,0,1,4,7,0,0,2,2,0,2,1,1,8,3,1,3,14,3,4,1,2,1,1,1,0,1,0,6,0,1,0,0,0,0,0,2,0,5,1,0,6,1,5,1,1,3,1,0,1,1,1,0,1,0,1,0,0,0,0,0,1,0,0,0,0,1,0,1,0,1,0,1,0,0,0,0,0,0,0,0,0,0,0,0,0,1,0,0,0,0,0,0,0,0,0,0,0,0,0,0,0,0,0,0,0,0,0,0,0,0
TriviGv29_8_2,22,1,4,1,1,1,0,0,1,4,3,2,15,2,6,7,4,1,0,3,14,10,4,1,13,3,3,1,1,14,2,1,2,3,0,0,4,4,12,4,9,13,9,11,4,2,0,4,7,14,13,6,1,12,12,0,14,17,0,2,1,18,1,4,7,5,1,1,0,4,0,0,1,3,7,2,3,3,5,3,8,3,7,1,2,2,2,3,0,2,1,1,18,2,1,1,1,1,2,0,1,5,1,3,0,1,3,0,2,1,3,5,1,3,35,0,3,3,7,1,1,2,2,0,2,1,1,8,3,1,1,14,3,4,1,2,1,1,1,0,1,0,4,0,1,0,0,0,0,0,2,0,3,2,0,2,2,5,0,1,2,1,0,1,1,0,0,1,0,2,0,0,0,0,0,1,0,0,0,0,0,0,1,0,1,0,0,0,0,0,0,0,0,0,0,0,0,0,0,0,4,0,0,0,0,0,0,0,0,0,0,0,0,0,0,0,0,0,0,0,0,0,0,0,0
Trire2,17,0,3,1,1,1,0,0,1,3,3,1,12,2,6,4,4,1,0,2,16,8,3,1,11,2,3,1,1,6,1,0,2,3,0,0,3,4,13,3,9,13,8,9,4,2,0,3,6,15,13,4,1,11,9,0,10,19,0,2,1,18,0,3,8,2,1,1,0,4,0,0,1,3,7,2,2,3,2,3,7,2,6,1,1,2,2,3,0,2,1,1,16,2,1,1,1,1,1,0,1,3,1,3,0,2,2,0,1,1,3,3,2,3,18,0,2,6,5,0,1,2,3,0,2,1,2,6,3,1,2,14,3,4,1,2,1,1,1,0,1,0,4,0,2,0,1,0,0,0,2,0,2,1,0,2,1,1,0,1,2,1,0,1,1,0,0,0,0,1,0,0,0,0,0,1,0,0,0,0,0,0,1,0,1,0,0,0,0,0,0,0,0,0,0,0,0,0,0,0,0,0,0,0,0,0,0,0,0,0,0,0,0,0,0,0,0,0,0,0,0,0,0,0,0
Cylol1,21,0,3,1,1,1,0,0,1,5,8,1,11,5,5,3,5,1,0,4,14,14,4,1,22,2,3,1,1,13,2,4,3,3,0,0,4,4,13,7,11,13,13,7,3,2,0,4,11,18,9,6,1,13,11,0,27,22,0,3,1,21,2,4,6,5,1,1,1,5,1,1,2,3,7,2,5,3,8,3,5,3,6,1,1,3,2,3,0,2,4,2,23,2,1,5,1,1,2,0,1,4,1,3,0,1,3,0,1,1,4,1,1,1,29,1,3,14,15,0,1,2,3,0,3,2,2,12,4,1,4,14,3,5,1,1,3,1,1,1,1,1,1,1,4,1,1,1,0,1,2,2,5,0,0,5,3,5,0,0,1,1,0,1,1,0,0,1,1,0,1,0,0,0,0,0,0,0,0,0,2,0,0,0,1,0,0,0,0,0,0,0,1,0,1,0,1,0,0,0,1,0,0,0,0,0,0,0,0,0,0,0,0,0,0,0,0,0,0,0,0,0,0,0,0
Neodi1,17,0,3,1,1,1,1,0,0,5,3,1,16,2,9,6,4,1,0,3,14,10,4,1,15,1,3,1,1,9,1,1,2,3,0,0,4,5,11,9,10,15,7,9,3,2,0,2,5,14,10,5,1,13,10,0,22,17,0,2,1,19,3,3,5,4,1,1,1,7,1,0,1,3,7,2,4,4,4,1,10,3,6,1,1,4,3,4,0,3,1,1,16,2,1,4,1,1,2,0,1,5,1,3,1,1,0,0,1,1,4,2,1,2,24,0,2,8,9,0,1,2,3,0,2,2,1,10,4,0,5,12,3,3,1,2,2,0,1,1,1,1,2,1,1,0,0,0,0,1,2,1,0,2,0,7,1,8,0,0,1,1,2,2,0,1,0,2,1,1,0,0,0,0,0,0,1,0,0,0,0,1,0,0,0,0,0,0,0,0,0,0,1,0,0,0,1,0,0,0,0,1,0,0,0,0,0,0,0,0,0,1,0,0,0,0,0,0,0,0,0,0,0,0,0
Neora1,23,0,4,1,1,1,0,0,1,8,18,1,15,2,5,8,5,1,0,7,15,13,4,1,35,6,3,1,1,15,1,4,2,3,0,0,4,7,11,11,11,13,13,9,3,2,0,9,11,19,12,7,1,15,14,0,29,25,0,4,1,18,2,5,11,5,0,2,1,9,1,0,3,3,8,2,4,6,11,3,8,2,8,1,1,5,4,4,0,3,2,3,39,2,1,6,1,1,1,0,1,10,1,3,0,1,2,0,1,2,4,3,1,2,36,1,5,14,16,0,1,2,3,0,4,2,1,19,5,1,6,12,3,3,1,2,3,2,1,1,1,1,4,1,1,0,1,2,0,2,5,2,5,1,0,14,1,21,0,0,5,1,2,0,1,0,0,1,1,1,1,0,0,0,0,0,0,0,0,0,1,0,0,0,1,0,0,0,0,0,0,0,1,0,0,0,1,0,0,0,0,0,0,0,0,0,0,0,0,0,0,0,0,0,0,0,0,0,0,0,0,0,0,0,0
Ilyeu1,23,0,5,1,1,1,0,0,1,10,13,1,13,5,8,8,5,1,0,8,17,17,6,1,33,3,4,1,1,14,1,2,1,3,0,0,4,5,13,11,10,14,15,10,3,2,0,4,9,17,11,8,1,14,13,0,24,23,0,3,0,20,3,4,11,5,0,3,2,9,1,0,3,3,8,2,4,4,8,3,6,2,7,1,1,6,3,4,0,3,2,2,34,2,1,5,1,1,2,0,1,10,1,3,1,1,2,0,1,2,4,2,1,1,44,0,5,13,18,0,1,2,3,0,4,2,1,18,5,1,6,12,3,3,1,2,4,1,1,1,1,1,4,1,1,0,1,1,0,3,3,2,3,2,0,10,1,21,0,0,4,1,2,1,1,0,0,1,1,0,1,0,0,0,0,0,0,0,0,0,2,0,0,0,2,0,0,0,0,0,0,0,1,0,1,0,1,0,0,0,0,1,1,0,0,0,0,0,0,0,0,0,0,0,0,0,0,0,0,0,0,0,0,0,0
Daces1,18,0,3,1,1,1,0,0,1,10,7,1,14,6,6,12,4,1,0,7,15,11,5,1,22,5,5,1,1,13,2,1,2,2,1,0,4,3,11,10,17,15,8,8,2,2,0,7,8,19,9,4,1,17,13,0,22,22,0,3,0,23,1,5,10,4,0,1,3,9,0,0,3,3,10,2,2,4,7,3,6,3,8,1,1,5,3,3,0,3,3,2,27,2,1,5,1,1,1,0,1,9,1,2,1,1,3,0,1,2,4,1,1,2,28,0,5,8,14,0,1,2,3,1,4,2,2,17,3,1,4,12,3,3,1,1,3,3,1,1,1,1,2,1,1,0,2,1,0,1,2,3,12,0,0,12,1,20,0,0,1,1,2,0,0,0,0,1,1,0,1,0,0,0,0,0,0,0,0,0,1,0,0,0,1,0,0,0,0,0,0,0,0,0,0,0,1,0,0,0,1,0,0,0,0,0,0,0,0,0,0,0,0,0,0,0,0,0,0,0,0,0,0,0,0
Dacma1,21,0,3,1,1,1,0,0,1,9,13,1,15,6,6,7,5,1,0,10,16,11,6,1,22,3,3,1,1,19,1,3,2,4,0,0,4,4,10,9,18,18,12,9,3,3,0,5,12,19,12,3,1,14,15,0,31,27,0,3,1,24,1,4,9,4,1,1,2,9,0,0,4,3,7,2,2,4,8,2,7,3,7,1,0,5,3,3,0,3,3,3,32,2,1,5,1,1,2,0,1,7,1,3,0,1,3,0,2,3,4,1,1,2,34,0,6,15,16,0,1,2,4,0,4,2,2,26,3,1,4,12,3,3,1,1,2,2,1,1,1,1,3,0,3,0,3,2,0,0,2,2,18,2,0,14,2,29,0,0,4,1,2,0,0,1,0,1,1,0,2,0,0,0,0,0,0,0,0,0,2,0,0,0,1,0,0,0,0,1,0,0,1,0,0,0,1,0,0,0,0,0,0,0,0,0,0,0,0,0,0,0,0,0,0,0,0,0,0,0,0,0,0,0,0
Fusso1,21,0,3,1,1,1,0,0,1,12,4,1,16,3,6,6,5,1,0,6,14,11,5,1,26,5,3,1,1,14,3,1,2,2,0,0,5,3,11,12,12,14,11,9,3,2,0,5,11,20,12,8,1,10,11,0,28,21,0,3,1,22,1,4,8,3,1,4,1,6,1,1,4,3,7,2,4,5,9,2,6,3,8,1,0,6,2,3,0,3,4,1,32,2,1,5,1,1,1,0,1,7,1,3,0,1,2,0,2,2,5,1,2,2,30,1,5,8,19,0,1,2,1,0,4,2,2,11,4,1,3,12,3,5,1,2,2,2,1,1,1,1,3,1,2,0,3,0,1,1,2,1,2,2,0,9,2,12,0,0,2,1,2,0,1,1,0,1,0,1,0,0,0,0,0,0,0,0,0,0,1,1,0,1,1,0,0,0,0,0,0,0,0,0,2,0,1,0,0,0,0,0,0,0,0,0,0,0,1,0,0,0,0,0,0,0,0,0,0,0,0,0,0,0,0
Fusre1,22,0,4,1,1,1,0,0,1,7,6,2,16,2,5,5,4,1,0,6,14,11,5,1,14,5,7,1,1,19,2,1,2,2,0,0,4,2,15,7,14,16,9,8,3,5,0,4,8,19,12,4,1,14,9,0,20,19,0,4,0,20,1,5,7,5,2,2,1,6,0,0,3,2,9,2,3,4,8,4,5,3,6,1,0,6,3,3,0,3,2,1,30,2,1,2,1,1,2,0,1,8,1,3,0,2,4,0,1,2,4,1,1,2,28,0,6,13,10,0,1,2,2,0,3,1,2,9,3,0,4,14,3,3,1,2,2,1,1,1,1,1,2,0,2,0,2,3,0,0,2,0,5,3,0,8,2,11,0,0,2,1,0,2,1,1,0,0,0,1,0,1,0,0,0,0,1,0,0,0,0,0,0,1,1,0,0,0,0,0,0,1,1,0,0,0,1,0,0,0,0,0,0,0,0,1,0,0,0,0,0,0,0,0,0,0,0,0,0,0,0,0,0,0,0
Fusfu1,24,0,3,1,1,1,1,0,1,4,6,2,13,3,7,4,4,1,0,4,15,11,4,1,18,4,4,1,1,12,2,1,2,2,0,0,4,4,14,7,14,13,12,10,3,1,0,3,8,14,13,5,1,11,10,0,21,18,0,2,0,21,3,3,7,5,1,0,2,6,0,0,3,1,8,2,4,6,7,2,6,3,8,1,1,6,3,3,0,3,1,1,26,2,1,3,1,1,1,0,1,5,1,3,0,2,1,0,0,2,4,2,1,2,27,0,9,10,12,0,1,2,2,0,4,2,2,7,4,1,3,13,3,3,1,2,2,1,1,1,1,1,1,1,1,0,1,2,0,0,2,1,0,2,0,6,1,9,0,0,3,1,1,1,0,0,0,0,0,0,0,0,0,0,0,0,1,0,0,0,0,0,0,1,1,0,0,0,0,0,0,0,0,0,1,0,1,0,0,0,0,0,0,0,0,1,0,0,0,0,0,0,0,0,0,0,0,0,0,0,0,0,0,0,0
Fusve2,25,0,4,1,2,1,3,0,0,10,11,2,20,3,14,5,8,1,0,9,27,12,5,2,19,5,11,1,1,13,2,1,4,4,0,0,6,5,21,10,24,25,16,29,3,4,0,5,9,22,18,7,1,22,18,0,26,37,0,2,0,24,2,5,8,6,3,2,2,6,0,0,6,2,12,2,4,6,7,5,8,3,14,1,0,5,4,4,0,4,2,1,29,2,1,3,1,1,2,0,1,8,2,3,0,2,2,0,1,4,5,2,3,1,41,0,10,11,11,0,1,2,2,0,8,2,4,12,4,2,7,17,3,4,1,2,2,1,2,1,1,1,1,1,1,0,2,3,0,0,4,1,2,2,0,5,5,13,0,0,3,4,0,1,0,0,0,0,0,0,1,0,0,0,0,0,1,0,0,0,0,0,0,1,1,0,0,0,0,0,0,0,0,0,1,1,1,0,0,0,0,1,0,0,0,1,0,0,0,0,0,0,0,0,0,0,0,0,0,0,0,0,0,0,0
Fusox2,27,0,5,1,5,1,2,0,1,29,5,7,20,4,8,5,8,2,0,9,40,23,14,2,22,5,15,1,1,13,3,0,2,4,0,0,4,6,16,17,19,27,16,19,4,4,0,5,14,29,20,12,2,24,33,0,22,34,0,2,3,34,3,5,8,6,5,1,2,6,0,0,23,2,18,2,3,8,5,2,9,9,14,0,2,6,4,3,0,3,2,1,37,2,2,3,1,2,2,0,1,9,2,3,0,2,12,0,2,7,4,2,3,1,36,0,3,12,13,0,3,3,2,0,9,2,4,9,8,17,6,20,3,5,1,2,2,6,2,1,1,1,3,1,1,0,0,3,0,0,6,1,7,6,0,4,4,10,0,0,1,2,2,3,0,1,0,0,0,1,1,0,0,0,0,0,1,0,0,0,0,0,0,1,1,0,0,0,0,0,0,0,4,0,0,0,1,0,0,0,0,0,0,1,0,0,0,0,0,0,0,0,0,0,0,0,0,0,0,0,0,0,0,0,0
Fusoxy1,25,0,2,1,1,1,0,0,1,9,5,2,18,3,5,6,5,1,0,5,14,10,8,1,16,4,10,1,1,14,2,1,2,2,0,0,4,3,18,6,13,15,11,8,3,2,0,4,13,19,11,4,1,12,10,0,19,19,0,3,1,20,2,4,8,4,1,2,2,6,0,2,8,2,9,2,3,7,7,2,5,3,7,1,1,6,3,3,0,3,2,1,29,2,1,3,1,1,1,0,1,8,1,3,0,2,4,0,1,2,4,2,1,2,37,0,5,12,12,0,1,2,2,0,4,2,1,10,3,0,4,13,3,3,1,2,2,5,1,1,1,1,2,1,1,0,1,3,0,2,2,0,3,2,0,7,1,10,0,0,1,1,1,2,0,0,0,0,0,1,1,0,0,0,0,0,1,0,0,0,0,0,0,1,1,0,0,0,0,0,0,0,1,0,1,0,1,0,0,0,0,0,0,1,0,1,0,0,0,0,0,0,0,0,0,0,0,0,0,0,0,0,0,0,0
Fusoxys1,24,0,4,1,1,1,0,0,1,14,6,2,14,3,5,6,5,1,0,6,14,10,6,1,17,4,5,1,1,15,2,1,2,2,0,0,4,3,17,7,12,14,10,9,3,2,0,5,9,21,11,5,1,13,7,0,20,20,0,2,1,20,2,4,8,4,2,2,3,6,0,0,3,2,7,2,3,6,6,2,6,3,7,1,1,6,3,3,0,3,2,1,26,2,1,3,1,1,1,0,1,9,1,3,0,2,4,0,1,2,4,2,2,2,41,0,5,15,12,0,1,2,2,0,4,2,1,10,3,1,5,13,3,4,1,2,2,7,1,1,1,1,2,1,2,0,1,3,0,0,2,0,6,3,0,8,1,14,0,0,1,1,1,2,0,0,0,0,0,1,1,0,0,0,0,0,1,0,0,0,0,0,0,1,1,0,0,0,0,1,0,0,1,0,1,0,1,0,0,0,1,0,0,1,0,1,1,1,0,0,0,0,0,0,0,0,0,0,0,0,0,0,0,0,0
Fusco1,23,0,3,1,1,1,0,0,1,7,6,2,19,3,5,4,5,1,0,4,14,11,5,1,12,3,4,1,1,14,2,1,2,2,0,0,4,3,13,6,12,16,14,8,3,1,0,4,9,16,11,5,1,12,10,0,23,21,0,2,1,20,2,3,7,4,1,2,2,6,0,0,3,2,8,2,3,5,6,2,4,3,7,1,0,6,3,3,0,3,2,1,27,2,1,3,1,1,1,0,1,7,1,3,0,2,2,0,1,2,4,2,1,2,32,0,5,11,10,0,1,2,2,0,4,1,1,9,3,2,5,12,3,3,1,2,2,0,1,1,1,1,1,1,3,0,0,3,0,0,2,0,5,1,0,5,1,11,0,0,1,1,1,1,1,0,0,0,0,1,1,0,0,0,0,0,1,0,0,0,0,0,0,1,1,0,0,0,0,0,0,0,1,0,1,0,1,0,0,0,0,1,0,0,0,0,0,0,0,0,0,0,0,0,0,0,0,0,0,0,0,0,0,0,0
Fustri1,21,0,4,1,1,1,0,0,1,4,2,1,11,3,5,4,4,1,0,3,15,10,4,1,20,3,3,1,1,11,3,1,2,2,0,1,4,4,15,5,14,14,14,9,3,3,0,3,7,16,12,7,1,11,9,0,16,16,0,3,1,20,2,3,8,4,2,2,1,6,0,0,2,2,9,2,2,3,7,3,3,3,5,1,1,6,3,3,0,3,2,1,22,2,1,3,1,1,1,0,1,8,1,3,0,2,1,0,1,1,4,2,1,2,28,0,5,8,14,0,1,2,2,0,4,2,1,8,4,1,5,13,3,4,1,3,1,1,1,1,1,1,2,1,2,0,1,3,0,0,2,1,1,2,0,8,1,13,0,0,3,1,1,0,0,1,0,1,1,0,0,0,0,0,0,0,0,0,0,0,0,0,0,1,1,0,0,0,0,0,0,0,0,0,1,0,1,0,0,0,0,0,0,0,0,0,0,0,0,0,0,0,0,0,0,0,0,0,0,0,0,0,0,0,0
Fustr1,20,0,4,1,1,1,0,0,1,5,2,1,12,2,5,3,4,1,0,5,15,9,4,1,18,3,3,1,1,11,2,1,2,3,0,1,4,4,16,5,10,15,12,9,3,3,0,4,8,15,13,6,1,12,9,0,17,18,0,4,1,19,2,3,9,4,2,2,2,6,0,0,2,2,9,2,2,3,8,3,2,3,5,1,1,6,3,3,0,3,2,2,24,2,1,3,1,1,1,0,1,9,1,3,0,2,2,0,1,1,5,2,0,3,23,0,5,10,12,0,1,2,2,1,4,2,1,9,4,1,6,13,3,3,1,3,1,2,1,1,1,1,1,1,2,0,1,3,0,0,2,1,4,3,0,6,1,11,0,0,2,1,1,0,0,0,0,1,1,0,1,0,1,0,0,0,0,0,0,0,0,0,0,1,1,0,2,0,0,0,0,0,0,0,1,0,1,0,0,0,0,0,0,0,0,0,0,0,0,1,1,0,0,0,0,0,0,0,0,0,0,0,0,0,0
Fuseq1,20,1,3,1,1,1,0,0,1,4,3,1,12,2,4,2,4,1,0,6,15,10,5,1,7,4,3,1,1,10,2,1,2,3,0,1,4,3,16,6,13,17,11,9,3,3,0,4,8,15,12,6,1,13,10,0,16,18,0,2,1,20,1,3,5,3,2,2,2,7,0,0,2,2,8,2,2,5,3,3,4,3,6,1,1,6,2,3,0,4,2,1,27,2,1,4,1,1,1,0,1,2,1,3,0,1,2,0,1,2,4,2,1,1,24,0,5,10,11,0,1,2,2,0,2,2,1,8,4,1,5,14,4,3,2,2,1,1,1,1,1,1,0,1,1,0,1,1,1,0,2,1,0,1,0,4,1,2,0,0,2,1,0,0,0,2,0,1,1,0,1,0,0,0,0,1,0,0,0,0,1,0,0,1,0,0,0,0,0,0,0,1,0,0,1,0,1,0,0,0,1,0,0,0,0,0,0,0,0,0,0,0,0,0,0,0,0,0,0,0,0,0,0,0,0
Fusven1,19,1,4,1,1,1,1,0,1,4,5,1,10,2,7,4,4,1,0,4,16,12,5,1,8,3,3,1,1,9,2,1,2,2,0,0,4,5,12,5,13,13,9,9,3,2,0,3,8,14,11,8,1,13,9,0,18,18,0,3,1,20,1,3,6,4,1,2,1,7,0,0,2,2,9,2,2,6,2,3,7,3,6,1,1,6,2,3,0,4,1,1,25,2,1,3,1,1,1,0,1,1,1,3,0,2,2,0,2,1,4,2,1,2,24,0,4,9,12,0,1,2,1,0,2,2,2,7,3,1,5,13,3,3,1,3,1,1,1,1,1,1,0,1,0,0,0,1,1,0,2,1,1,1,0,3,1,4,0,0,2,1,1,1,0,2,0,1,2,0,0,2,0,0,0,1,0,0,0,0,0,1,0,1,1,0,0,0,0,0,0,0,0,0,1,0,1,0,0,0,1,0,0,0,0,0,0,0,0,0,0,0,0,0,0,0,0,0,0,0,0,0,0,0,0
Fusgr1,18,1,4,1,1,1,1,0,1,4,3,1,13,4,6,4,4,1,0,5,14,11,4,1,9,5,3,1,1,8,1,1,2,2,0,1,4,4,14,7,14,13,8,10,3,2,0,4,7,15,13,4,1,9,10,0,17,22,0,3,1,19,1,3,7,4,1,2,1,7,0,0,1,3,7,2,2,7,5,2,7,3,6,1,0,6,1,3,0,5,1,1,21,2,1,2,1,1,2,0,1,1,1,3,0,2,2,0,1,1,4,2,1,2,25,0,3,8,9,0,1,2,2,0,3,2,1,8,5,1,4,13,3,3,1,2,2,0,1,1,1,0,1,1,2,0,1,0,1,0,2,1,1,1,0,4,1,3,0,0,2,1,1,1,0,1,0,1,1,1,0,0,0,0,0,1,1,0,0,0,0,0,0,1,1,0,0,0,0,0,0,0,0,0,1,0,1,0,0,0,0,0,0,0,0,0,0,0,0,0,0,0,0,0,0,0,0,0,0,0,0,0,0,0,0
Pensub1,11,0,4,1,1,1,1,0,2,2,6,2,16,4,7,7,4,1,0,2,16,8,3,1,21,2,3,1,1,14,3,2,2,2,1,0,5,4,11,7,10,16,7,9,3,2,0,3,8,13,11,3,1,7,6,0,23,17,0,3,0,20,5,3,5,3,1,1,1,1,0,2,2,3,10,2,1,4,8,2,6,3,8,1,0,1,2,1,0,2,1,1,19,2,1,1,1,1,1,0,1,7,1,2,0,1,2,0,2,5,2,0,2,2,5,0,3,8,9,0,1,2,2,1,1,2,2,8,3,1,2,13,2,3,1,1,3,2,1,0,2,1,4,1,1,1,4,0,0,1,1,0,6,0,0,11,1,14,1,0,1,1,1,0,2,2,0,1,0,0,0,0,0,0,0,1,0,0,0,0,1,1,1,2,1,0,0,0,0,0,0,0,1,0,0,0,0,0,0,0,1,0,0,0,0,0,0,0,0,0,0,0,0,0,0,0,0,0,0,0,0,0,0,0,0
Aspoch1,10,0,3,1,1,1,0,0,0,2,4,1,8,4,6,1,3,1,0,3,16,8,4,1,8,3,3,1,1,2,1,1,2,3,0,0,3,4,9,4,7,14,6,7,3,1,0,2,6,14,10,6,1,8,8,0,22,20,0,2,1,19,2,3,4,1,1,2,1,1,0,0,1,3,5,2,2,1,1,2,7,3,6,1,0,1,2,1,0,2,2,0,8,2,1,2,1,1,2,0,1,10,1,2,0,1,2,0,2,4,2,0,2,3,3,0,1,3,9,0,1,2,3,0,0,1,1,3,3,1,3,10,1,2,1,2,1,2,1,0,2,1,2,1,0,0,0,0,0,0,2,0,1,0,0,5,1,2,0,0,0,1,4,0,0,0,0,1,0,1,0,0,0,0,0,1,0,0,0,1,2,1,0,0,1,0,0,0,0,0,0,0,0,0,0,0,0,0,0,0,0,0,0,0,0,0,0,0,0,0,0,0,0,0,0,0,0,0,0,0,0,0,0,0,0
Aspnov1,8,0,3,1,1,1,0,0,0,2,4,1,14,4,6,5,5,1,0,3,18,8,3,1,13,3,3,1,1,11,2,1,2,2,0,1,4,4,12,8,9,19,7,10,3,1,0,2,7,13,11,5,1,9,8,0,27,19,0,2,0,19,1,3,6,3,1,2,2,1,0,2,1,3,7,2,3,5,5,2,5,5,5,1,0,2,2,1,0,2,3,3,9,2,1,1,1,1,2,0,1,17,1,2,0,2,2,0,1,2,2,1,2,1,2,0,3,7,10,0,1,2,3,0,1,1,1,5,4,1,3,10,2,2,1,1,1,2,1,0,2,1,2,2,1,0,0,0,0,1,2,1,1,1,0,5,1,4,0,0,1,1,4,0,0,1,0,0,0,1,0,0,0,0,0,1,0,0,0,0,2,0,0,0,0,0,0,0,0,0,0,0,0,0,0,0,0,0,0,0,0,0,0,0,0,0,0,0,0,0,0,0,0,0,0,0,0,0,0,0,0,0,0,0,0
Asptaic1,5,0,3,1,1,1,0,0,0,2,11,2,13,3,7,2,4,1,0,2,14,9,3,1,7,3,3,1,1,6,0,1,1,2,0,0,4,4,10,5,9,15,6,7,2,2,0,3,9,13,9,5,1,8,8,0,25,24,0,3,1,18,1,3,4,2,1,1,1,1,0,1,1,3,8,2,1,4,3,2,5,4,7,1,0,2,2,1,0,2,4,1,9,2,1,1,1,1,2,0,1,10,2,2,0,1,0,0,1,3,3,1,1,2,4,0,2,3,8,0,1,2,2,0,1,1,1,7,3,1,2,12,2,2,1,4,2,2,1,0,2,1,1,1,0,0,0,0,0,0,2,1,0,0,0,2,1,0,0,0,1,1,3,0,0,1,0,1,0,0,0,0,0,0,0,1,0,0,0,0,2,0,1,1,0,0,0,0,0,0,0,0,0,0,0,0,0,0,0,0,0,0,0,0,0,0,0,0,0,0,0,0,0,0,0,0,0,0,0,0,0,0,0,0,0
Aspcam1,5,0,3,1,1,1,0,0,0,2,9,2,12,3,6,2,4,1,0,2,15,9,3,1,9,3,3,1,1,6,1,1,1,2,0,0,3,4,13,4,9,14,8,7,1,2,0,3,9,13,9,5,1,9,9,0,22,23,0,1,1,22,1,3,6,2,1,1,1,1,0,1,1,3,10,2,2,4,3,2,7,4,8,1,0,2,2,1,0,2,4,1,9,2,1,1,1,1,2,0,1,11,2,2,0,1,0,0,2,4,2,1,1,1,4,0,2,2,8,0,1,2,2,1,1,1,1,7,3,1,2,11,2,2,1,2,3,3,1,0,2,1,1,2,0,0,0,0,0,0,2,0,2,0,0,2,1,0,0,0,0,1,3,0,0,1,0,1,0,0,0,0,0,0,0,1,0,0,0,0,2,1,1,1,0,0,0,0,0,0,0,0,0,0,0,0,0,0,0,0,0,0,0,0,0,0,0,0,0,0,0,0,0,0,0,0,0,0,0,0,0,0,0,0,0
Mycfi2,17,0,3,0,1,1,0,0,1,4,10,1,8,2,6,5,4,1,0,2,18,9,4,1,10,1,3,1,1,4,2,1,2,4,0,0,4,4,13,5,12,12,5,6,3,4,0,3,8,13,11,7,1,9,7,0,16,20,0,3,1,18,2,4,6,5,1,1,0,2,0,1,4,1,10,2,1,1,1,4,8,2,6,3,1,3,3,1,0,2,1,0,15,2,1,5,1,0,1,0,1,2,1,3,1,1,1,0,2,2,3,0,0,2,8,0,3,4,16,0,1,2,3,0,0,2,1,8,2,1,4,14,2,3,1,2,2,0,1,1,2,1,2,1,0,0,0,0,0,1,1,1,2,0,0,0,0,1,1,0,4,1,0,0,2,0,1,0,0,0,0,1,0,0,0,0,0,0,0,1,1,2,1,1,0,1,0,0,0,0,0,0,0,0,0,0,0,0,0,0,0,1,0,0,0,0,0,0,1,0,0,0,0,1,0,0,0,0,0,0,0,0,0,0,0
Bauco1,14,0,4,0,1,1,0,0,1,3,10,1,10,2,6,4,4,1,0,2,16,8,3,1,9,1,4,1,1,4,1,1,2,4,0,0,2,4,9,3,8,14,5,8,3,3,0,3,6,13,10,3,1,12,13,0,18,17,0,4,1,18,2,3,4,2,1,1,0,1,0,0,3,2,8,2,1,1,1,3,6,2,4,2,0,0,1,2,0,3,0,0,13,2,1,1,1,0,1,0,1,1,1,3,2,0,1,0,1,1,2,0,0,1,4,0,3,2,6,0,1,2,2,1,0,1,1,3,4,1,3,14,2,2,1,1,2,1,1,0,1,1,1,1,0,0,0,0,0,0,1,1,2,0,0,1,0,7,1,0,1,1,0,0,1,0,1,0,0,0,0,0,0,0,0,0,0,0,0,0,2,1,0,0,0,1,0,0,0,0,0,0,0,0,0,0,0,0,0,0,0,0,0,0,0,0,0,0,0,0,0,0,0,0,0,0,0,0,0,0,0,0,0,0,0
Dipse1,20,0,4,0,2,1,0,0,1,2,5,2,11,2,8,5,4,1,0,1,16,6,3,1,12,3,2,1,0,3,1,1,3,2,0,0,4,4,12,5,9,16,3,6,3,2,0,3,6,13,11,3,1,11,12,0,16,17,0,1,0,24,2,3,6,2,1,1,0,2,0,2,1,3,6,2,1,2,4,2,10,2,5,2,0,2,3,2,0,2,5,0,17,2,1,4,1,1,1,0,1,3,1,1,0,1,2,0,2,1,3,1,2,2,8,0,2,4,14,0,1,2,4,0,2,2,1,5,4,1,3,14,1,2,1,1,1,1,0,0,2,0,2,1,0,0,0,0,0,0,2,1,1,0,0,3,1,2,0,0,3,0,0,0,0,0,0,0,0,0,0,0,0,0,0,1,0,0,0,0,0,0,0,1,0,0,0,0,0,0,0,0,0,0,0,0,0,0,0,0,0,0,1,1,0,0,0,0,0,0,0,0,0,0,0,0,0,0,0,0,0,0,0,0,0
Macpha1,21,0,5,0,2,1,0,0,1,3,10,1,14,2,8,6,4,1,0,1,20,10,7,1,13,2,3,1,1,9,3,1,2,2,0,0,4,4,11,4,11,11,7,7,3,2,0,3,8,18,12,5,1,12,7,0,22,16,0,3,1,22,2,3,10,3,1,1,2,3,0,1,1,3,11,2,3,3,4,2,9,2,5,2,1,3,3,3,0,2,6,0,29,2,1,7,1,1,1,0,1,2,1,3,0,1,2,0,1,3,2,1,1,3,13,0,3,11,15,0,1,2,3,1,1,2,1,4,4,2,3,12,2,3,1,1,1,1,1,0,2,1,2,1,0,0,0,0,1,1,2,3,2,0,0,10,1,9,0,0,1,1,2,1,1,0,1,0,0,1,0,0,0,0,0,1,0,0,0,0,2,0,0,1,0,0,0,0,0,0,0,0,0,0,0,0,0,0,0,0,0,0,0,1,0,0,0,0,0,0,0,0,0,0,0,0,0,0,0,0,0,0,0,0,0
Macph1,21,0,5,0,2,1,1,0,1,3,9,1,15,2,7,6,4,1,0,1,17,10,5,1,14,2,3,1,1,11,2,1,2,2,1,0,3,4,15,5,11,11,6,6,2,2,0,3,6,17,10,4,1,16,8,0,19,18,0,4,0,20,1,3,4,3,1,1,1,3,0,0,1,3,7,2,2,3,3,2,9,3,5,2,1,2,3,3,0,2,8,0,25,2,1,6,1,1,1,0,1,5,1,3,0,1,1,0,3,3,3,1,1,3,14,0,2,8,14,0,1,2,2,1,1,2,1,4,3,1,2,12,2,3,2,1,1,2,0,0,2,1,2,1,0,0,0,0,1,2,2,2,1,0,0,8,1,8,0,0,0,1,2,0,1,0,0,0,0,1,0,0,0,0,0,1,0,0,0,0,0,0,0,1,0,0,0,0,0,0,0,0,0,0,0,0,0,0,0,0,0,0,0,1,0,0,0,0,0,0,0,0,0,0,0,0,0,0,0,0,0,0,0,0,0
Cenge3,18,0,4,0,1,1,0,1,1,3,6,1,13,3,7,4,6,1,0,5,15,9,8,1,6,2,3,1,1,9,3,1,2,2,0,0,4,4,10,6,10,14,7,6,3,1,0,4,6,16,11,9,1,8,13,0,15,20,0,3,1,18,1,3,5,2,1,1,0,1,0,0,2,3,8,2,2,1,1,2,9,2,5,2,0,2,2,1,0,2,0,0,12,2,1,6,1,1,2,1,1,8,1,3,0,1,2,0,2,1,2,1,2,2,14,1,1,2,7,0,1,2,1,1,2,2,1,4,4,1,3,13,3,3,1,1,3,1,1,0,2,1,2,1,3,1,2,0,0,0,1,1,41,0,0,2,1,1,1,0,2,1,1,0,1,0,1,0,0,0,1,0,0,0,0,0,0,0,0,1,0,0,0,0,1,0,0,0,0,0,0,1,0,0,1,0,0,0,0,0,0,0,0,0,0,0,0,0,0,0,0,0,0,0,0,0,0,0,0,0,0,0,0,0,0
Denna1,18,0,4,0,2,1,0,0,1,4,8,1,16,3,8,3,6,1,0,2,14,9,3,1,14,3,3,1,1,20,2,1,2,3,0,0,3,4,12,5,12,12,6,9,3,2,1,5,4,15,9,9,1,12,8,0,22,19,0,3,1,19,1,3,5,2,1,2,1,5,0,1,3,3,11,2,2,4,3,2,6,5,5,1,1,6,3,2,0,4,2,1,12,2,1,2,1,1,1,0,1,4,1,3,0,2,3,0,2,2,2,2,1,3,9,0,4,5,9,1,1,2,2,0,3,2,1,7,5,1,2,12,2,2,1,2,2,1,3,0,2,0,1,1,0,0,1,0,0,0,1,1,1,0,0,3,1,6,2,0,1,1,1,1,0,0,1,1,0,1,1,0,0,0,0,1,0,0,0,1,1,0,0,0,0,0,0,0,0,0,0,0,1,0,0,2,0,0,0,0,0,0,0,0,0,0,0,0,0,0,0,0,0,0,0,0,0,0,0,0,0,0,0,0,0
Corca1,17,0,3,0,1,1,0,0,1,3,9,2,14,3,7,7,4,1,0,2,14,10,7,1,13,1,4,1,1,14,1,1,2,2,0,0,3,4,11,7,11,16,7,8,3,3,1,4,9,14,10,10,1,14,8,0,32,18,0,2,1,18,4,3,6,2,1,4,1,7,0,0,3,3,11,2,3,3,10,4,4,3,6,1,0,5,5,6,0,4,3,1,23,2,1,6,1,1,4,0,1,6,1,3,0,1,3,0,2,2,3,2,3,2,13,0,9,7,11,1,1,2,2,1,3,2,1,5,5,1,2,12,2,2,1,2,2,1,2,1,2,0,1,1,0,1,1,1,1,0,1,1,16,2,1,5,1,8,2,1,1,1,2,1,1,0,0,0,0,1,0,0,0,0,0,0,0,0,0,1,1,0,0,0,1,0,0,0,0,0,0,0,0,0,0,1,0,0,0,0,1,0,0,0,0,0,0,0,0,0,0,0,0,0,0,0,0,0,0,0,0,0,0,0,0
Perma1,16,0,5,0,1,1,0,0,2,7,7,1,15,4,6,10,6,1,0,3,15,13,5,1,13,2,2,1,1,22,2,1,2,2,0,0,3,4,11,6,15,12,7,10,2,3,1,4,7,14,11,10,1,12,6,0,32,23,0,4,1,16,3,3,7,4,3,4,1,8,1,0,1,3,8,2,3,4,6,2,5,4,6,2,1,7,2,2,0,5,2,2,20,2,1,3,1,1,1,0,1,5,1,3,1,1,4,0,2,2,2,2,2,1,11,0,10,8,14,0,1,2,3,0,2,2,1,3,5,1,2,12,2,2,1,2,3,0,3,1,2,0,1,1,1,0,2,1,0,1,2,1,32,4,1,5,1,6,0,1,2,1,2,1,1,1,1,1,0,1,0,0,0,0,0,0,0,0,0,0,0,0,0,0,0,0,0,0,0,0,1,1,1,0,0,0,0,0,0,0,1,0,0,0,0,0,0,0,0,0,0,0,0,0,0,0,0,0,0,0,0,0,0,0,0
Boeex1,17,1,4,0,2,1,0,0,1,3,9,1,11,3,7,3,5,1,0,3,16,11,4,1,13,3,3,1,1,10,3,1,1,4,0,0,3,4,10,7,15,10,6,5,3,1,0,4,6,14,11,8,1,11,9,0,18,18,0,2,1,19,2,3,4,2,2,5,1,8,0,1,1,3,9,2,1,6,4,2,5,3,5,1,1,7,1,3,0,5,3,1,21,2,1,5,1,1,1,0,1,1,1,3,2,2,4,0,1,2,2,1,1,2,9,0,6,5,9,1,1,2,3,0,3,2,1,6,5,2,3,13,2,2,1,2,2,1,1,1,2,0,1,1,1,1,0,1,0,0,2,1,6,3,1,4,1,10,2,1,3,1,1,0,1,0,1,1,0,1,0,0,0,0,0,0,0,0,0,1,2,0,0,0,0,0,0,0,0,0,0,0,0,0,0,0,0,0,0,0,0,0,0,0,0,0,0,0,0,0,0,0,0,0,0,0,0,0,0,0,0,0,0,0,0
Parchr1,21,0,4,0,1,1,0,0,1,3,11,1,8,5,6,6,6,1,0,3,15,10,3,1,12,2,3,0,1,9,3,1,2,3,0,0,4,4,10,6,10,12,5,7,3,2,0,5,9,15,9,6,1,9,9,0,28,20,1,3,1,20,3,3,6,2,1,8,2,7,1,1,2,3,8,2,1,6,3,2,8,3,5,1,1,8,1,4,0,6,2,2,15,2,1,3,1,1,2,0,1,3,1,5,0,2,3,0,2,3,3,2,0,1,11,0,4,6,14,0,0,2,2,0,3,2,1,10,7,1,4,12,2,2,1,2,2,1,2,1,2,0,2,1,0,1,1,1,1,1,1,1,1,3,0,6,1,11,1,1,2,1,2,1,0,1,1,0,0,2,0,0,0,0,0,0,0,0,0,1,0,1,0,0,0,0,0,0,0,0,0,0,0,0,0,0,0,0,0,0,1,0,0,0,0,0,0,0,0,0,0,0,0,0,0,0,0,0,0,0,0,0,0,0,0
Parch1,21,0,3,0,1,1,0,0,1,3,15,1,10,3,6,7,6,1,0,2,16,10,3,1,14,1,3,1,1,12,3,1,2,3,0,0,4,4,11,6,10,12,8,7,3,3,0,4,8,17,11,7,1,9,9,0,26,21,0,3,1,22,3,3,8,2,1,3,2,7,1,1,1,3,8,2,1,5,4,3,7,3,5,1,0,8,1,4,0,6,2,2,16,2,1,3,1,1,1,0,1,2,1,4,1,2,4,0,2,3,3,2,2,1,8,0,5,3,14,0,1,2,2,0,3,2,1,12,6,1,3,12,3,2,1,2,2,1,2,1,2,0,2,1,1,1,1,1,1,1,2,1,7,3,0,6,1,11,0,1,2,1,2,1,0,0,1,0,0,2,0,0,0,0,0,0,0,0,0,1,0,1,0,0,0,0,0,0,0,0,0,0,0,0,0,0,0,0,0,0,1,0,0,0,0,0,0,0,0,0,0,0,0,0,0,0,0,0,0,0,0,0,0,0,0
Phapo1,14,0,5,0,2,1,0,0,1,3,7,1,11,3,6,8,5,1,0,2,16,11,3,1,11,1,3,1,1,14,3,1,2,2,0,0,4,4,10,6,11,11,8,6,2,2,0,4,7,16,11,8,1,11,7,0,22,18,0,4,1,19,1,3,5,2,2,2,2,7,1,1,2,3,9,2,1,4,4,2,8,3,4,2,0,7,1,4,0,6,2,2,13,2,1,4,1,1,1,0,1,4,1,3,0,2,3,0,2,2,2,2,0,2,5,0,7,5,13,1,1,2,5,0,3,2,1,4,6,1,2,12,3,2,1,1,2,1,2,1,2,0,1,1,0,2,0,1,0,2,1,1,0,2,1,5,1,5,1,0,4,1,2,1,0,0,1,1,0,2,0,0,0,0,0,0,0,0,0,1,1,1,0,0,1,0,0,0,0,0,0,0,0,0,0,0,0,0,0,0,1,0,0,0,0,0,0,0,0,0,0,0,0,0,0,0,0,0,0,0,0,0,0,0,0
Stano2,14,0,4,0,1,1,1,0,1,2,9,1,9,3,7,4,5,1,0,2,18,8,4,0,7,1,5,1,1,8,2,1,2,2,0,0,2,3,13,6,10,12,3,8,2,3,0,5,8,13,11,9,1,10,11,0,20,18,0,3,0,15,2,4,5,2,2,1,1,7,0,1,1,3,9,2,1,3,5,3,10,3,5,2,1,6,1,3,0,5,2,2,14,2,1,1,1,1,1,0,1,4,1,4,1,1,2,1,2,1,2,2,1,2,7,1,4,10,11,0,1,2,4,0,3,2,1,5,5,1,2,12,2,2,1,2,3,1,1,1,2,0,0,1,0,0,0,0,1,0,2,1,2,2,1,3,1,5,1,1,3,0,2,1,0,0,1,0,0,2,0,0,1,0,0,0,0,0,0,0,0,0,0,0,0,0,0,0,0,0,0,0,0,0,0,0,0,0,0,0,1,0,0,0,0,0,0,0,0,0,0,0,0,0,0,0,0,0,0,0,0,0,0,0,0
Pyrsp1,18,0,4,0,1,1,0,0,1,3,19,1,9,4,7,5,5,1,0,2,16,9,4,1,15,2,3,1,1,13,4,1,2,3,0,0,4,4,11,10,10,10,7,9,2,3,1,6,9,15,12,11,1,10,10,0,30,17,0,2,1,20,2,3,8,2,1,2,1,7,1,1,2,3,8,2,1,5,4,2,6,2,4,1,0,6,3,4,0,4,2,1,14,2,1,2,1,1,1,0,1,4,1,2,0,2,3,0,1,3,2,2,1,1,9,0,6,7,9,1,1,2,2,0,3,3,1,10,6,1,3,12,2,3,1,3,2,1,2,1,2,0,1,1,2,1,2,2,1,2,1,1,10,1,0,6,1,10,2,1,0,1,2,1,1,1,1,1,0,1,0,0,0,0,0,0,0,0,0,1,1,0,0,0,1,0,0,0,0,0,0,0,0,0,0,1,0,0,0,0,1,0,0,0,0,0,0,0,0,0,0,0,0,0,0,0,0,0,0,0,0,0,0,0,0
Pyrly1,20,0,4,0,1,1,0,0,1,4,11,1,13,5,8,2,6,1,0,2,16,11,4,1,13,1,3,1,1,13,4,1,2,2,0,0,3,4,11,5,12,13,7,7,2,2,2,5,9,16,10,8,1,12,10,0,27,17,0,3,1,18,2,3,7,2,1,1,1,7,1,0,2,3,8,2,2,6,4,2,8,4,5,1,1,7,4,5,0,4,2,1,19,2,1,4,1,1,1,0,1,6,1,3,1,2,4,0,1,2,2,2,0,2,10,0,7,5,8,1,1,2,2,0,3,3,1,6,6,1,3,11,2,3,1,1,2,1,2,1,2,1,1,1,1,1,2,1,1,1,1,1,9,2,0,5,1,8,1,1,1,1,2,1,0,0,1,0,0,2,0,0,0,0,0,0,0,0,0,1,0,1,0,0,0,0,0,0,0,0,0,0,0,0,0,1,0,0,0,0,1,0,0,0,0,0,0,0,0,0,0,0,0,0,0,0,0,0,0,0,0,0,0,0,0
Lepmu1,11,0,2,0,1,1,1,0,1,3,8,1,7,3,7,3,6,1,0,3,15,9,3,1,7,1,4,1,1,7,4,1,2,3,0,0,3,4,8,5,10,13,6,6,3,1,0,3,8,12,10,5,1,9,8,0,16,17,0,2,1,17,2,3,4,2,1,1,1,8,0,1,1,3,5,2,2,3,1,2,6,3,4,2,0,4,2,3,0,2,2,1,13,2,1,1,1,1,1,0,1,4,1,4,1,2,2,0,2,3,2,1,1,2,8,0,5,4,8,0,1,2,2,0,2,2,1,3,5,1,2,13,2,2,1,2,2,2,1,0,2,1,1,0,0,0,0,0,0,0,2,1,0,2,0,2,1,0,2,0,1,0,1,1,0,1,0,0,0,1,0,1,0,0,0,0,0,0,0,0,0,1,0,0,0,0,0,0,0,0,0,0,0,0,0,0,0,0,0,0,0,0,0,0,0,0,0,0,0,0,0,0,0,0,0,0,0,0,0,0,0,0,0,0,0
Pyrtr1,14,0,4,0,2,1,1,0,1,3,7,1,10,2,7,3,5,1,0,2,16,10,3,1,10,1,3,1,1,7,3,1,2,2,0,0,4,4,12,6,9,12,6,7,3,2,0,3,6,15,9,9,1,11,7,0,19,17,0,2,1,20,4,3,6,2,1,2,1,7,0,1,1,3,9,2,1,3,2,2,9,3,4,2,0,5,3,2,0,5,1,1,13,2,1,0,2,0,1,0,1,2,1,4,0,2,3,0,2,2,2,1,0,2,8,0,3,3,10,0,1,2,4,0,2,1,1,4,5,1,3,12,2,2,1,2,2,4,1,1,1,1,1,1,1,1,0,0,0,0,2,1,3,1,0,4,1,4,1,1,4,1,2,2,0,0,1,0,0,1,0,0,0,0,0,0,0,0,0,0,1,0,0,0,0,0,0,0,0,0,0,0,0,0,0,0,0,0,0,0,0,0,0,0,0,0,0,0,0,0,0,0,0,0,0,0,0,0,0,0,0,0,0,0,0
Altro1,17,1,3,0,2,1,0,0,1,3,6,1,9,3,6,3,5,1,0,2,14,11,3,1,9,1,3,1,1,10,2,1,2,3,0,0,4,4,15,7,12,12,6,9,2,3,1,4,5,15,10,9,2,11,9,0,26,16,0,3,1,18,2,3,4,2,2,3,1,7,0,1,2,3,9,2,1,3,2,3,8,3,4,2,0,5,4,2,0,4,2,1,17,2,1,0,1,1,2,0,1,2,1,4,1,1,4,0,2,3,3,2,2,2,10,0,7,4,12,1,1,2,3,1,2,2,1,3,5,1,3,12,2,3,1,2,2,1,2,1,2,1,2,1,0,1,3,1,1,0,1,1,0,2,1,1,1,5,1,1,3,1,2,1,0,0,1,1,0,1,1,1,0,0,0,0,0,0,0,0,0,0,0,0,0,0,0,0,0,0,0,0,0,0,0,0,0,0,0,0,0,0,0,0,0,0,0,0,0,0,0,0,0,0,0,0,0,0,0,0,0,0,0,0,0
Altbr1,6,0,2,0,1,1,1,0,1,2,2,0,6,3,4,2,5,1,0,1,9,8,2,1,6,1,1,1,1,7,2,0,2,2,0,0,3,3,7,3,9,6,0,5,3,1,0,1,4,7,7,4,0,6,5,0,15,13,0,2,0,9,1,1,5,2,1,1,0,6,0,1,1,3,5,2,0,1,0,1,5,2,2,1,0,4,4,1,0,4,0,1,7,1,1,0,0,0,0,0,1,0,0,2,1,0,3,0,2,1,1,1,0,1,2,0,6,1,7,1,1,2,4,0,1,1,2,1,3,1,1,6,1,0,1,1,0,1,1,1,1,1,1,1,0,1,1,1,0,0,0,1,1,2,1,1,0,0,0,1,1,0,1,0,0,0,0,0,1,1,0,0,0,0,0,0,0,0,0,0,0,0,0,0,0,0,0,0,0,0,0,0,0,0,0,0,0,0,0,0,0,0,0,0,0,0,0,0,0,0,0,0,0,0,0,0,0,0,0,0,0,0,0,0,0
Altalt1,15,0,4,0,2,1,0,0,1,3,8,1,12,3,6,3,5,1,0,3,17,10,5,1,10,1,3,1,1,12,2,1,2,2,0,0,4,4,11,5,10,10,7,6,3,2,1,3,5,14,9,9,1,12,7,0,24,18,0,3,1,19,2,3,5,2,1,4,1,7,0,1,2,3,9,2,1,3,2,2,6,3,4,1,0,7,5,2,0,3,2,1,12,2,1,1,1,1,1,0,1,2,1,4,1,1,4,0,2,2,2,1,0,2,12,0,8,5,11,1,1,2,4,0,3,2,1,4,5,1,3,12,2,3,1,2,2,1,2,1,2,1,2,1,1,1,2,1,1,1,1,1,1,4,1,3,1,8,1,1,2,1,2,1,1,1,1,1,0,0,0,0,0,0,0,0,0,0,0,0,0,0,0,0,0,0,0,0,0,0,0,0,0,0,0,0,0,0,0,0,0,0,0,0,0,0,0,0,0,0,0,0,0,0,0,0,0,0,0,0,0,0,0,0,0
Altal1,15,0,4,0,1,1,0,0,1,3,8,1,11,3,6,3,5,1,0,2,16,10,4,1,10,2,3,1,1,13,3,1,2,2,0,0,4,4,11,7,9,9,9,8,2,2,1,3,6,13,10,8,1,15,7,0,26,16,0,2,1,18,2,3,6,2,1,4,1,7,0,1,2,3,10,2,1,3,2,2,6,3,4,1,0,7,5,2,0,3,2,1,13,2,1,1,1,1,1,0,1,3,1,4,1,1,4,0,2,2,2,1,1,2,15,0,8,4,11,0,1,2,4,0,3,2,1,4,5,1,3,12,2,2,1,2,2,1,2,1,2,1,2,1,1,1,2,1,1,1,1,1,1,3,1,2,1,7,1,1,2,1,2,1,0,0,0,0,0,0,0,0,0,0,0,0,0,0,0,0,0,0,0,0,0,0,0,0,0,0,0,0,0,0,0,0,0,0,0,0,0,0,0,0,0,0,0,0,0,0,0,0,0,0,0,0,0,0,0,0,0,0,0,0,0
Stely1,10,0,3,0,1,1,1,0,1,3,6,1,8,3,5,3,4,1,0,3,13,7,5,1,8,1,2,1,1,10,1,1,1,4,0,0,3,3,5,4,9,9,5,3,2,2,0,3,6,9,7,5,1,7,4,0,14,10,0,1,0,12,2,1,5,2,0,1,1,6,0,1,4,2,6,0,2,2,0,1,9,3,2,1,0,5,4,3,0,2,1,1,12,2,1,1,0,0,1,0,1,2,1,3,0,1,2,0,1,2,2,1,0,1,11,0,4,7,9,0,0,2,3,0,3,1,1,4,5,1,1,6,1,2,1,1,2,1,1,1,2,1,1,1,0,1,0,1,0,0,0,1,2,2,1,0,1,5,0,1,3,0,0,1,0,0,0,1,0,0,1,0,0,0,0,0,0,0,0,0,0,1,0,0,0,0,0,0,0,0,0,0,0,0,0,0,0,0,0,0,0,0,0,0,0,0,0,0,0,0,0,0,0,0,0,0,0,0,0,0,0,0,0,0,0
Cocsa1,19,0,4,0,2,1,0,0,1,3,8,1,12,4,6,2,5,1,0,3,18,9,4,1,9,2,4,1,1,11,2,1,2,3,0,0,4,4,10,6,9,11,8,7,3,2,0,3,6,13,9,6,1,9,10,0,18,17,0,3,1,16,2,3,4,2,2,1,1,7,0,1,1,3,8,2,2,2,2,3,7,3,5,1,0,6,4,4,0,3,0,1,14,2,1,0,1,1,1,0,1,6,1,3,1,2,4,0,2,2,2,2,0,1,11,0,6,5,11,0,1,2,6,0,3,2,1,5,5,1,2,14,2,2,1,2,2,0,1,1,2,1,2,1,0,1,1,1,0,0,2,1,14,1,1,1,2,4,0,0,1,1,0,1,2,1,1,0,0,0,1,0,0,0,0,0,0,0,0,0,0,0,0,0,0,0,0,0,0,0,0,0,0,0,0,0,0,1,1,0,0,0,0,0,0,0,0,0,0,0,0,0,0,0,0,0,0,0,0,0,0,0,0,0,0
Cocvi1,18,0,4,0,2,1,0,0,1,3,6,1,6,4,6,2,6,1,0,2,16,9,3,1,10,2,3,1,1,11,1,1,2,3,0,1,4,4,11,7,11,11,10,7,3,2,0,3,6,14,10,5,1,10,9,0,24,17,0,2,1,17,3,3,4,2,2,1,1,7,0,1,1,3,8,2,2,2,2,3,8,3,5,1,0,6,4,4,0,3,0,1,14,2,1,0,1,1,1,0,1,5,1,3,1,2,4,0,2,2,2,2,0,1,14,0,6,4,11,0,1,2,7,1,3,2,1,5,5,1,2,14,2,2,1,2,2,0,1,1,2,1,2,1,0,1,0,1,0,0,2,1,9,1,1,1,1,5,1,0,2,1,0,1,1,1,0,0,0,0,1,0,0,0,0,0,0,0,0,0,0,0,0,0,0,0,0,0,0,0,0,0,0,0,0,0,0,0,0,0,0,0,0,0,0,0,0,0,0,0,0,0,0,0,0,0,0,0,0,0,0,0,0,0,0
