;Temperature;A1;A2;A3;A4;A5;A6;A7;A8;A9;A10;A11;A12;B1;B2;B3;B4;B5;B6;B7;B8;B9;B10;B11;B12;C1;C2;C3;C4;C5;C6;C7;C8;C9;C10;C11;C12;D1;D2;D3;D4;D5;D6;D7;D8;D9;D10;D11;D12;E1;E2;E3;E4;E5;E6;F1;F2;F3;F4;F5;F6;G1;G2;G3;G4;G5;G6;H1;H2;H3;H4;H5;H6
;55;3283,5268298807;3479,19170300454;3478,10123233712;3395,45208326962;2986,08211192662;3487,87213128281;3462,40807924416;3516,67530890242;3552,49218024925;3592,66932735026;3601,10782014894;3310,09606536214;3394,7603470527;3619,46031689424;3479,57259764858;3433,13374145083;3447,11982830039;2920,28286638095;3459,79602924259;3499,00533125057;3473,74847588546;3691,52610671107;3559,57244359222;3302,0605902884;3611,59756746081;3575,72814059833;3659,54469762021;3639,15873726925;3648,19754191084;3354,59308052196;3946,51823101767;3796,45869038461;3780,36201545521;3572,40580244744;3658,48335423857;3742,87568779718;3376,08095751623;3496,33033137545;3194,91825891221;3705,02866114464;3661,99517497758;3738,42945877106;3789,2005148795;3725,60112704373;3674,93870000367;3700,83803654382;3532,7530452855;3726,01357876485;3488,06114524426;3517,03196234284;3565,23442232055;3616,9098280155;3207,42614967752;3232,37453474518;3297,91439982288;3346,94535123463;3378,11630536069;3411,9999381635;2961,68322924193;3486,97069017764;3365,09651110822;3819,67450342973;3849,60915552745;3765,22319619309;3611,00246070142;3686,05511647574;3481,63149960975;3623,49517982925;3652,6909074012;3465,26868245715;3764,19968892735;3607,14697370172
;55,5;3284,23618072203;3482,5854610101;3478,86781533479;3400,93686674537;3007,17720612568;3496,55129872719;3468,92184524067;3521,42747287898;3558,26318539913;3595,65484017745;3603,61709607653;3316,96691172579;3395,30701652634;3621,99725182467;3480,33809030057;3439,27242293034;3455,79893272948;2925,48295560534;3468,21211320226;3503,26470403364;3478,88269969609;3695,68433993368;3562,55478311475;3308,8153008094;3610,77410540989;3574,46238019894;3657,7082692276;3637,20742558061;3644,74060754163;3354,31450973803;3943,55780889384;3793,51680008485;3777,48491336946;3571,29942030259;3657,31555143507;3740,84374103418;3375,01305368534;3496,43116835639;3195,36691900406;3705,81521607734;3659,43962058124;3736,62672624822;3789,51556123497;3721,3258382859;3674,26960517908;3698,10221233217;3531,80646461477;3723,95295919466;3491,64613499453;3525,52473595977;3571,72641199846;3626,69821463384;3231,2352652617;3244,96278491435;3303,673647537;3352,94163630654;3382,97455323495;3417,86404102694;2967,68763399622;3498,41744424272;3365,52896076608;3817,49351985979;3850,20803311908;3764,12457834157;3609,84730275395;3684,75027365113;3479,78389634082;3622,92432534275;3650,84664094177;3464,1299082209;3763,14786440997;3606,61163339762
;56;3284,94553156337;3485,97921901567;3479,63439833245;3406,42165022111;3028,27230032473;3505,23046617156;3475,43561123719;3526,17963685554;3564,03419054901;3598,64035300464;3606,12637200413;3323,83775808944;3395,85368599997;3624,5341867551;3481,10358295256;3445,41110440985;3464,47803715857;2930,68304482973;3476,62819716193;3507,52407681671;3484,01692350672;3699,84257315628;3565,53712263728;3315,5700113304;3609,95064335897;3573,19661979956;3655,87184083499;3635,25611389196;3641,28367317242;3354,0359389541;3940,59738677001;3790,57490978509;3774,60781128371;3570,19303815773;3656,14774863157;3738,81179427119;3373,94514985446;3496,53200533732;3195,8155790959;3706,60177101005;3656,8840661849;3734,82399372538;3789,83060759043;3717,05054952806;3673,60051035448;3695,36638812052;3530,85988394404;3721,89233962447;3495,2311247448;3534,01750957671;3578,21840167638;3636,48660125217;3255,04438084589;3257,55103508353;3309,43289525113;3358,93792137845;3387,8328011092;3423,72814389037;2973,69203875051;3509,86419830781;3365,96141042393;3815,31253628986;3850,80691071072;3763,02596049005;3608,69214480648;3683,44543082652;3477,93629307189;3622,35347085624;3649,00237448235;3462,99113398465;3762,09603989258;3606,07629309352
;56,5;3285,6548824047;3489,37297702123;3480,40098133011;3411,90643369686;3049,36739452378;3513,90963361594;3481,94937723371;3530,93180083211;3569,8051956989;3601,62586583183;3608,63564793173;3330,7086044531;3396,40035547361;3627,07112168554;3481,86907560456;3451,54978588935;3473,15714158766;2935,88313405412;3485,0442811216;3511,78344959977;3489,15114731734;3704,00080637889;3568,51946215981;3322,32472185141;3609,12718130805;3571,93085940017;3654,03541244238;3633,30480220332;3637,82673880322;3353,75736817017;3937,63696464618;3787,63301948533;3771,73070919796;3569,08665601288;3654,97994582807;3736,7798475082;3372,87724602357;3496,63284231826;3196,26423918775;3707,38832594276;3654,32851178856;3733,02126120253;3790,1456539459;3712,77526077023;3672,93141552989;3692,63056390887;3529,91330327331;3719,83172005428;3498,81611449507;3542,51028319365;3584,7103913543;3646,27498787051;3278,85349643007;3270,13928525271;3315,19214296525;3364,93420645036;3392,69104898345;3429,59224675381;2979,69644350479;3521,31095237289;3366,39386008178;3813,13155271993;3851,40578830235;3761,92734263853;3607,53698685902;3682,14058800191;3476,08868980296;3621,78261636973;3647,15810802292;3461,8523597484;3761,0442153752;3605,54095278943
;57;3286,36423324603;3492,76673502679;3481,16756432777;3417,39121717261;3070,46248872283;3522,58880106031;3488,46314323022;3535,68396480867;3575,57620084878;3604,61137865902;3611,14492385933;3337,57945081675;3396,94702494725;3629,60805661597;3482,63456825655;3457,68846736886;3481,83624601676;2941,08322327851;3493,46036508128;3516,04282238284;3494,28537112797;3708,1590396015;3571,50180168235;3329,07943237241;3608,30371925713;3570,66509900078;3652,19898404977;3631,35349051468;3634,36980443401;3353,47879738623;3934,67654252235;3784,69112918557;3768,85360711221;3567,98027386802;3653,81214302457;3734,74790074521;3371,80934219269;3496,73367929919;3196,7128992796;3708,17488087547;3651,77295739222;3731,21852867969;3790,46070030136;3708,49997201239;3672,2623207053;3689,89473969722;3528,96672260257;3717,77110048409;3502,40110424534;3551,00305681059;3591,20238103221;3656,06337448885;3302,66261201425;3282,72753542188;3320,95139067938;3370,93049152227;3397,54929685771;3435,45634961725;2985,70084825908;3532,75770643797;3366,82630973963;3810,95056914999;3852,00466589399;3760,82872478701;3606,38182891155;3680,8357451773;3474,24108653403;3621,21176188322;3645,3138415635;3460,71358551215;3759,99239085782;3605,00561248533
;57,5;3287,07358408737;3496,16049303234;3481,93414732544;3422,87600064831;3091,55758292186;3531,26796850471;3494,97690922673;3540,43612878522;3581,34720599866;3607,59689148615;3613,65419978689;3344,45029718038;3397,49369442092;3632,14499154645;3483,4000609085;3463,82714884841;3490,51535044582;2946,28331250293;3501,87644904092;3520,30219516595;3499,41959493857;3712,31727282416;3574,48414120488;3335,83414289342;3607,48025720621;3569,3993386014;3650,36255565717;3629,40217882605;3630,9128700648;3353,20022660231;3931,7161203985;3781,74923888585;3765,97650502643;3566,87389172317;3652,64434022108;3732,71595398227;3370,7414383618;3496,83451628012;3197,16155937147;3708,96143580812;3649,2174029959;3729,41579615688;3790,77574665684;3704,22468325455;3671,59322588068;3687,1589154856;3528,02014193185;3715,71048091391;3505,98609399558;3559,49583042749;3597,69437071015;3665,8517611072;3326,47172759845;3295,31578559101;3326,71063839351;3376,92677659416;3402,40754473196;3441,32045248068;2991,70525301337;3544,20446050303;3367,2587593975;3808,7695855801;3852,60354348561;3759,73010693549;3605,2266709641;3679,53090235267;3472,3934832651;3620,6409073967;3643,4695751041;3459,57481127591;3758,94056634043;3604,47027218124
;58;3287,78293492871;3499,55425103791;3482,7007303231;3428,36078412406;3112,65267712092;3539,94713594908;3501,49067522324;3545,18829276179;3587,11821114854;3610,58240431334;3616,16347571449;3351,32114354404;3398,04036389456;3634,68192647689;3484,16555356049;3469,96583032792;3499,19445487491;2951,48340172732;3510,29253300059;3524,56156794902;3504,5538187492;3716,47550604677;3577,46648072741;3342,58885341442;3606,65679515529;3568,13357820202;3648,52612726456;3627,45086713741;3627,45593569559;3352,92165581838;3928,75569827467;3778,80734858609;3763,09940294067;3565,76750957831;3651,47653741758;3730,68400721927;3369,67353453091;3496,93535326106;3197,61021946331;3709,74799074083;3646,66184859956;3727,61306363404;3791,09079301231;3699,94939449671;3670,92413105608;3684,42309127395;3527,07356126112;3713,64986134372;3509,57108374585;3567,98860404443;3604,18636038806;3675,64014772554;3350,28084318263;3307,90403576019;3332,46988610764;3382,92306166606;3407,26579260622;3447,18455534412;2997,70965776766;3555,65121456812;3367,69120905535;3806,58860201016;3853,20242107725;3758,63148908397;3604,07151301663;3678,22605952806;3470,54587999617;3620,07005291019;3641,62530864467;3458,43603703966;3757,88874182305;3603,93493187714
;58,5;3287,68534945662;3501,72938954067;3482,29813336103;3432,30569298072;3130,90861700312;3546,59428634835;3506,2857349996;3548,42420280584;3591,1863360423;3612,15057865207;3617,38627636142;3356,72351625191;3398,15381441792;3635,87987688985;3483,63829282477;3474,2644819112;3505,59346529502;2953,3584404983;3516,66667466082;3526,78692085084;3507,67925634614;3719,34044634621;3578,4242879668;3346,83064852971;3604,6898793708;3565,88688760177;3645,37856075511;3624,11435350214;3623,19000689088;3351,42087438011;3924,65343553146;3774,50024753645;3758,80502860391;3563,45622706236;3648,78998601341;3727,35677856731;3367,72936213416;3495,9795407332;3196,90235126628;3709,71070904836;3643,33824601011;3725,05330891646;3790,75760993463;3694,86876350084;3669,58518771189;3681,13534911891;3524,79749848218;3710,30702635961;3511,06164527677;3574,3683907734;3609,54317328288;3683,4590474292;3371,46993464351;3319,15303157151;3336,4936976273;3387,40204605951;3411,26073281033;3451,16339761098;3001,47194599925;3565,57999372711;3367,03808785252;3803,43403130261;3852,54842945991;3756,25066059193;3602,27811861093;3676,0501305733;3467,94708620321;3618,46830730678;3638,46414352083;3456,14069262389;3755,73925848768;3602,12154526476
;59;3287,27695826117;3503,04061647744;3481,31980074275;3434,7926063993;3146,21241303048;3552,23597082128;3509,67065331541;3550,65843511311;3594,49564458841;3612,93895191867;3618,02949593428;3360,91132239173;3397,75719998369;3635,99466178365;3482,06473378043;3477,44051466695;3510,18640491203;2952,43409839662;3521,91028743082;3527,90286894075;3510,09846078332;3720,91459774425;3578,03300617576;3350,25318715901;3602,54985550871;3563,0980826747;3641,54851263018;3620,21889991605;3618,24272016668;3349,4405085572;3920,05104639665;3769,62577137488;3754,29453460888;3560,50349787588;3644,94158179143;3724,26961871365;3365,28617943028;3494,31442614888;3195,40482444726;3708,77170667102;3639,4783070955;3721,84624744732;3790,37849345676;3689,36122883683;3667,18212112641;3677,38647305332;3521,66966893425;3705,9894421724;3511,78555985517;3579,32171704882;3613,91141536626;3690,01959314749;3390,33753847647;3329,21093314119;3339,66613367045;3390,53296736664;3414,33922415608;3453,95289375164;3003,51560326307;3574,47223729191;3365,83864864386;3799,45656044799;3850,99847538557;3753,04750930718;3599,85584979493;3672,96094499062;3464,84826525638;3616,3307575969;3635,0085377832;3453,11401488809;3753,22429262638;3600,31641788197
;59,5;3286,35798839134;3503,76437008322;3479,51907979694;3436,18055172138;3158,60030405422;3556,32126396012;3512,23150379245;3552,093317465;3596,99401821058;3612,82498484886;3618,10000839505;3364,63618102024;3397,42979774857;3635,12510131016;3480,05148422974;3479,81672192907;3513,48900005971;2949,7018397221;3526,43125009341;3528,23052117066;3512,25403331949;3721,23672691183;3577,25031802408;3353,29116483477;3599,81819235833;3559,88804755956;3637,70619601477;3616,17396787885;3612,96726605999;3346,70982336382;3914,49067129694;3764,31524432004;3749,33807544704;3557,14101567782;3640,18303126064;3721,43294129186;3362,86071709149;3492,01039316539;3193,16329119627;3707,42917609375;3634,81178847062;3718,17743273457;3790,18776133771;3683,63012128305;3664,21634264917;3673,4370579097;3518,21148902185;3701,0514057482;3511,7112445124;3583,29371070701;3617,49865513976;3695,17668043622;3406,27025543859;3338,91244015126;3342,35777583838;3392,78357503473;3416,61474061902;3456,24846374029;3003,97679725923;3582,28265772787;3364,05866555113;3794,93007778464;3848,66549636146;3749,13760652974;3596,84458658697;3669,14037100809;3461,49009750115;3614,08099582564;3631,54795079954;3450,32204342423;3749,84748896187;3597,81291132396
;60;3285,21894942723;3503,93625448569;3477,37897080608;3436,86838928092;3167,87250721671;3559,68899145614;3514,39548746364;3553,27856663443;3598,77959798408;3611,78389565672;3617,43051376862;3367,64992054582;3396,97954495727;3633,81195145972;3477,55474893152;3481,26731613601;3515,6814283194;2946,4085327623;3529,72634886826;3527,40860288779;3513,77785584575;3721,31342852649;3575,79384407286;3355,31573056292;3596,88853388727;3556,65664198127;3633,28002085108;3612,06296208287;3607,73304668861;3344,0912794626;3908,86892575856;3758,92025281656;3744,13943799482;3553,24410108461;3634,80179223854;3718,52701924664;3360,3471599416;3489,42167503144;3190,270160646;3705,69508961263;3630,44559955371;3714,21811841869;3790,31824923075;3677,78570034557;3660,95001392863;3669,29331130697;3514,70096057751;3695,48224805021;3510,99259290958;3586,86669234986;3620,79571056673;3699,51682696312;3419,53346289235;3347,86218778195;3344,76725094991;3394,55323892869;3418,76947203597;3457,55579612356;3003,1976550147;3589,06949179273;3361,91460195414;3789,92376883337;3845,70129823283;3744,9838939142;3593,50810798469;3664,54565349193;3457,45716745373;3611,75721299012;3627,91249608981;3447,39203548263;3745,84261273165;3594,89793308983
;60,5;3283,57101516123;3503,86664424893;3474,67733148076;3437,18174553883;3174,00682797752;3562,48611593364;3516,45361053402;3554,06834367109;3599,79010606006;3609,98939540907;3616,05543615255;3369,75565142279;3395,83166305952;3631,85993158676;3474,89446524391;3482,35502671981;3517,07145984834;2942,67434154265;3532,94177617325;3526,414067399;3514,80105571431;3720,7123247305;3573,83678879277;3357,06896477492;3593,81151670347;3553,71847275919;3628,58773067101;3607,94344608221;3602,55807751014;3341,5204694841;3903,40678140042;3753,67864131801;3738,80082516939;3549,15158544783;3629,04407831743;3715,59885471647;3357,31315356547;3486,600487359;3187,34130976289;3704,14107499318;3626,08086251338;3710,00320775541;3791,32737519869;3671,73569887001;3657,81967898972;3665,39436819316;3510,83182662151;3689,38420604163;3509,76126428395;3590,21228357054;3623,70616491914;3702,92617284909;3430,1263797171;3356,16398794838;3346,92163703268;3395,94954932373;3420,48035563953;3458,15592996733;3001,72989779783;3595,56634856191;3359,78570875752;3784,88470884601;3842,51556043865;3740,86214041645;3590,27607688464;3659,38733397757;3453,40526367036;3609,22622307286;3623,79650076959;3444,22753345837;3741,83021729867;3591,75890317269
;61;3281,65992765587;3503,40446560472;3471,40917910669;3437,14299992747;3177,37213227164;3564,77758923238;3518,22847911361;3553,93672594534;3600,49735443087;3607,69722221011;3613,87726490832;3371,16345985948;3394,24765017403;3629,49008741349;3472,45253189236;3483,27037219054;3517,80025261054;2938,5562030995;3536,2765140367;3525,48636773237;3515,64822675004;3719,25859775258;3572,00915739531;3358,58049389214;3590,38353289107;3550,63115896723;3624,07333877232;3603,82618677113;3597,42532438944;3339,24947147099;3898,02779704748;3748,79620756123;3733,82242293794;3544,92417898323;3623,30970760728;3712,7791143017;3354,48851051144;3484,13271177308;3184,84211898059;3702,26908034044;3621,64480268243;3705,548721988;3792,84417692054;3665,32427795609;3654,40196960034;3661,37985877163;3507,06119197824;3683,01305531397;3508,36760606369;3593,674005952;3626,29697903309;3705,88389235373;3438,29381531431;3364,23394195101;3348,95519954919;3396,98741258392;3422,11296795909;3458,54274165048;3000,11568038967;3601,24677182776;3357,90038584052;3779,66445312718;3838,79899623675;3736,56973380571;3586,87069768719;3653,57946672858;3449,5054524399;3606,69115363832;3619,78370235057;3440,95863395512;3737,64286337475;3588,23055992172
;61,5;3279,16764665447;3502,5313314997;3467,62188067859;3437,20636220202;3178,55984126367;3566,12396197341;3519,94084946019;3553,27799737643;3600,46511074256;3605,24376410886;3610,73106809842;3371,8302050628;3392,47512795719;3626,51536029331;3470,21692391802;3483,47256252114;3517,94674390463;2934,6671318223;3539,38052796476;3524,36427291384;3515,64708056861;3717,9894266079;3569,89254986014;3359,11545806522;3586,53939891443;3547,04253953171;3619,49396813668;3599,47680430134;3592,33585605446;3337,38135483464;3892,50181738578;3744,00914739368;3728,6239076863;3540,68225604614;3617,52717318321;3709,38288581985;3351,24410566308;3482,0351626129;3182,62703041282;3700,35464271778;3617,24311975659;3701,28000086461;3795,18464341513;3658,91570510082;3651,72814181363;3657,01860998608;3503,01318464514;3676,72149336083;3506,79955559448;3597,12568705791;3628,65544874311;3708,31384643398;3443,67794878378;3372,12514869943;3350,42697616667;3397,53126848708;3423,49646929723;3458,70413965751;2998,50704275051;3606,11870378351;3355,97529808098;3774,03493195831;3834,55426007081;3732,23963386585;3583,52278120143;3647,27560052005;3445,74144970426;3603,77043073578;3615,66541732593;3437,53279861971;3733,31425866301;3584,28553276503
;62;3276,727098158;3501,03125136702;3463,36799470088;3436,96235546181;3177,91003507077;3567,10928803108;3521,51185304668;3552,4243664753;3599,70492423513;3602,33103260788;3607,43621104063;3371,6318390113;3390,3290075384;3623,42404188421;3467,91630892564;3483,35787956704;3518,08697552213;2931,32771207113;3542,02983338338;3523,2596108629;3515,11087969426;3716,65677687728;3567,44916369384;3359,02241734908;3582,52569466019;3543,48507678195;3614,82275158149;3594,77594186004;3587,45000012987;3335,74153861397;3887,84008102453;3739,1555489324;3723,41134831207;3536,45840111837;3611,6365622533;3705,37596613736;3347,6624880271;3480,56593795426;3180,98302906301;3698,7625448489;3613,27260389543;3697,9097106584;3798,41860932985;3652,63979512689;3649,65893137574;3652,5193048605;3499,11463501199;3670,1988171315;3505,06821491458;3600,92475599759;3630,87254499161;3711,03498082159;3447,2222911801;3379,56056796823;3351,59084485907;3397,76775840324;3425,00251392151;3458,51397174218;2997,28235494665;3610,43339728846;3354,43625567757;3768,02766424169;3830,22024520028;3727,73992010302;3580,15510405672;3640,81212489104;3441,69330765959;3599,93948158779;3611,24034342694;3433,65309856812;3729,19238166977;3580,2981672837
;62,5;3274,17524877152;3499,58799525466;3458,56753791786;3436,40039549021;3176,22167106242;3567,52064524855;3522,47779842385;3551,04460391865;3598,99576216439;3599,54605593969;3603,99103219848;3371,29630686282;3387,96592424331;3620,11834697741;3465,6011074717;3483,22586504359;3518,3522891621;2927,91071745953;3544,62441810552;3522,33742724841;3514,2646040416;3714,60714347026;3564,92333302341;3358,20508370285;3578,5803918314;3540,06019268117;3610,85756651307;3589,7382430115;3582,47120073799;3334,05351121288;3883,18676273513;3734,22944394874;3718,38079211589;3532,97106427915;3605,82435979939;3700,72309525791;3343,85555036166;3479,47466445997;3180,1260596263;3697,47895775024;3609,48135718411;3694,97724904996;3802,85028191269;3646,14484191323;3648,34873395144;3647,90079421322;3495,25135856998;3663,68572267574;3503,47883955023;3604,57862652444;3632,62858100843;3713,54259828272;3448,95518635595;3386,78604573751;3352,2984737461;3397,27205164762;3426,36974174098;3458,18405203068;2996,49095593865;3614,53772674293;3353,37665330963;3761,73353086344;3825,97141715769;3723,16355249199;3577,0219530801;3634,67205227878;3437,91556325141;3595,7107517999;3606,45109054414;3429,53593421339;3724,91759944575;3576,08064953708
;63;3272,08530242199;3497,48754348313;3453,45894634251;3435,26168289383;3174,0995161237;3567,27580502956;3522,76963580854;3549,30930451604;3597,95474563406;3596,5333172716;3600,43161097844;3370,87965316379;3385,78981541093;3616,29376267991;3462,79958503144;3482,34886869334;3518,34409572179;2924,65294240835;3546,72413459693;3521,03504561555;3512,72011452459;3712,32232907375;3562,27274099632;3356,89604404287;3574,69697852482;3536,41912487022;3606,91016143514;3584,93957635949;3577,47078768776;3332,09419412659;3878,47655288004;3729,45984170983;3713,22400443916;3529,54767096338;3599,92690765787;3695,14557108673;3340,34024347115;3478,82998674349;3179,4208972322;3696,27034978024;3606,08367079777;3692,51034818751;3807,95694904623;3639,69923211876;3647,39413351306;3642,88849792248;3491,3227828857;3657,22507820382;3501,87719196417;3608,0087789606;3634,61925156475;3715,92378573371;3449,14828098497;3394,2786369837;3352,97957966073;3396,34351266911;3427,54336702359;3457,69412266592;2996,40271102124;3618,32309358845;3352,75257049153;3755,03769365145;3821,31557053582;3718,25954880614;3573,30730968808;3628,9781601948;3433,59998669784;3591,09029735243;3601,65589766856;3425,55319512274;3720,5286012408;3572,12475817198
;63,5;3270,11071596977;3495,15813680146;3448,28967829191;3433,73053586053;3171,52290250667;3565,86840975726;3522,41772950815;3547,94839888337;3596,33827260432;3593,23427383442;3596,99169850931;3370,18245055448;3383,3605543367;3612,06992835627;3459,37273123048;3481,18818104849;3518,16995035134;2922,01001608426;3547,88567839179;3519,01176324541;3510,72536677385;3710,11654011159;3559,06255745141;3355,44528392995;3571,36621320343;3532,8360972227;3602,96554740629;3580,42181654204;3572,31136832112;3330,52349308282;3874,09655371853;3725,032580339;3707,98280092833;3526,68004414274;3593,76590255781;3689,2165920713;3336,22655856054;3478,13916338019;3178,47161244885;3695,54650679959;3603,17028024454;3690,66062585473;3814,15476434414;3633,752152887;3646,85066098745;3637,70091427999;3487,65095593403;3651,2891933864;3500,33768271049;3611,13833119627;3636,77237314381;3718,08581494173;3448,2907460848;3401,32751219152;3353,32286643617;3394,85964282052;3427,99862579319;3457,26795547354;2996,78101142528;3622,32867875218;3352,18488819505;3748,36725586969;3816,76134909133;3713,10132188657;3569,19555637009;3623,28192640614;3428,85630934587;3586,07108325854;3596,70112042154;3421,70633062266;3715,84861885204;3568,88337580259
;64;3268,02412936328;3492,42865524127;3443,05566781014;3431,69837681083;3168,51676163979;3563,61885979264;3521,51850955527;3546,34079834049;3594,21174684812;3589,29282189963;3593,66514883016;3369,8167431323;3380,95423815455;3608,26015287619;3455,38539701657;3479,83438054205;3517,85684036157;2919,49265716231;3548,47767828409;3516,71555654155;3508,42878182748;3707,11109648717;3555,7460487017;3353,68592360403;3568,37803935031;3529,58147692538;3598,92882697987;3576,1788698709;3567,75532168598;3328,4864502142;3870,12476862149;3720,70659958552;3702,61428599029;3523,83806319465;3587,6132975248;3682,91960458863;3332,38770380728;3477,23473543051;3177,35975958327;3695,34225118818;3600,7208335956;3689,40833192964;3821,50738212927;3627,86646710489;3646,44943294992;3633,28060627152;3484,0563413444;3645,47150509486;3498,61876514154;3613,90390190781;3639,45499516858;3720,54711121541;3446,76758523103;3408,36071855092;3353,38737658173;3393,56855360265;3428,62817917046;3456,52625779231;2997,25851709803;3626,40956645937;3352,29032006114;3741,64527003908;3812,5969658038;3707,38952209062;3564,81511666035;3618,04554886504;3424,11519786368;3581,28827223459;3591,66895255461;3418,33819232286;3710,75751759652;3565,46267832164
;64,5;3265,49706203794;3489,78689817117;3437,87850118692;3429,19579331512;3165,13752805227;3560,59237564636;3519,91071491366;3544,51233394006;3591,56748452957;3585,04440492801;3589,74465641373;3369,06208103035;3378,84912458594;3604,02258639333;3450,87406237271;3478,02059710196;3516,62438274882;2916,63375977218;3548,31585947259;3513,58732438939;3505,40891219808;3703,79920068808;3551,92913602028;3351,34625471427;3565,86814294109;3525,97157057808;3594,91997418228;3572,14512421744;3563,31283911976;3326,61339675295;3865,6772917936;3716,93775102454;3697,5969170319;3520,96037005432;3581,51382334323;3676,10392736835;3328,91307212649;3475,96963200957;3175,83793737663;3695,35862512219;3598,8374374145;3688,00088741569;3830,21094859792;3622,04072907355;3646,34082436507;3629,14938242144;3480,18268421286;3639,68486082625;3496,95178595268;3615,83991214424;3642,78966259283;3722,57348284924;3444,31457236777;3415,49928721821;3353,36822588844;3392,11817319327;3428,91228339234;3455,67253367804;2997,52846627407;3630,46813832966;3352,46450292052;3735,17556912517;3808,13195737675;3701,76077806944;3560,41206210372;3613,07620260694;3419,7352236207;3576,96800571094;3586,60523607433;3414,93639971919;3705,38521885411;3562,37198807955
;65;3262,90130935347;3486,26755660646;3432,75470361934;3426,10102726084;3161,29231091721;3556,89271961951;3517,42163767891;3542,34918814469;3588,06082073277;3580,2600525258;3585,17576569711;3367,42664922709;3377,03474487004;3599,63224117266;3446,1168801609;3475,67868956887;3514,40496881551;2914,04420344538;3547,27849238492;3509,81118087337;3501,73270589957;3700,36500125191;3547,90475273947;3348,77924879879;3563,48298143549;3521,97548922592;3590,51132669122;3568,50471073616;3559,09709779649;3324,96278218466;3861,2777953021;3713,10923232631;3692,63384919462;3517,40480849763;3575,05351008175;3668,84962944064;3325,5337533909;3474,38244528767;3173,78698888262;3695,59531719981;3596,87329500661;3687,10918217286;3839,87662808736;3616,63303646885;3646,29691292455;3625,50081271653;3475,74581340047;3633,84645873627;3494,95067751151;3616,99017798897;3647,03045098975;3724,44738994022;3441,35722079873;3422,67984965093;3353,00598584419;3390,61437543174;3428,91791264163;3454,91934098816;2997,74230240918;3634,496188578;3352,60363713267;3728,88321273169;3803,50102653275;3695,77382548227;3555,65703065615;3608,18012226702;3415,37010160181;3572,43504864622;3581,62323236474;3411,4875731746;3700,07307439838;3559,52853779567
;65,5;3259,75827943575;3482,6130585892;3427,58991921226;3422,88418461996;3156,93934787687;3552,94011925072;3514,59812937676;3539,93991590105;3584,18766111643;3575,25381659689;3580,23309304436;3365,12515658243;3375,37216646673;3595,86720580679;3441,61401896129;3473,38077952558;3511,83686343009;2911,89714235386;3545,46043740994;3505,70903436491;3498,17044652987;3696,66737721756;3543,52871681473;3345,7139542457;3561,22383453452;3517,53254131774;3586,00059097011;3564,57927458678;3554,59953166108;3323,87384090129;3857,32375921924;3708,87951835763;3687,99595906108;3513,735638912;3568,485970686;3661,76924897098;3321,82319734525;3472,67946255061;3171,60662448128;3696,19488542366;3594,99728597587;3686,80372687943;3851,00438219376;3611,82441340112;3646,88296925148;3622,15745102397;3471,40138400582;3628,16096864217;3493,23375126607;3617,87471336155;3651,49998541326;3726,59844230649;3437,81052396499;3429,2624135048;3351,73009233221;3389,10150442574;3429,33320321649;3454,41667209854;2997,18450439743;3638,33311666719;3352,5760442329;3722,68804700049;3799,2037116994;3689,50086994561;3550,83521229481;3602,79776882319;3411,46011872768;3568,28826816558;3576,69315439204;3407,90467411571;3694,41237318831;3556,46786907145
;66;3256,30310611395;3478,73567755874;3422,24757313406;3419,13017797486;3152,25328274972;3549,20303802941;3511,43189645576;3536,89045538817;3579,71221252278;3570,2108420228;3574,89783516776;3361,88922365166;3374,00649323541;3592,47427016332;3436,99930301678;3470,51155042251;3508,95649840804;2909,84103304689;3543,36796779819;3501,63467694895;3494,20289855857;3692,61965294811;3539,06756483333;3342,32434826013;3558,75594834399;3512,560367228;3581,30699200425;3560,45781691979;3550,33321802818;3322,55780199727;3853,35814104586;3704,45474666976;3683,55201000352;3509,48570704887;3562,05613579638;3654,21958129988;3318,64873968636;3470,85820418354;3169,23281492012;3696,7075301804;3593,30041270508;3686,95017537638;3863,91848562909;3607,17716624611;3647,98812763582;3619,24817722759;3466,7673521109;3621,62520055096;3491,60458646439;3618,33225944151;3655,76376724917;3728,8759272385;3433,69518319282;3435,98296678325;3349,75357814433;3387,72042918457;3430,18775424284;3453,79193573572;2995,63174029317;3641,56851247073;3352,42436077254;3715,88853045153;3794,82488955214;3683,17536680098;3545,70331208633;3597,64407779602;3407,74249725056;3564,1709214519;3571,87928211483;3404,17090584157;3688,72643623946;3552,78643843037
;66,5;3252,96547045001;3474,86536962449;3416,46623499661;3414,62380261273;3147,46355789595;3545,54767474791;3507,66566361829;3533,71454130972;3574,98419940345;3564,79294773451;3569,39415841849;3357,34538259361;3372,63897441578;3588,50609112799;3432,40597656795;3467,21321583302;3505,75946089903;2907,96610933022;3540,46377543483;3497,32669214282;3489,76679787526;3688,38510268467;3534,39223359069;3338,69950470493;3556,3308063598;3506,94046844958;3576,69829006155;3556,3192136198;3545,59357734734;3322,02670635343;3849,83728567316;3700,09170668499;3679,60079688667;3505,00005985053;3555,53933012059;3646,62976246113;3315,31112074051;3468,82857273772;3166,52303341358;3697,67010126541;3591,62894554683;3687,17396698516;3877,98639038456;3602,98003622941;3649,32774418457;3615,79775224771;3462,31543145598;3614,84063415643;3490,2184151497;3618,76095787444;3659,3064652154;3730,58267101322;3429,61690967902;3441,8694576953;3347,28069557474;3385,85285062388;3430,90268354928;3453,60564557681;2993,53695652759;3644,44550511058;3351,67534793966;3709,32366335956;3790,07366515522;3676,79443055462;3540,36255198333;3592,22420660609;3403,854882424;3559,65757865898;3567,34637986717;3400,20351374107;3683,44648224896;3549,32913425925
;67;3249,55436064413;3470,43328445204;3410,53312940615;3410,05967497595;3142,42751671746;3541,82716792099;3503,51367086046;3530,46349381211;3570,43592535877;3559,21640835434;3564,11386146031;3352,39167383133;3371,18942466718;3584,97568074301;3427,90104319181;3463,74991328649;3502,4505108107;2906,491250736;3536,99669175864;3493,21373047135;3485,1516037481;3684,14310611159;3530,15212268215;3335,5004291202;3553,81780545816;3500,95588320385;3571,89887770853;3552,55063185605;3540,53494490477;3321,84035574739;3847,35376657337;3695,50679512622;3675,79036018999;3500,46497384727;3549,02526435666;3639,43207749148;3311,57366049435;3466,65233216082;3163,85487014059;3698,81795222841;3589,72614068874;3687,64775846732;3892,66748298402;3599,26959018778;3650,88002185895;3612,52545555624;3458,09739008786;3608,05040804672;3489,08552423017;3619,0618095867;3662,1725076105;3732,32916273988;3425,69215478552;3446,58055527434;3344,02003685503;3383,7676616285;3431,9060386361;3453,63633006483;2991,22938004057;3647,32595583397;3350,72555218349;3702,25379088278;3785,45269212909;3669,85489839665;3534,57039747975;3586,53267272094;3399,4470278599;3554,95187143332;3563,00273282024;3396,74540391838;3678,12869986838;3545,56596034836
;67,5;3245,52177583759;3466,17433888698;3404,46148823962;3405,13468888764;3137,09381332211;3538,1872427697;3499,54373068171;3527,26094283645;3565,98137944357;3553,67583353576;3559,42715375538;3347,12289714998;3369,86877395022;3581,38703871894;3422,66640587865;3459,49270089619;3499,01298245489;2905,11601670663;3533,17868571207;3489,45884534848;3480,36737592676;3679,63424280746;3525,81440791281;3332,39295579998;3551,41788831386;3494,44706754848;3566,79270764025;3548,56305751111;3535,31306841996;3321,94948853932;3845,49198252744;3691,43435389737;3672,19499660951;3496,13925987653;3542,97553192558;3632,59516807231;3308,00985211118;3464,27075357418;3160,82797308551;3699,81595998793;3588,31052309259;3687,82717894608;3907,83005465966;3596,00492029786;3652,43698051836;3608,87168220899;3454,5175954409;3601,35388027777;3488,54654671845;3619,85876236401;3663,81386681897;3734,18438663691;3421,83951598702;3449,84261029891;3340,16776657497;3381,53752501626;3432,71868308143;3453,61186440959;2987,98869353256;3649,98085634032;3349,61603160248;3695,0752875186;3780,83392523037;3662,79625083814;3528,06584244381;3580,72251399844;3394,99003853788;3550,46551637326;3558,62820340526;3393,70836556422;3672,72748462216;3541,46340965174
;68;3241,0304229502;3461,70407398948;3398,32309963236;3399,3157568499;3131,6871280507;3534,15201960257;3495,18692416379;3524,23747895945;3561,29813620737;3548,06743683218;3555,0788335691;3341,53616656666;3368,54163491031;3577,28958594475;3417,12900714115;3454,45129655199;3495,39093728478;2903,2725262381;3529,02580502413;3485,9693111047;3474,98868622187;3675,23193966137;3521,77664220963;3329,60649574226;3549,00257496228;3487,78958471276;3561,83891285511;3544,64111489001;3530,27243824841;3322,11575170518;3843,8381143114;3687,54259703313;3668,91538152185;3491,64475247958;3537,15910114364;3625,91327470507;3304,56007839965;3461,15537528909;3157,52615145175;3700,0285766069;3587,21156072864;3687,57071287209;3922,37443710046;3593,18999276875;3653,82646606632;3605,56884942951;3450,8394375428;3594,48913691349;3488,06889112681;3620,5976552238;3664,04179416633;3735,4575091573;3418,09095862107;3451,52827712326;3336,41377304538;3379,22265988859;3432,94150003511;3452,74847841993;2984,47103753509;3652,0421217379;3347,81052792194;3688,02917697777;3775,61014688997;3655,65929126513;3521,36208602647;3575,47725735984;3390,27492300281;3545,49403301806;3554,34087315302;3390,99967051301;3667,36879338238;3536,86157435634
;68,5;3236,44111078689;3456,72754315106;3392,38631224066;3392,87135781168;3126,2204442474;3529,8905252863;3490,43049738093;3521,3340995786;3556,89003025868;3542,60020972379;3550,62778689514;3336,27036303902;3367,08234029597;3572,62269580751;3411,42744423246;3449,04548264135;3491,39494858442;2900,88130625763;3523,82954255948;3482,64984238824;3469,44692318206;3670,45571400849;3517,89314831246;3326,07201431243;3546,47767213497;3480,94646999106;3556,64154724603;3540,86922090176;3525,17854320578;3322,65798056122;3843,1991149025;3683,84081294635;3665,93816639906;3487,15794512979;3531,41398023489;3619,3815661843;3300,84158359274;3457,63346165345;3154,29562845419;3699,48305599642;3586,33505116624;3686,64117051762;3934,26666591424;3590,69063289195;3655,04839438943;3602,11067461166;3446,97137456574;3587,98786769057;3487,36176360374;3621,32564229191;3662,77262581495;3736,35756131918;3414,7704878079;3450,86121649696;3332,40625695444;3376,53973231476;3432,64734763135;3451,21162022651;2980,88285840315;3653,65258707336;3345,38310675584;3681,62405285291;3770,02034285963;3647,99668115305;3514,35180363506;3570,49817043923;3385,52078988069;3540,52236800998;3549,90457216055;3388,24606195916;3662,01991397017;3532,22589499729
;69;3231,25147215507;3451,04295392989;3386,8099487954;3386,22194768729;3120,74995477756;3525,25410672293;3485,09850399637;3518,35167872918;3552,27523896267;3537,53061185915;3546,39303915654;3330,6587377552;3365,41369680146;3567,88360976954;3405,48766850192;3443,3131210479;3487,17008084181;2898,28766870563;3518,06553711445;3479,33228749372;3463,86401556873;3665,87633394304;3513,65580711822;3322,76228387506;3543,67508595912;3473,9067011247;3550,87647040782;3537,00625891652;3519,90055140801;3322,98333559547;3842,98068278145;3680,26381181956;3663,01371745945;3482,87011534017;3525,7181180512;3612,57439768477;3297,0052230529;3453,60890032082;3151,14478974186;3697,03851150225;3585,72256884436;3684,55410784223;3942,85998533622;3588,62353475577;3655,31875127108;3599,13783469825;3442,7557544787;3581,5668414579;3486,50357279494;3621,30491320846;3659,56770473125;3737,18363955362;3411,58223190552;3448,59889308029;3328,21195714723;3373,67956064915;3431,53569703984;3448,3549890339;2977,2246689072;3654,46493041881;3342,27755175948;3675,35593151514;3763,84123309589;3639,64765098278;3506,62090105154;3565,84157408975;3380,69396155626;3535,67402394879;3545,30353060338;3385,39399865218;3655,98608124441;3527,0765767066
;69,5;3225,79833151181;3445,0186348513;3381,1623702886;3378,41040929177;3115,22561094862;3520,40878823735;3478,89236404874;3514,96579530445;3547,67062469307;3532,55479660941;3541,76020636043;3324,53817195859;3363,48823274654;3562,37435056764;3399,07566769636;3436,89202545473;3482,90813318761;2895,50984995481;3511,34228500359;3476,17938598679;3458,08479436259;3661,00178522848;3508,87475227161;3318,56987478052;3540,61729175922;3466,26713557547;3544,56928069697;3532,47238337589;3514,72212169985;3323,06546701985;3842,57258871073;3676,53723292877;3659,67640070031;3478,27199949438;3520,35355018962;3605,4522229133;3293,27733322357;3448,76368979892;3147,75664898709;3691,8562507496;3585,43911277347;3680,62111912735;3947,4823670118;3586,77939052942;3654,11620805085;3595,69220876397;3438,25870996975;3575,2222340045;3485,02171248894;3620,70304586204;3653,9545217471;3736,92929772598;3408,8045993535;3444,39914069973;3323,71519472699;3370,78648069029;3429,01058744969;3443,74334853197;2973,08326611709;3653,62456317046;3338,11010580271;3669,83329544152;3756,83315864888;3630,85699474074;3498,11891050237;3561,21886564381;3376,34924104605;3530,27050166486;3540,47516327059;3382,08757188068;3649,65244006411;3520,96427459005
;70;3220,47440140509;3438,40349924803;3375,38758940016;3369,86637888364;3110,0133806197;3515,1938694443;3471,5478749655;3511,44678049653;3542,61758584402;3527,34969547441;3536,66786076182;3318,09440192387;3360,41015139088;3556,20077687348;3393,15232317789;3430,50658958229;3478,90399414614;2892,28420320064;3503,4959219408;3472,78509347518;3452,56134374084;3656,76238356979;3503,76565964549;3314,11301457591;3536,59550945752;3458,16086507351;3538,00817270504;3527,36449022613;3509,42317503411;3322,91503460398;3841,99916033931;3672,33223083294;3656,20537485253;3473,30953882138;3515,13595443711;3598,2327094719;3289,37746110687;3442,9546070997;3144,46461416528;3684,00371520445;3584,8133215843;3674,70050316836;3947,34785749324;3585,09740152236;3651,07682020857;3592,05513966649;3432,96901461377;3568,92695040903;3482,28999214189;3618,51441620892;3645,87927483232;3735,10442196179;3406,1565792041;3438,31374223552;3319,29771703477;3367,46866357362;3425,36541101214;3436,69745632365;2968,98283850895;3650,89102923886;3332,24625069795;3664,55436231519;3748,83435112117;3621,32003292592;3489,41665309454;3556,2586538411;3372,03427591768;3524,69025898496;3535,66613622397;3378,43578034652;3642,76057981241;3513,98269932221
;70,5;3215,5466595287;3431,0121581836;3369,38205811368;3360,67129856873;3104,79059573932;3509,93103788728;3463,04151268466;3507,7515943132;3537,86715940869;3522,26430960396;3531,50233363435;3311,12356698154;3356,85900795866;3549,12484973026;3386,69501763065;3424,18893594928;3474,56182682146;2889,14786152295;3494,24965929098;3469,31124705161;3447,17817540648;3652,4860170546;3498,47727378478;3308,7953501361;3531,40384329994;3449,21641013117;3530,24674470181;3521,46200070544;3503,89873521036;3322,0502567692;3841,18480607232;3668,10714104995;3651,95276532374;3467,99123383829;3509,99447181384;3590,80920642111;3285,18641222156;3436,14395187704;3140,85833940709;3674,00498289107;3583,16688924446;3666,25903565827;3942,43886062389;3582,907031626;3645,31733499161;3587,19037769357;3427,42071851635;3563,00098974921;3478,00264544821;3614,41284202429;3635,29899975337;3731,44754999633;3403,69494353003;3430,30820096668;3314,28315598166;3363,2353273397;3420,07582794688;3427,1408259676;2964,51298481305;3646,08528998847;3324,97247444671;3659,44821515915;3739,97104416846;3610,65228254863;3479,65239845294;3549,98831274244;3367,80386687626;3518,77992680343;3530,47707346376;3373,80805496928;3635,0357270108;3506,25643539981
;71;3209,92592479521;3423,01191241199;3362,63048948591;3350,76072111268;3099,49964644656;3504,07819135515;3453,25577242197;3503,95761234175;3532,99271705573;3516,49791409673;3526,70105386283;3302,92480300374;3352,64046886546;3541,04544417936;3379,76909172969;3417,413711435;3469,73736576733;2886,14141910653;3483,98940110787;3466,00972722966;3441,48924263044;3648,85022156213;3492,89257669953;3303,66749445577;3524,82707003602;3439,12237746924;3521,37043638325;3514,29893718252;3497,74219907713;3320,03356812697;3838,40555645942;3662,82057812736;3646,20727181901;3462,00718118176;3504,7017346244;3583,43256043157;3280,3611576332;3427,6540058218;3136,26841280265;3661,91495645996;3579,90193745968;3654,90753099932;3933,69117623576;3580,38078542155;3636,36188460051;3581,21218567108;3421,49941010864;3557,53437705151;3471,77156583794;3607,92400881245;3622,55396482684;3725,24628664825;3400,19389892333;3420,80051418726;3308,64867263391;3358,60316206985;3413,23876422489;3414,59334901997;2959,43531687544;3639,01577817875;3316,12077543784;3654,24591301786;3729,58448508732;3599,01208186147;3469,3287369337;3542,08229336362;3363,46208127251;3511,77138003883;3525,10678193854;3368,65391048436;3626,01253126296;3496,97384019851
;71,5;3203,859776483;3414,501070959;3355,45280930037;3339,47571841947;3093,75903546555;3497,78822054614;3442,52118268818;3499,48420315202;3528,48976961036;3510,47303462312;3521,51726153335;3294,67465569112;3347,95899213521;3531,83009025943;3372,32357864488;3410,23769358756;3464,14737117128;2882,77558883052;3472,33049362713;3462,92046556607;3435,34479991034;3645,41035759806;3487,35521241015;3296,95965122108;3516,78738148007;3427,65023889999;3511,46170567021;3505,73028125032;3491,13807405789;3316,49350325803;3833,41870482847;3656,56349388046;3638,84914712642;3455,21084211614;3499,32657281623;3576,62502447033;3274,80503784327;3417,78381965658;3130,96078861504;3648,18296304976;3574,99480901956;3641,6844643756;3922,21730337315;3576,74993812805;3624,89901406788;3573,15897479937;3414,943395903;3552,17710490726;3462,83749259349;3599,19095095089;3608,60318522572;3715,97203296622;3395,23575911062;3409,46331527759;3301,96337104429;3353,67304136578;3405,09335076124;3398,85598667874;2953,60110772995;3629,36673014693;3305,66073265871;3648,73412765532;3717,85078652684;3586,70111349548;3458,53971478408;3532,60571917136;3358,61592195907;3503,5380481587;3518,90528116321;3362,59390819748;3615,95641651478;3486,09919606334
;72;3197,39143453897;3405,11938823635;3348,05166809924;3327,47765106242;3087,72880845606;3490,60104142583;3431,22109826683;3494,2381206374;3523,66286826065;3504,50989757689;3516,49294309382;3286,1947487592;3342,20741193222;3521,63249834478;3364,45393598168;3402,75624284926;3457,56925675958;2878,99652117731;3459,66680583002;3459,72526798619;3429,09295364951;3642,09842430775;3481,87276978714;3289,71043740245;3506,68978899957;3415,58537785144;3500,35009860081;3495,86408973275;3483,51540169858;3311,34205697173;3826,1693939727;3649,40027819653;3630,20970466078;3447,87044671242;3492,44681236366;3569,98955713161;3268,17785790343;3406,65715825238;3124,71132166745;3633,90338190124;3567,48952436413;3626,96163836842;3908,59086567346;3571,7373224978;3611,68042986554;3563,65057636802;3407,26951190859;3546,98927259889;3451,43094813511;3587,91709209769;3593,5289536005;3704,33614360926;3388,08669940162;3397,16606734736;3294,72719409045;3347,51096564051;3395,4701882945;3380,34219685662;2946,87358296859;3617,33402500688;3293,81766339635;3642,45325154726;3704,89211449369;3573,51890562192;3447,23408434351;3521,82952052761;3353,05231034625;3494,55997295268;3511,89223888031;3355,37397117099;3604,38579243771;3474,2050446078
;72,5;3190,19534515241;3395,10562848181;3340,49916432692;3314,84705111472;3081,13113689869;3482,25628761429;3419,33576326605;3487,85063489268;3519,64032282875;3498,37750348132;3511,8279588182;3277,4689302681;3336,07221315505;3510,29207481629;3355,71147979052;3394,61692678845;3449,35384125578;2874,76241191808;3446,0879633999;3457,00016586563;3421,94049635975;3638,02227521896;3476,45542528914;3281,51115716216;3495,33802924104;3402,62998897461;3487,75152619898;3485,1215499726;3474,60225800582;3304,2126920908;3816,53391143311;3640,92817825467;3619,67070518615;3439,56949150495;3483,46420429004;3563,62832371313;3260,045227308;3394,59001342772;3117,50446779399;3619,39703970904;3557,77670428731;3611,18073584363;3893,92089103981;3564,8602397247;3597,04317251301;3552,61152801899;3399,07442564584;3542,13450587255;3438,0235662507;3574,52835713032;3577,85378284921;3690,52229480247;3378,58310507636;3384,25627223277;3286,39751978789;3340,83963171618;3384,70268152434;3360,38273288342;2939,21606190783;3603,50697982249;3281,2995250117;3635,07572398786;3690,61049301869;3559,21770430515;3434,59027178306;3509,37040707403;3346,58806239691;3483,95354171563;3503,99479600484;3346,99322924481;3591,41598106338;3461,47450312835
;73;3181,75330917214;3384,7492567985;3332,94603406831;3301,71943661765;3073,79202136474;3472,41964094168;3407,05373331948;3479,57449561148;3515,24597016312;3492,13343203885;3506,81116745865;3268,49501014981;3328,55019378481;3498,20024634884;3346,47876702204;3385,50541546978;3439,53256812821;2869,699555684;3431,59070873953;3453,71099161113;3414,10262671846;3633,45716670625;3470,42989639121;3272,70382841425;3482,73094701587;3388,99471816644;3474,42418479598;3473,3138734429;3464,29710075173;3295,48897954638;3804,15796546361;3630,37407859045;3607,1391142797;3430,27219278399;3471,25640633238;3557,25540106353;3250,59049072557;3381,91965241462;3109,60074813774;3604,26914200376;3546,4584797255;3595,16916639013;3878,58354164606;3556,44338768752;3581,66876019843;3540,46371247152;3389,27661780121;3537,06614849697;3423,05145023833;3559,53226186735;3561,98478961614;3675,28227334864;3366,36603363857;3371,02911685576;3277,07886740172;3333,69526416729;3372,98782010754;3339,93430322992;2930,44297451992;3588,39153344311;3268,2092664321;3626,20156378321;3675,00743460236;3544,37423779261;3421,29340799006;3496,17931618142;3338,73544360333;3472,22471866587;3494,92232217221;3337,79904491675;3577,34065919529;3447,81341356307
;73,5;3173,01490269141;3373,81904322774;3325,66492286213;3288,53459754731;3065,99411163428;3461,29870482634;3394,81531922936;3469,4381042683;3510,603926347;3486,35050073735;3501,41364683668;3259,87682455296;3319,7349853658;3485,6659203647;3336,59918916677;3375,79219223448;3428,524258414;2863,84475627345;3416,7083427876;3449,27293369758;3405,82590721315;3627,72582008696;3463,85923409595;3262,20034870289;3469,29839853943;3375,37842590059;3460,64026954751;3460,70699362917;3452,37408522049;3285,52566960236;3790,25502925092;3618,38653679317;3593,66959819207;3420,32121954849;3455,30758306048;3551,31674373456;3240,65858635582;3368,98768606537;3101,17634416642;3588,84393058011;3533,7157395329;3579,44463396077;3863,2078249441;3546,33554217042;3566,15048033561;3527,29650311061;3378,37214591805;3531,58975214121;3407,4242039521;3543,53104808487;3546,01815086927;3659,33871357503;3352,38935302614;3357,59341528301;3267,33186687388;3325,4163447648;3359,87952222891;3319,57656406929;2920,85708196843;3571,98668571912;3254,82641641616;3615,54076396697;3658,8201709326;3528,89927400697;3406,74234387201;3482,34665473213;3329,55124123136;3459,78602081822;3484,29860513434;3327,49346985431;3562,626434452;3433,76513973967
;74;3164,20699112484;3362,23409910594;3318,47400881909;3275,9718647074;3057,56505614867;3448,59929571921;3382,49858717755;3457,86869174167;3505,34154117399;3480,41856663653;3496,02262056508;3250,98268345026;3309,6364886092;3472,70802886099;3326,20931139817;3365,03322220283;3416,10401616666;2857,36357161885;3401,5349598136;3443,49941696895;3397,08873338565;3620,26603752453;3456,71874977729;3251,42991652859;3454,81660295009;3361,89928525783;3446,42813596055;3447,57726606811;3439,2014781844;3275,06993233269;3775,35256416155;3604,48688421397;3579,22011485679;3409,18890528262;3434,22438871666;3545,14032072785;3230,21906861126;3355,60543163999;3091,91378497497;3572,73210832754;3519,36406679174;3563,44168665916;3847,56667572666;3534,49102533453;3550,64380901209;3513,88648467098;3366,23648985041;3525,79043276783;3391,86217948583;3526,83315799326;3529,5282477552;3643,09623502012;3336,75655965779;3344,03688478639;3257,13291593092;3315,77378499426;3345,831218186;3299,96680069602;2909,72959087209;3554,95351396387;3241,27973102893;3603,18263948101;3642,42852426295;3512,9435534787;3391,35743618129;3467,83667938821;3319,62183129111;3446,67155539038;3472,6963707023;3316,1169739368;3546,96118857657;3419,63865385707
;74,5;3154,72522998385;3350,32421737608;3310,96583212978;3263,71047431278;3048,58821000469;3434,76947822733;3369,7512691694;3444,97072214133;3499,72186233985;3473,68642069202;3490,40198112228;3241,82811200161;3298,89144371066;3459,35159836339;3315,43763041493;3353,22310244201;3402,43616510466;2850,40234133988;3386,20644598586;3436,11027342787;3387,43641053113;3610,9578896998;3448,74447602766;3239,30843851504;3439,98730576775;3348,10198249106;3431,93521059628;3434,10844979001;3425,18692220912;3264,15786397862;3759,53769653494;3588,89717059011;3563,65810348691;3396,83884667617;3409,31885207323;3538,53472532643;3219,41459485583;3341,82523478369;3082,5033084507;3555,95237161232;3504,40585913772;3547,76643750854;3831,82388763687;3521,41668892403;3534,65512208917;3499,92608068826;3353,69600687455;3519,30498647021;3376,55594963938;3509,83462179298;3512,6756876695;3626,46426604793;3319,65722648774;3330,39816350943;3246,05415534623;3305,72582273891;3331,48216203429;3281,30804720903;2897,51740223359;3537,92235195009;3227,8059090677;3588,89332188776;3625,2375792437;3496,3839573676;3375,24566760158;3452,56253740151;3308,48673721031;3432,9415749051;3460,07712364736;3303,90381193748;3530,95163693004;3405,25719232646
;75;3145,03194367514;3337,89081353302;3303,15249069668;3251,67055862709;3039,18332274485;3420,06882053486;3356,81455993476;3431,06425005706;3492,48392113748;3466,90435910382;3484,32365570767;3232,52396000181;3287,33698037168;3445,78372442032;3304,07407953617;3340,6624305647;3387,9778434667;2843,57002744025;3370,69598795254;3426,32324656611;3377,15112035151;3599,44579150801;3439,58808427115;3225,81702831578;3424,58141369943;3334,05185197643;3417,00870770597;3419,91692063947;3410,60311542489;3252,93717377289;3742,70121163397;3572,2358725465;3547,33143297884;3383,42989827355;3381,33924471117;3531,28757822722;3208,71283299589;3327,71013509578;3072,90599571926;3538,44478253443;3488,73605507455;3531,73061443581;3815,39209869384;3507,18307346973;3518,3889543032;3485,29139632425;3339,98726845823;3511,21445431999;3361,52119462212;3492,50813996015;3495,40164305977;3609,69133245307;3301,71610736235;3316,62525990729;3234,30731881349;3294,50332901616;3316,62532751971;3262,70714315561;2883,70892238339;3520,50541931683;3214,26098225356;3573,43572606818;3607,79378227812;3479,69655460717;3359,04502871717;3437,07810736647;3296,43608509884;3418,88668680919;3446,20712159903;3291,03631179395;3514,48114076415;3390,30334637275
;75,5;3135,33312707728;3325,12558456862;3294,81330377304;3239,78540735977;3029,78706891689;3404,52634233673;3343,93331556332;3416,97682330654;3484,21732364499;3459,18350991624;3478,21644473248;3223,23994115954;3275,76328350714;3431,88146474416;3292,23471403564;3327,61183401428;3373,21773537751;2836,66592139379;3355,3393482847;3415,01641752806;3366,03016687555;3585,75869306179;3429,29807223888;3211,18842712342;3408,96731444465;3320,08403328629;3401,4935948548;3405,51813684937;3395,53626797723;3241,85496200427;3725,14856105287;3555,01960245938;3530,83176511679;3369,12864653966;3352,31004922182;3523,83186280188;3198,4268596007;3313,17713338109;3062,90327016727;3520,68967006741;3472,39988060017;3515,12621069181;3798,94961158968;3491,89794252552;3501,91772359672;3470,1868115548;3326,48220754602;3501,73859317418;3346,58874105444;3475,10956661048;3477,93471499356;3593,22247995255;3283,91207406662;3303,32709575302;3221,93346684686;3282,20662317679;3301,78723127428;3243,78369292922;2868,90631069488;3502,54774264476;3200,76791459629;3557,1267634785;3590,32303355004;3462,58403702909;3342,77913285672;3420,79285922404;3284,28166963687;3404,44589532911;3431,77309685442;3277,76139471403;3497,81188674643;3375,07666726957
;76;3125,41101199069;3312,50080471868;3285,8525783716;3227,86095420953;3019,71838282247;3388,18395837468;3330,76531096363;3402,46245812891;3474,77215454491;3450,34607075462;3471,83533508466;3214,0110428441;3264,2853063261;3417,84012548;3280,2189475494;3313,97081828225;3357,59354246153;2829,93312513901;3339,41818011353;3402,27532109365;3353,86949477883;3570,29058293104;3417,98099610508;3196,81324088098;3393,08706814674;3305,54474434139;3385,17430625325;3390,62254391578;3380,68396863119;3230,59109600509;3706,57632070799;3537,09689223685;3513,60198064698;3353,73471295816;3323,30405852369;3514,97066587575;3187,28352590528;3298,37686762068;3053,01828876272;3502,20658507708;3455,81067571792;3498,22512379781;3782,1720518068;3475,79650883282;3485,02165270335;3454,52708188708;3312,82022522522;3490,60038876715;3331,24515492733;3457,43545787725;3460,38920683774;3576,48270130136;3266,00318324132;3290,07268994617;3209,128419184;3269,19187006091;3287,40909554367;3224,54331142187;2853,23024996626;3484,67390617582;3187,32761339412;3540,10561523449;3572,29508618913;3445,29312568247;3326,83560652758;3404,03714354587;3271,78005777175;3389,45050550848;3416,9294877878;3264,12832771328;3480,34164351778;3359,60746344712
;76,5;3114,88764316531;3299,88112163125;3276,12189814322;3215,38786624738;3009,55599941305;3371,08921507185;3317,81675806823;3387,72265782545;3463,71327921044;3440,42714069448;3464,5627673605;3204,50923199858;3252,69948096475;3403,38517824153;3268,00547543883;3300,21940945268;3341,70399746825;2823,76269611658;3323,41666007009;3388,02577252966;3340,72673628385;3553,63971021201;3404,96574808206;3181,79119871434;3377,15058570703;3290,37129662484;3368,09217199218;3374,9509408695;3365,27263203708;3218,85003092791;3686,26985666251;3519,02236423868;3495,84101936314;3337,75550523287;3296,82084194698;3505,09144236224;3175,68236228838;3283,2166569247;3043,44835781283;3483,56645682647;3438,85323578555;3480,7729249681;3764,62690425123;3459,07086120428;3467,81136804171;3437,61223208008;3298,82148339293;3477,69091458894;3315,55113015158;3439,69252488355;3442,76438261585;3559,644115453;3248,46890637879;3277,34200174494;3196,10682322031;3255,73619398965;3273,00986579965;3205,20424468101;2837,85578679012;3466,62513499263;3173,84309015163;3521,90029080429;3553,01361949002;3427,13849238711;3310,19022472555;3386,51970194502;3258,51283380307;3373,92390287443;3401,33036374332;3250,38909509433;3462,77946677338;3343,50352302457
;77;3104,45708782296;3287,26604106103;3265,95494782584;3202,4592634656;2999,03150497846;3351,3231968934;3305,12873174199;3372,65607164935;3450,64988130779;3429,25876396532;3456,19977286578;3194,75563727612;3240,95484171572;3388,60023474004;3255,2518328419;3286,33559937074;3325,62903141117;2817,49014550287;3306,6906838182;3372,15071960539;3326,52270854239;3535,28770455532;3390,17937687146;3167,36589507464;3360,27958844398;3274,14198055078;3349,75822454695;3357,93915059179;3348,68502453317;3206,5876739628;3664,0375455223;3499,85100857623;3477,19277538583;3320,76138409981;3272,37120112841;3493,8124158409;3163,40131559805;3267,39715733428;3033,08133833523;3464,15415895439;3420,80362026023;3462,17968422762;3745,69322617586;3441,082810461;3449,62452865357;3419,30213475845;3283,13423189511;3462,2789656428;3299,41155370315;3421,77937185701;3425,22841850035;3542,65475649303;3231,83839426862;3264,35907491416;3183,0451820551;3241,66730905544;3258,53394304766;3185,83120544059;2823,0619509995;3448,31684081827;3159,61569200073;3502,54244952621;3532,85544664602;3408,2500602028;3292,56786615382;3367,91436768289;3244,53004393954;3357,19788773393;3384,61544240655;3236,20849765347;3443,96017376781;3326,82748624542
;77,5;3093,82601046281;3274,77609411571;3255,08836617005;3188,94778634093;2987,36729034543;3324,59930665205;3292,56226336201;3356,08729445511;3435,62870371897;3415,40183346062;3445,41652347874;3184,81147461753;3229,13050906815;3373,46723388356;3242,40175186473;3272,15152739312;3309,23235775386;2810,96074499459;3288,62914414656;3354,31117749241;3310,16506640152;3515,40208000972;3373,45317244887;3153,22883144821;3341,71795308977;3256,46732662471;3329,67743204427;3338,98505807761;3330,03008224801;3192,87036227703;3639,11963251781;3478,23041911351;3456,68951363197;3302,0292923487;3249,35711117364;3479,71191373082;3149,68053003506;3250,01938902365;3020,98988874479;3442,68773119876;3400,68618641759;3441,944677374;3724,98842698965;3420,96383651911;3429,51110313541;3398,92416257366;3265,78522457303;3444,73436066279;3282,67920382089;3404,04673428724;3407,95177241064;3525,25908141998;3215,72736241894;3250,9908246327;3169,9013393784;3227,28499499673;3243,75467222439;3167,20775489337;2810,09303143309;3429,70262793587;3143,60248796881;3480,43964826507;3510,05109102902;3387,41676046677;3273,05681869255;3347,40557874901;3229,01097992655;3338,44289322162;3366,01180277308;3219,94104767296;3423,0032568957;3308,65103849197
;78;3083,06527820842;3262,44494152185;3243,66295276542;3175,06621470423;2973,82942766889;3283,27099447307;3279,91924897481;3336,68786979532;3417,34650631191;3397,77534986102;3430,99860560354;3174,58898977412;3216,66700327384;3358,50725199395;3229,433156707;3257,40453604249;3292,2481517153;2804,71511913311;3269,11491220272;3333,39409981173;3290,63954958253;3492,49473936859;3354,20359984387;3139,30696301155;3319,95389354349;3235,21197959595;3305,97771872568;3315,69230786132;3307,31013718814;3175,77703623153;3609,33461981193;3452,40988495004;3432,24895529068;3279,73333927503;3225,7639125932;3460,8836616139;3132,85957450545;3229,5205879857;3006,42977972551;3416,92045135089;3376,54948550893;3417,88266220343;3699,98164384841;3396,99941880751;3405,43250033247;3374,06148238788;3244,506101502;3423,30054084597;3265,3714491648;3386,03178370452;3390,57033449176;3506,22249047686;3199,32092229823;3236,46548610681;3156,79138001101;3212,6807613816;3228,59005865468;3149,20730070666;2798,66166416789;3411,24901629989;3124,42200349519;3453,4387006694;3482,35708857028;3362,52012663105;3249,3762401742;3323,29046516607;3210,27091759641;3315,5987606883;3343,4408588862;3200,33185602954;3397,54534628276;3287,27532723362
;78,5;3072,12912189332;3250,06588994401;3231,65069838481;3160,76446583158;2957,58856257249;3222,704410944;3266,79515487747;3313,6304685929;3394,82889862127;3375,49687395546;3412,00413984321;3164,11267189783;3203,84888952106;3342,85235720025;3216,29803165563;3242,24057988089;3275,19951415228;2798,41319373339;3248,28928416332;3308,79912044293;3267,2601346717;3465,42677404453;3331,64053366915;3124,61825783694;3292,03364465385;3208,36519582693;3276,10779795417;3285,7170743136;3277,43442060252;3152,644531815;3570,8223324074;3419,37433888316;3400,8455086058;3250,95194593446;3199,29377739539;3435,2933578727;3111,71831350623;3203,65567835445;2987,30384887118;3384,32064775331;3345,13883835725;3385,99676315448;3667,28007147957;3365,63024199636;3373,99914368233;3341,62340325643;3216,64995280437;3395,57599935858;3247,79072977477;3367,82318612363;3372,99682860782;3486,04407742152;3182,57961535973;3221,57197512621;3143,11045327133;3197,83392357607;3213,11822576533;3131,60907689507;2788,99919101543;3392,58600387517;3099,37052632522;3418,23828499425;3446,41695670884;3330,26035765151;3217,88329881823;3292,42145866702;3185,86319912059;3285,98023134494;3314,05241608097;3175,03498706833;3365,49439865875;3259,30640654642
;79;3061,55790206644;3238,06388620185;3219,33618188963;3146,56669303578;2937,32034569168;3143,28972463283;3251,91703598111;3286,78628969757;3368,65639428902;3348,63518623723;3388,98688519473;3153,81104838369;3190,99122693887;3326,91645517532;3202,72466738137;3226,43460012324;3257,76061793052;2791,73854787332;3225,95873252981;3280,94640700615;3239,76987883961;3433,92291001419;3306,77418967982;3109,95949148984;3251,93132868733;3169,97460763783;3232,93341581305;3242,41165264104;3234,27419812595;3116,44895229406;3515,6854958877;3371,71955193453;3355,33497449534;3209,33608836021;3165,54985867143;3396,42816382423;3081,21879510022;3166,87153620458;2958,79428493097;3337,48404480783;3300,14892118053;3339,40867085019;3620,12937269287;3320,80742919636;3327,94758002892;3295,60565100126;3177,46475990599;3356,31225528585;3229,94320853619;3349,43604673039;3355,06928918194;3464,92961099533;3164,65597352116;3205,42343680227;3129,0364895575;3182,57524946819;3197,66951561284;3114,03149283895;2780,93784326461;3373,83276165348;3063,11607620162;3367,90607902119;3395,05880040055;3283,84896393414;3172,91257171807;3248,760680801;3150,36643769152;3243,14384712735;3271,63730664571;3137,99874178004;3319,5370208077;3219,32201373794
;79,5;3050,97086247005;3226,46578488027;3206,73583675115;3132,37732938239;2913,0260874983;3049,06079052304;3232,92924963717;3256,61050829167;3339,41498048699;3318,1019047433;3362,32945215129;3143,886950645;3177,86611942091;3310,88973398666;3189,008945475;3210,43112713146;3239,6857528078;2785,11735014392;3202,61624651356;3250,50438947928;3208,72478484192;3399,76728776973;3279,94043981204;3094,2623225274;3193,94476174914;3115,19674029535;3171,5765181389;3180,56601682616;3172,99020962165;3064,49152533766;3436,30321543931;3303,36368685569;3289,73055496361;3151,0477544824;3120,11463381682;3338,20250659443;3036,55948490828;3114,27265162126;2919,36413391724;3270,34132613537;3235,8588164419;3271,46072517082;3553,6510569986;3255,83866192502;3261,75592720647;3230,1127229563;3122,60990940493;3298,88170637438;3211,66517056746;3330,93983603078;3337,02681600713;3442,68541274985;3144,26105706591;3188,56428798886;3114,39262282501;3166,69312979181;3181,90674405522;3096,3002432041;2773,68910866551;3354,67839870502;3011,9734107706;3295,99299589414;3321,88919380885;3217,33522769546;3110,79829876229;3186,63533971964;3098,98395913454;3182,16542524444;3210,67608659823;3085,07203842068;3254,28520565057;3161,57679579613
;80;3040,33420646756;3214,81189512544;3194,03757084698;3118,25457543571;2886,08407930547;2949,24163814179;3204,43538209721;3224,98269039772;3307,85262438033;3285,31493886777;3333,78224462986;3133,58910909296;3164,60056003726;3294,96539606745;3175,04928138658;3194,22954819151;3220,05040459463;2777,84609714736;3179,01193002186;3218,7018220338;3176,22397392714;3364,05149581661;3251,97815039564;3078,49312160635;3117,6043512225;3044,56357587492;3092,95788322566;3101,04047146078;3094,36195163519;2999,26499686919;3332,62958439826;3214,57844514803;3204,41301496853;3078,01307046836;3063,04082854089;3260,43644958837;2977,68350740494;3046,5422262589;2870,9918392881;3183,54657865442;3152,64513206593;3183,22613900102;3468,97393515068;3171,50674704831;3176,10600670448;3145,83331795571;3052,93189869707;3221,63397234892;3192,43962791003;3312,07913724599;3318,38714630777;3419,88035782032;3119,9834897628;3171,1130961372;3099,66090346533;3150,41071333793;3166,2821191126;3077,99385784035;2766,50841134286;3335,69067493434;2947,57337076653;3203,13428683191;3228,3905841903;3131,98192337607;3033,17401887921;3106,96780974693;3032,60643857153;3103,69040243254;3132,09011740662;3018,63903685876;3170,26215236779;3087,0387254993
;80,5;3029,57760899385;3202,23496092951;3181,22778470759;3104,01250234684;2857,63383448911;2860,26041378982;3160,8708586438;3194,33076694197;3276,75396494436;3253,60531023168;3305,49957548215;3122,93438173757;3151,67686131293;3278,38495342094;3161,09423214831;3177,99378770174;3197,27003035069;2769,36848792833;3154,66947290106;3187,68452069077;3144,78050631109;3329,75084701179;3224,76210532008;3062,49908600341;3026,50822137497;2962,08718940814;3001,54284444398;3008,87458681227;3002,92155457467;2924,52817431491;3210,34566093309;3109,8498089171;3104,05325115174;2994,34745961256;2997,34223016429;3167,18144926313;2907,54335284544;2967,2930949411;2816,11173816592;3081,67562748383;3055,02424692331;3079,58537257754;3370,79395238164;3071,61420549755;3075,55097665528;3048,05123037252;2972,04358328834;3127,99237902877;3171,19618275101;3292,88866328414;3299,25902791011;3397,13227264638;3091,60289787345;3152,8467637143;3085,34454559594;3133,79888024978;3150,64225341792;3059,7652910918;2759,54745184869;3316,14156681834;2873,55801105815;3093,93101507419;3119,63617741221;3032,83281207726;2944,55652907508;3014,34894996336;2954,35821538862;3011,96149963536;3040,10159624708;2941,97150739965;3072,05676809967;2999,47510964504
;81;3018,76419357474;3188,87119950307;3168,32920986868;3089,47005384979;2830,55136933282;2792,50446718719;3102,51517074657;3166,44397667725;3248,03905207669;3224,88562194078;3279,07851659927;3110,77994788968;3138,5918926987;3261,90022552284;3146,65387236513;3161,31432915237;3169,30331739695;2759,80082663863;3128,4624167348;3159,24957127617;3116,12530432304;3298,59681317855;3199,76220222953;3046,12284618007;2926,94287488435;2873,25970042712;2903,89404100975;2910,17931944426;2905,17501711444;2846,58213977211;3077,93519805168;2996,51153142811;2995,81963061197;2906,81420571767;2928,12852800041;3064,34789689253;2830,82748748749;2881,5714162601;2758,86074697612;2971,51799256712;2949,88612358143;2968,49006109044;3266,8121716694;2963,66826692025;2967,79655622363;2944,23206749267;2886,01448141532;3024,14625771715;3145,32057722916;3273,28350047972;3279,13364089241;3374,35199153743;3059,0979870446;3132,84468358147;3071,34657404002;3116,75704962783;3134,80550210896;3041,69237207974;2752,29742835363;3295,76595014234;2795,53451978085;2976,5253783131;3003,97625031971;2927,05258108377;2852,66621773117;2915,47548069152;2870,23517568303;2913,59343125103;2941,28162827133;2860,46438829981;2966,17285139187;2905,69401008318
;81,5;3007,34757788404;3174,21562990435;3154,58060888203;3073,84446317383;2807,09565896658;2746,39330810346;3031,4328176321;3141,29330450197;3221,38161159464;3199,29275756323;3254,74627079892;3096,40883344296;3124,70054347853;3244,9505808225;3131,7139321679;3143,80821756;3135,12661881752;2749,03536609499;3098,17798746959;3132,95879593525;3090,83708521745;3270,86186754385;3176,60837043571;3028,1037725212;2832,01649210715;2791,04215958899;2814,98585711168;2819,54922117695;2815,33604994235;2780,09284722295;2953,49432334509;2890,00976811977;2894,82575432139;2828,59129148733;2862,16309589042;2965,24628230574;2757,73819390817;2801,92952218493;2709,07761352679;2868,53875596477;2851,44726480146;2865,76126589711;3172,26236907438;2861,57750183481;2867,70629906254;2848,58753298598;2806,18766694422;2921,74143192565;3113,55110765318;3252,22298525475;3258,36341843791;3350,64857123765;3023,75778394503;3111,27388708921;3057,38690375541;3098,90056027458;3117,77802029683;3023,33177322443;2744,54388638589;3273,91293306004;2725,2064049865;2867,02632727424;2897,90211208363;2830,26172294326;2771,39011756578;2824,0674129654;2792,14631599818;2822,4055809568;2849,65808359078;2786,79615234656;2867,29857804911;2818,03610669039
;82;2995,09530439048;3157,82420569363;3139,68913058947;3057,17908497556;2787,55363924408;2720,2113634187;2953,35065719466;3118,06420167294;3195,96029829123;3176,24332058444;3232,09590493315;3078,52717121066;3110,32976496711;3226,82197879952;3116,12177251379;3124,66311753455;3093,4872352066;2737,17105528329;3062,23406883866;3108,64631712933;3068,54612597135;3245,22824147294;3154,88062961756;3008,72625129545;2755,85689940609;2727,27744391826;2746,89120854942;2749,54363556808;2745,16883365486;2731,6867134176;2854,78026074686;2805,49813946064;2815,32280184958;2769,58911171833;2809,96725620216;2884,56803394404;2699,28694984484;2739,69301417943;2672,17028225033;2787,22961577328;2773,73075336441;2785,97903412448;3099,84040669069;2780,60378861962;2789,34803731978;2774,78150935683;2744,39814133582;2837,35609536727;3075,12610896315;3229,08872033806;3235,7478959817;3326,02701958711;2987,64359765654;3087,03799892322;3043,04926726376;3079,64250595846;3099,82639245786;3004,2445776797;2736,64739766965;3249,65899831826;2671,87275231948;2780,44145595339;2815,6123651907;2755,54738497657;2709,94888021201;2753,63105284834;2731,25006949537;2750,73443844036;2778,40902622524;2730,99753206982;2789,45503886709;2749,48982992933
;82,5;2982,03449282983;3139,53500266012;3123,42667408896;3039,18227294369;2771,22686580235;2708,94025763236;2879,41010077279;3095,31403980808;3171,2848395336;3154,99218523304;3210,35764327969;3056,80990791669;3094,89951733159;3207,21164903119;3099,40403556005;3103,39305992213;3043,86495990931;2725,18154822593;3018,85705676262;3084,64949989398;3047,92374484135;3220,56997712488;3133,60020105853;2986,79363560029;2702,45304785704;2683,61188993908;2701,03520314937;2701,79996368443;2697,08804553701;2700,192629777;2786,30846123132;2746,69813113932;2760,34006174016;2729,67275450648;2773,56094614873;2827,44178429699;2657,93179082536;2696,51564565599;2647,53868873772;2730,54781330435;2719,78220588842;2731,25959596753;3050,21657791762;2723,68959122216;2735,26773107944;2724,93185095197;2701,58000695886;2776,50023484535;3029,72431798129;3203,37166089104;3211,22441087802;3299,45404544576;2954,12785880844;3059,56968702662;3027,4741773985;3058,3409055178;3080,29856991269;2984,3781738089;2729,02736149909;3221,96926748025;2635,99228177865;2720,19962420886;2759,25013865915;2704,30954642564;2668,53543272898;2705,7013228768;2689,17234153286;2700,85618267835;2729,28630761611;2693,11016356098;2735,51807786083;2702,06449989318
;83;2967,8828765745;3120,04432291696;3105,70734642061;3019,51291963182;2757,75976850047;2704,04855185326;2821,5481566514;3070,18167454418;3144,42211517511;3132,58352845957;3187,37567832367;3030,37559655839;3078,00664387453;3186,09949673739;3080,8623854132;3079,70900822806;2987,23271576455;2713,76459053149;2968,09902740618;3058,99112566663;3026,43851137427;3193,89140998948;3110,93162813894;2962,5189532064;2669,50278676765;2657,82114309846;2674,53690009019;2673,38934640283;2668,41022370829;2683,3012849205;2744,76599327804;2711,2038699406;2727,36827182454;2706,54863835025;2751,23897716678;2791,55282864445;2632,42697269882;2670,56963126749;2633,5717764261;2696,42057990483;2687,02419851073;2698,59428149194;3020,9689999884;2689,15145670816;2702,64955001148;2695,85401300475;2676,10092292358;2738,0183127915;2979,05282573755;3175,00605333137;3184,45355705786;3270,75193175249;2924,60621623134;3029,35040176936;3009,51060063458;3034,77347563247;3058,76895711196;2962,48850805715;2721,39776048544;3190,82843873621;2615,18732760774;2684,30469921481;2725,9537442407;2674,08937394161;2644,87501065988;2677,54431455602;2664,30023450131;2670,70344347148;2700,07289813096;2670,84317871471;2703,08835646144;2673,55674291033
;83,5;2952,25912127575;3098,17945606938;3085,93148241532;2997,74932030193;2745,92933008947;2699,7494815447;2780,93968548744;3040,9602228189;3113,38743187548;3106,3415006433;3161,54709001381;3000,01702172632;3059,44323664871;3162,68622150458;3060,55205635766;3053,51909285797;2926,79986709993;2702,82295748181;2912,12462596254;3029,35239844019;3001,96073463043;3163,2771990497;3084,78044783549;2936,77724540637;2653,76143128305;2646,74359749682;2663,41423785714;2661,17268039008;2655,93472560755;2677,97080063636;2725,84224264808;2694,94343476442;2712,34488744316;2696,54990195038;2739,74682899862;2773,97576459532;2620,36306588504;2659,12148740802;2627,95585933988;2680,64211161772;2671,71413076179;2684,0990179933;3008,07974336558;2673,14422442717;2687,57272479376;2683,35200603665;2664,7555592524;2718,35150477028;2927,74936111021;3143,45933590609;3155,42175786997;3238,82307411112;2899,16421626586;2997,01314204572;2988,8639725861;3008,39768408962;3034,46614831231;2938,281044766;2713,95494542468;3155,71677089903;2606,67509113936;2667,8621370903;2711,22459157431;2661,15682721281;2635,0946641792;2665,52872777114;2653,19316657558;2656,83873308181;2687,33190415123;2661,5738867067;2688,5140678408;2660,79228874198
;84;2935,31905932953;3074,70127666276;3064,85048817509;2974,61614140296;2734,53714783504;2696,0174521874;2756,3465295669;3007,16852153744;3078,21000848;3075,92516390813;3131,93115304564;2966,59801859383;3040,28781731295;3137,72482055334;3038,71709941335;3025,68240540854;2864,55577864564;2692,59944754056;2854,88541553224;2995,95380157647;2973,77383484379;3128,27976855746;3055,06515459566;2911,03464234266;2648,46531367703;2643,70704284875;2660,03749197537;2657,44619385619;2651,83285829201;2676,40301288185;2720,0699242357;2689,79639515751;2707,61178400407;2693,35094612816;2735,93795480915;2767,86815405835;2616,10550619499;2655,30425891967;2625,94927086607;2675,24325623212;2666,47112000627;2679,43653496437;3003,62755478246;2667,94525508162;2682,60758149481;2679,67903269333;2661,57411752677;2711,71315369225;2877,64101107682;3109,77978852259;3124,10254542591;3204,39063046455;2876,09089449184;2963,99876431646;2965,59136864301;2979,8043497532;3008,96921386348;2912,4242062801;2706,06001257788;3117,6063730504;2604,30767007218;2662,41116161927;2706,34501142978;2656,96136029557;2631,90666578193;2662,28799952624;2649,89495368468;2652,0634768471;2683,33796371145;2658,66058901933;2684,1848676779;2657,14780166588
;84,5;2917,86927075113;3049,96684238037;3043,16808199361;2950,43737557258;2724,25839952555;2692,27306767379;2744,5236510163;2969,66538885199;3039,97134426631;3041,27633257426;3098,78008454259;2932,40531678763;3020,24098025983;3112,04400933475;3015,6547380745;2996,78406230748;2804,34373148695;2683,41429668536;2800,23937488181;2958,60535465689;2941,95042743314;3088,98065967266;3022,03370552904;2885,95338049252;2645,91018470062;2642,22227850554;2657,80336424649;2655,43904573738;2649,8878995682;2674,80441748247;2717,96508190649;2687,72276207775;2705,19680777573;2691,28872908894;2733,75860186993;2765,84709556455;2613,82524836969;2653,3108890772;2624,26799164887;2672,42730140521;2663,38147655627;2677,02438069272;3000,42449265261;2665,66579615113;2680,15645960243;2677,60249902007;2659,99113964134;2708,89361592383;2831,23754833971;3075,20266437073;3091,97545229527;3168,2229532651;2853,21354422921;2932,38962607442;2940,81253882955;2950,26125862873;2982,47346309643;2885,89794963168;2697,90403142362;3078,57962374748;2603,04655268418;2659,93701615007;2703,60876712238;2654,54989551959;2629,94951589885;2660,41735223998;2648,28350396332;2649,52709938643;2680,87016857423;2656,70968317848;2681,92339483305;2655,03995037963
;85;2899,84281745757;3025,11870597432;3021,41174976719;2925,94270858784;2715,18726179275;2689,13714749985;2739,91435131371;2929,64702703535;2999,51780719875;3003,13688250267;3062,33898878902;2899,78865418007;3000,08072581652;3085,98488086416;2992,41709409481;2967,95185728637;2750,88340160706;2675,14045523703;2752,66099309087;2919,31096243928;2906,96345576612;3046,41427993456;2987,09649560832;2862,64075318569;2643,62582993262;2640,54246851151;2655,14580325518;2653,35763385541;2647,68172841189;2672,8223063629;2715,82911176083;2685,88682789622;2703,04736906778;2689,57399649906;2731,6457945943;2763,90562718398;2611,88360039252;2651,5121599836;2622,57552895819;2669,86596999144;2660,23125707647;2674,81577345803;2997,71487193396;2663,67557962038;2677,83650423328;2675,34513274348;2658,39963274996;2706,66424504993;2791,62111647356;3041,26741170091;3059,97972948037;3131,57182208708;2828,98173292311;2903,62905601695;2915,36748611488;2921,40343722531;2955,76220672042;2859,48801773682;2689,11948499179;3040,23122435132;2601,62512175368;2657,8444630374;2701,15220492193;2652,68122959311;2628,1923028223;2658,29389393464;2646,75112561246;2647,37814022638;2678,39068114171;2654,49705344131;2679,58457235031;2652,74549871808
;85,5;2881,94935496683;3000,53250391116;2999,47565216494;2902,08754692435;2706,89537908037;2686,50541927571;2736,07403462587;2889,98369888288;2958,81280183054;2963,50013053465;3024,33861940855;2870,6287834551;2980,01624838286;3060,03489684506;2969,85516400326;2940,13068735259;2708,12484109717;2667,43040309097;2714,48652160683;2879,44001505477;2870,86404178248;3002,79147077738;2951,28632975094;2841,09577337609;2641,6003932627;2638,74761033691;2652,47303274726;2651,453713299;2645,67351737861;2670,90319904172;2713,90209916834;2684,14488728949;2700,99087778593;2688,24155185158;2729,49671434274;2762,23245653805;2610,11317702164;2649,74965389154;2620,8809893883;2667,2862924548;2657,40188495032;2673,09613225576;2995,45468188156;2661,76256156063;2676,08580023421;2673,26836401125;2656,64160235229;2704,77307540239;2759,63855147215;3008,63213549896;3028,88328907546;3095,28712257862;2802,26227873469;2878,49749556277;2890,14190965589;2893,91685368019;2929,7808957367;2834,90669420022;2679,99654714215;3003,9377489634;2600,1475970347;2655,72672929729;2698,78809179;2650,70544023508;2626,57742954819;2655,99763842928;2645,01647721474;2645,66137673053;2675,7893212969;2652,74914196996;2677,25001725207;2650,53924061231
;86;2864,72362564681;2977,55542687881;2978,57820136557;2879,56476663309;2698,29841803551;2684,6479135355;2732,28323759938;2852,5309334971;2920,07102637522;2924,75950218481;2986,13942688898;2845,75015227197;2960,6401254458;3035,17728820004;2948,12929185129;2914,05902257875;2676,10898010954;2660,79988552085;2686,22129918229;2840,95786417945;2835,77921996016;2960,00512269419;2916,67407144066;2821,45388256394;2639,71948586248;2636,89299139818;2650,05557956579;2649,31095324358;2643,44634893154;2668,63652774873;2711,86064222162;2682,25334008076;2698,96919180884;2687,38121433565;2727,35348928682;2760,51831136613;2608,09444010836;2647,80811440246;2619,45382979326;2665,12105111832;2654,87926160308;2671,55463971809;2993,42128650215;2659,64424399708;2674,44022587186;2670,91865527332;2654,77285873208;2703,33461902569;2734,21704836894;2978,22031989208;2999,59267594675;3061,13513324281;2772,80440366281;2857,00333955901;2866,41308317292;2869,14864882718;2905,80214362791;2812,56309340478;2670,68176002913;2971,31721277541;2598,50370139215;2653,87743348729;2696,24234643928;2648,42139997185;2624,77680258317;2653,78280823101;2643,60806501431;2643,9089636684;2672,9306786542;2650,9129832336;2674,5185825177;2648,16444079638
;86,5;2847,68656196079;2954,22755409729;2957,57141144218;2857,71507478135;2689,59936242738;2682,83283469548;2728,93758466693;2818,53197088896;2884,23491525164;2887,52500127212;2948,5474047424;2825,6265822491;2939,83391157791;3009,55620182877;2925,87667945084;2888,51738674602;2654,92970908019;2655,05802334015;2667,09147909046;2804,55957017956;2802,47031325277;2918,71831695369;2882,96139973689;2803,29205482374;2637,71197187802;2634,6570869021;2647,83967394384;2646,92969750322;2641,33780131403;2666,5561536666;2709,66093318631;2680,33382676475;2696,89273597354;2685,87749052372;2724,93758117987;2758,70478705645;2606,36284767396;2646,1594317152;2617,77450397061;2663,25401581477;2652,5687168034;2669,98778276389;2991,22903724417;2657,48902508439;2672,59397524119;2668,86709994783;2652,42401946851;2701,70595828888;2715,13085081776;2948,94480709432;2970,84385451197;3028,08275114172;2743,37438756631;2837,679005458;2843,55553763695;2846,26412884774;2881,81453163588;2792,28678222937;2662,76498071694;2941,69979080643;2596,79507262933;2651,76077875138;2693,24126457993;2646,20185446005;2622,39471868709;2651,91335413899;2642,22097671027;2641,96741871596;2670,23475414684;2648,89083387596;2671,17473858777;2645,88872102339
;87;2828,31606349261;2927,86783901725;2933,2704878981;2834,38231777747;2680,32680591455;2681,24731015227;2726,07413025581;2788,28573038275;2851,10292218521;2851,85316181116;2910,90181879334;2808,31623426439;2915,22629660467;2979,79055738431;2900,42778110088;2861,65150829488;2642,39999828777;2650,15509636586;2655,03148550456;2771,09175800702;2771,33919977242;2878,96184578887;2849,49904444329;2785,67740655515;2635,73604652553;2632,22750691976;2645,66072560761;2644,41835938278;2639,09071084362;2664,40290294436;2706,94299585561;2678,2510958985;2695,32894085118;2684,1706586894;2722,46509717254;2756,34413089334;2604,83983677748;2644,27609692761;2616,04906978133;2661,33617162586;2650,75608488846;2668,1463765472;2989,15971450282;2655,22889979963;2670,4952644087;2666,81414531715;2650,09000223124;2700,21919287272;2700,63586692919;2917,57345056968;2939,09022722779;2992,78302478899;2716,881040458;2818,74762939326;2818,83541416855;2822,64084013756;2855,4697656122;2772,32371655086;2656,10359659671;2912,02184017588;2595,08335322248;2649,69306045906;2690,22924880718;2644,17150640766;2620,09149889827;2649,91376201672;2640,80826540706;2639,87427511602;2667,64448423259;2646,63301057606;2668,1812706074;2643,96549763572
;87,5;2804,40618365385;2894,73071895963;2902,23137573911;2807,60769622126;2670,49710756086;2679,50712371286;2723,66299375388;2761,73955074336;2820,6245748694;2817,50146886796;2872,14538318704;2791,13480757419;2883,16224063698;2941,93981689824;2867,54251441073;2830,86564123316;2635,47531534566;2645,55241156138;2647,44002752296;2740,24033014679;2742,68687666754;2839,40849240781;2814,39162425951;2767,17237183978;2633,47886662382;2629,67955093024;2643,53405126527;2641,68629921627;2636,83871440507;2662,57704720964;2704,38020071;2676,0950636594;2693,47126989756;2682,28078810828;2719,98018007718;2753,93175193253;2603,17795431171;2642,28695893471;2614,00622356294;2659,52250452826;2649,26880174566;2666,09885576566;2986,88981204148;2653,27509665438;2668,31324769268;2664,35976853833;2648,08757210597;2698,58931365255;2688,38419711301;2880,83111803435;2901,49727412894;2951,96395702969;2693,33119112595;2798,96634072628;2790,82212091254;2795,65774951115;2824,96348303524;2751,48096566827;2650,70557250695;2879,56257315069;2593,79029637115;2647,20821872643;2686,94233993249;2641,82060509521;2617,94239906478;2648,03096279318;2639,25715902999;2637,65170346878;2665,09912000378;2644,72306386892;2665,28683380258;2642,31350677391
;88;2774,77888988934;2854,09864948582;2863,96720836798;2776,69667639854;2660,77295431893;2677,54556787319;2721,67275085424;2738,44258177102;2793,62242447677;2784,3380227953;2833,02518330863;2773,67734030437;2843,24148903779;2895,50448767744;2826,76690724831;2795,67421361571;2630,99402750955;2641,59385522303;2642,72887543279;2712,77004939838;2716,61597458551;2800,91382514304;2778,69447658011;2747,69509187892;2631,37265314142;2627,33617869932;2641,56465114809;2638,80701611409;2634,52508589843;2660,68478303208;2701,70373304148;2673,74871723739;2691,43688903916;2680,11282231511;2717,57894919304;2751,65769704066;2601,34413460194;2640,17054019996;2611,98256435255;2657,58362622436;2647,52923917615;2663,93235444036;2984,2655355221;2651,20125358491;2665,68465479563;2661,69298789353;2646,39733083089;2696,48076038941;2677,32912292712;2838,84031555484;2858,10084114358;2904,97144103433;2673,88201029893;2777,75123025647;2759,89799273293;2765,03233813151;2790,46009038704;2728,94089256518;2646,86484918716;2843,58471130911;2592,94269726389;2644,32506036659;2683,69301055844;2639,51256288023;2615,86079030182;2646,27554054457;2637,84498894851;2635,00616606351;2662,60655532259;2642,42374040971;2662,53278348675;2640,48484482962
;88,5;2739,57665207347;2806,52362949375;2818,55217917612;2742,56557103889;2652,87133333072;2675,4114914048;2719,89909963926;2718,91423401216;2770,32666606585;2753,40684786463;2795,01753331719;2755,49166345983;2796,18409209848;2841,2659987378;2779,48837887986;2756,64072200646;2627,81335888117;2638,1418022883;2639,68431677543;2689,6005847361;2693,50111202504;2764,80967815222;2743,21715094914;2726,71163406982;2629,24043563468;2624,91749297615;2639,6066246422;2635,91860416617;2632,19975540549;2658,82481784631;2699,20818558392;2671,50299645757;2689,60121601777;2677,85162340822;2715,53659133475;2749,51520437405;2599,62825835868;2638,27338101674;2609,48137617926;2655,49488955788;2645,58991502932;2661,72670884218;2981,35000534627;2649,02381505929;2663,16240880964;2659,59152380816;2644,53938410886;2694,03906763269;2667,05137021672;2792,58080220077;2809,83191439098;2852,64089892317;2660,38418071868;2756,04524565338;2726,06665906297;2731,2869973717;2752,44680137522;2705,60452789998;2644,44124815833;2804,18113905071;2592,57365249957;2641,26002273705;2680,64042379647;2637,29941217369;2613,88551819772;2644,2941289018;2636,45767821337;2632,1325756348;2660,22827583828;2639,95361756615;2660,26992867836;2638,55250617546
;89;2700,70672294179;2755,6809355803;2768,63866322294;2706,98667325677;2646,70997168325;2673,3487123121;2717,75055875923;2703,37339196812;2751,37037237366;2725,93182163172;2759,25232947111;2737,10962343994;2745,58128037532;2782,75840685931;2729,28395208945;2716,2934723416;2625,00441222725;2635,27052782216;2637,2556867035;2671,03209814881;2674,08097227921;2732,49894107534;2710,10185422892;2704,73147378367;2627,49714949495;2622,76336844446;2637,54878618936;2633,22496550172;2629,62126896194;2656,64922990785;2696,79661056414;2669,30655316789;2687,62528680177;2676,13166003544;2713,57975062427;2747,38946793301;2597,78632110124;2635,95823978745;2606,96490608808;2653,36453932511;2643,3591054124;2659,48220469641;2978,74408714346;2647,03383170413;2660,83330647196;2657,43429964871;2642,93556168657;2691,58841135832;2657,73366495096;2745,0717883712;2760,27420198599;2798,18906961499;2651,19140913042;2734,9995480139;2691,79440929662;2696,62144744135;2714,08787658603;2682,63971037784;2642,24395707957;2763,66910969833;2592,31320012375;2638,89799274367;2678,05618788297;2635,19857175368;2612,29826676941;2641,89681037468;2635,39369322068;2629,40598284607;2657,64618981207;2637,69242883743;2658,49696800327;2636,08662242668
;89,5;2662,72503592224;2708,00975278084;2720,24851517896;2674,42811293309;2642,17066682443;2671,12743165596;2715,73742565153;2691,75998372777;2736,89091879099;2703,55817509916;2728,56518927461;2720,11535736379;2697,38243194115;2726,80057917062;2681,78378187936;2679,08746678258;2622,60190133008;2632,68493838073;2635,32637607729;2656,70628003905;2658,82684292538;2705,75185623981;2681,68863714997;2683,15070507093;2625,76021102819;2620,76834070131;2635,5859423598;2630,34441807485;2627,02549486952;2654,69571805695;2694,64709596543;2667,18201297356;2685,39562826025;2674,45104989881;2711,83079748459;2745,39488895458;2595,74700779473;2633,94078137474;2604,49410752279;2651,13708382339;2640,99069669318;2657,58266934932;2976,07179692666;2645,09162830192;2658,54725046649;2655,31168210145;2640,94787403281;2689,06052801919;2650,12314445574;2702,61279197913;2716,21916277955;2748,47401113497;2644,81586583261;2716,61557586183;2662,12905112753;2665,92953837458;2680,79438684719;2662,95674325196;2640,28615882217;2727,07166357274;2592,13728553967;2636,32074049742;2675,59955652119;2632,8955651243;2610,51468377007;2639,95688467813;2634,71082786293;2626,88413281425;2655,11929223259;2635,69274892309;2656,69667994901;2633,8191587741
;90;2630,91699924423;2670,15743888412;2680,55310580967;2648,96504238392;2639,19515891493;2668,82427434689;2713,26858332861;2683,95412363866;2727,06759940935;2687,01804902576;2706,28563053137;2707,24797282969;2658,83962101752;2682,24213032473;2644,63111465679;2649,75420377305;2620,32283885639;2630,83290895567;2633,56195946576;2646,87177120184;2647,93013954245;2686,88510639927;2661,18623335868;2664,15771987172;2623,81500568298;2619,12413386002;2634,03363992551;2627,93382043384;2624,6990613617;2652,47810131589;2692,32383721682;2664,91526123372;2683,26740866501;2672,79928057251;2709,99001848154;2743,44807776982;2593,79908621677;2631,94438894881;2602,39142307533;2648,99997131206;2638,4968054125;2655,61861516796;2973,48715816946;2642,80560600288;2656,23506045746;2653,40541526921;2638,9066245272;2686,27861697002;2644,64613937606;2670,58832021032;2682,86803006453;2709,86003472908;2641,33361318703;2701,99533690191;2639,86938111025;2642,67843483499;2656,01450927987;2647,98994120921;2638,77158662444;2698,75586069817;2591,60646095544;2634,14778935421;2672,81962491979;2630,5705551061;2608,64082590076;2637,79440365696;2634,16453009598;2624,25051867916;2652,65387709964;2633,6789321936;2654,92578467152;2631,56323286995
;90,5;2607,50518315727;2643,447616229;2651,83260314186;2631,12211110924;2637,25719908137;2666,66599942169;2710,76975182759;2678,8997433884;2720,7114211867;2676,44124193476;2690,9178865205;2697,80152180122;2631,40825942791;2650,43180860454;2618,57940930669;2628,81719074925;2618,2611041539;2629,14155262641;2631,89146824439;2640,41044267821;2640,50636627575;2674,46021759545;2647,42128424349;2648,06417447168;2621,63082903032;2617,05037080233;2632,28330901053;2625,73579747833;2622,2559782894;2650,40789240005;2689,9915750306;2662,89565933101;2681,29816654897;2671,47505882884;2708,30085072111;2741,27795118946;2592,02119709673;2630,15471146768;2600,36061166021;2646,88326583319;2636,25904272299;2653,7117262222;2971,28501428001;2640,52483001519;2654,56280703169;2651,42718959054;2636,5749611893;2683,7223971652;2641,15592153217;2648,68702437815;2660,35785625328;2683,11473100276;2639,31688632319;2690,93431015726;2624,62122635039;2626,98549102416;2639,21437185162;2637,72318969894;2636,84061693268;2679,00429946983;2590,76104322357;2632,30144052781;2669,91890586847;2628,27904121554;2606,87710784057;2635,73792572494;2634,04911698411;2621,48988260447;2650,20053395993;2631,83623894332;2653,11230104537;2629,50261332061
;91;2592,19075312356;2627,30193559633;2633,47466202838;2620,0684860614;2635,34464081304;2664,2758376962;2708,25844796925;2675,20978556898;2716,79429061716;2670,13807723653;2681,23470059317;2691,88889319693;2614,72048612146;2630,32724439123;2602,68018170635;2615,75120535123;2616,15748092214;2627,53478404707;2629,98169352831;2636,10936768762;2635,84402960737;2666,56858051177;2639,17236326466;2635,69954511004;2619,65367906245;2615,00351825138;2630,53986619518;2623,61147078544;2619,76259263422;2648,57461928937;2687,78382367162;2661,06147415375;2679,37099156381;2669,7472479692;2706,31249994655;2738,69057516048;2590,18833337295;2628,20345220359;2598,51431659989;2644,81024020772;2634,15843804327;2651,73196565978;2969,55797263224;2638,7035561573;2652,96732401373;2649,15445399697;2634,6161516282;2680,98522599834;2638,93445233813;2636,0056220203;2647,31543829947;2666,92618080131;2637,22682993694;2682,57462058786;2615,74606867561;2617,5070022194;2629,62099748629;2631,24661563591;2634,62362605142;2667,20253831584;2589,50146739785;2630,61217773083;2666,90075863896;2625,98399920858;2605,01748204925;2633,69947422153;2633,60722815083;2619,17457067074;2648,03970148805;2630,41207258883;2651,01542431824;2627,62957028832
;91,5;2583,77297258897;2619,4154052454;2624,24577945068;2614,49534489599;2633,31390837368;2661,88296111906;2706,23837067407;2672,18817821884;2713,77224402867;2666,2685271314;2675,87327627368;2687,73680237696;2606,52650866191;2620,50733124985;2594,90248050697;2608,97954682759;2614,33146555984;2625,75676452406;2627,72639781685;2633,1312939775;2632,79459391225;2661,31495533745;2634,65335626638;2626,17882768183;2617,31368829374;2612,80437335353;2628,74429353061;2621,42776152825;2617,37624597592;2646,86197659271;2685,65256542015;2659,19042949316;2677,44531583352;2668,01189197867;2704,30721957184;2736,17392514633;2588,04564003417;2626,43481572653;2596,87111287617;2642,66938103801;2632,3338772484;2649,85183901676;2967,84641352294;2636,90939085835;2651,34860500713;2646,87744562908;2632,8545590779;2678,26894014818;2636,94817378263;2630,31169796755;2641,23791200318;2659,13377213972;2635,28263698312;2676,36402908406;2611,63788293503;2612,99963704769;2625,17948494728;2627,4194427747;2632,37610713048;2661,14699270748;2587,89685295429;2628,29332075688;2663,61795833601;2623,37810462303;2603,19292226086;2631,6803742018;2632,22228496737;2616,74521737501;2646,01113806562;2628,81617375255;2648,94416029467;2626,10457098742
;92;2579,90846665026;2616,12307352039;2620,65708140459;2612,1213052747;2630,95830206149;2659,79825181725;2703,9610960108;2669,54620848661;2711,45066979844;2663,47023598291;2672,62373584915;2684,92788710991;2603,23391236131;2617,03945204463;2592,14469854986;2605,85810857581;2612,32808760926;2623,73362501697;2625,34674899514;2631,08371591323;2630,49243635906;2657,48545885786;2632,28342171499;2618,93183182988;2614,86354539046;2610,27723430896;2627,00230940235;2619,67042910048;2615,1264972315;2645,08692194843;2683,58903772293;2657,14992286174;2675,3354791747;2666,46289727028;2702,3470453319;2733,3130043312;2586,01635587313;2624,11720351041;2595,15400695724;2640,8320529518;2630,32990736363;2647,54764512074;2966,21934255449;2634,99039405372;2649,90528087415;2644,77002373163;2631,32354194528;2675,54274511817;2634,81820901393;2627,79337671661;2638,41107344025;2655,68994481416;2633,09916505043;2671,05462408709;2609,27034857674;2610,52536840447;2622,52277027155;2624,75054979816;2630,16642418567;2658,09637263933;2585,83503211298;2625,96723753021;2660,18933424302;2620,98802810951;2601,27342610193;2629,25232795779;2630,5369936068;2614,36427725273;2643,94642379101;2626,95517414357;2646,75797712864;2624,16023249637
;92,5;2577,71629269946;2613,97378525383;2618,62053867548;2610,10909046717;2628,6222072921;2657,7466374077;2702,17475807994;2666,92789855422;2709,12920851984;2661,15671725993;2669,4845881213;2682,43027735204;2601,15798371526;2614,7225862517;2590,36618046966;2603,74480664848;2610,65338584198;2621,35152685788;2623,26067393129;2629,45359269367;2628,69802891293;2653,95530279127;2630,13249598008;2613,60485011051;2612,83816837804;2607,40317046956;2625,00211492119;2617,76249732171;2612,52575675231;2643,4994301191;2681,97389666709;2655,38457252057;2673,57159335495;2664,85886641305;2700,44991640818;2730,3639737502;2584,07382496912;2621,8726368849;2593,19601092918;2638,52812506307;2628,32394553099;2645,31966998633;2964,42945754914;2633,06886009745;2648,55438488215;2643,13094453387;2629,53069136667;2673,03133607823;2632,47889626496;2625,52982375479;2635,88208308959;2653,11095732747;2630,25168619695;2666,40678721642;2607,15546576496;2608,25235597958;2619,86148732004;2622,2234976293;2627,48593854998;2655,70370093896;2583,68515129861;2623,66642498441;2657,36722912211;2618,86107310953;2599,21443966807;2626,94623647745;2628,84073415437;2612,41130890131;2641,80517012472;2624,94670396495;2644,54675634798;2622,00502063098
;93;2575,7737586005;2611,88774157522;2616,72811695954;2608,49455207261;2626,49997065019;2655,77870849548;2700,53662325982;2664,83424213929;2706,80477371249;2658,57414073846;2667,0360525126;2680,19594538992;2599,19630951849;2612,78454722037;2588,92499577576;2601,87961904028;2609,12955273518;2619,09876783384;2621,01527805291;2627,86525095694;2627,37061530411;2650,79183773283;2628,13512345697;2609,82744221394;2610,84566743205;2604,74625182463;2623,19121359596;2615,71151722465;2610,10015839342;2641,67183002743;2680,3123456886;2653,18696285285;2671,67673933037;2663,08810105388;2698,18350076889;2727,07513095796;2581,9904236501;2619,42786288707;2590,93858993594;2636,4979468882;2626,14872121898;2643,26299131432;2962,22189321487;2631,15285675603;2646,49875953121;2641,72935770206;2628,00059486276;2670,10448468028;2629,84327828623;2623,32122619128;2633,02952188473;2650,68815777453;2627,5027240667;2662,52310077844;2605,1799480626;2606,06985834;2617,13331927939;2619,93825275569;2625,11493877269;2653,42468487318;2581,41538332745;2621,47235522074;2654,59740264224;2616,71190102204;2596,84022425974;2624,57315580283;2626,30320593444;2610,97464992824;2639,53347007;2622,84036727065;2642,1368962782;2619,70047739187
;93,5;2574,30781971873;2609,83857292247;2614,90429007861;2607,04183221118;2624,74718020903;2654,27825351071;2699,03804260099;2663,21903608823;2704,14273761258;2655,67729037161;2664,42305208665;2677,97428345886;2596,84408809774;2611,09508977595;2587,32543522347;2599,95683895796;2607,7425447518;2616,63379778913;2619,06169526146;2625,74236207958;2625,65144095333;2648,18820714777;2626,04719902429;2606,85497390573;2608,47555663022;2602,10495540717;2621,36856992648;2613,9255199414;2607,86325899044;2639,52990421674;2678,31916513182;2650,66469543389;2669,82681082355;2661,68733001777;2696,02415130426;2723,99637367903;2580,13163893984;2616,91786064549;2588,70547691272;2634,4318097674;2624,00989153351;2641,28763278007;2959,47903480469;2628,70139596717;2644,24482353987;2640,67069096366;2626,2053637518;2667,34397982844;2626,95077395569;2620,67916512015;2629,80588480687;2647,98146452772;2624,94537566696;2659,23837139422;2603,30294570568;2604,09911251983;2614,239987791;2617,92367813305;2622,66171989021;2651,09416480699;2578,97420327061;2619,10593829674;2651,99402833522;2614,81066334525;2594,43523003477;2622,3755331826;2623,79998275893;2609,40433659093;2636,76131611448;2620,49985037664;2639,53093687005;2617,08427790202
;94;2573,04618646285;2607,64972910629;2613,16099371161;2605,51826819785;2623,53088362657;2652,27118723234;2697,38309214501;2661,75484427134;2701,65617091249;2653,01925570695;2662,25231206392;2675,96108426058;2593,96399973692;2609,41537190077;2585,53854388767;2597,70339245374;2606,60617643624;2614,83311984598;2616,4480854249;2623,29123623346;2624,0034672292;2646,57750859598;2623,89610778636;2604,68943094835;2606,59767467145;2599,35895903858;2619,33168544329;2612,19630486175;2605,97639867957;2637,07154236508;2675,39635418035;2647,93064376647;2667,51374376756;2660,31085504664;2693,59462528068;2720,54229532965;2578,40644463316;2614,55398035687;2585,34449225683;2633,01635760726;2622,18701223373;2640,59241817139;2956,77564768201;2626,16666591143;2641,61092549873;2639,36371453907;2624,58508508002;2663,99265721815;2624,25715637538;2617,78405415657;2626,44655891681;2645,15100317423;2622,13419463042;2656,11246026395;2601,55486408865;2602,49847370827;2611,39330972011;2616,06210282524;2620,37689195935;2648,59998839593;2576,93412119142;2617,46314459232;2649,28011829406;2612,6927095604;2592,40644981811;2620,95570776866;2620,88846918076;2607,34381025953;2633,70975815768;2617,74335778242;2636,90133728129;2613,96574681603
;94,5;2571,84291420952;2605,52306623745;2611,28715170259;2604,09659987088;2622,72378068831;2650,47003237092;2695,95411277447;2660,59822770326;2699,10316614134;2650,46466821498;2660,48612437044;2674,32252135699;2591,31065944666;2607,65323037519;2583,6719285756;2595,40571299689;2605,59050997136;2613,14408011876;2614,09738345902;2620,69101059225;2622,53779231013;2645,40613289851;2621,85051040253;2603,37660838656;2604,58682492257;2596,8387151442;2617,39103964733;2610,28992449877;2604,05622537973;2634,50755386706;2672,52664739881;2645,06657162924;2665,4924993399;2658,77786973304;2690,9452983584;2717,11382940213;2576,6702131178;2612,35162777454;2582,06070889638;2631,45195453806;2620,34318366312;2639,96079628418;2953,71264076495;2623,61997220568;2638,61293775731;2638,18711921116;2622,93500980294;2660,48990857889;2621,66922396844;2614,94167193247;2622,92112049034;2642,3534011895;2619,47118027361;2653,57385458811;2600,00066224488;2600,98221899125;2608,71607423389;2614,28245275176;2618,01636982202;2646,26095384136;2574,8787287574;2615,94050667836;2646,69896724706;2610,60826249239;2590,20699440752;2619,51916364818;2617,77388955929;2605,59864435557;2630,55878489277;2615,21689897633;2634,10316811589;2610,97395042931
;95;2570,91050719607;2603,0039555818;2610,39105300088;2602,20421214767;2622,540823419;2647,26105121236;2694,23337926934;2658,96505900402;2696,64746021083;2648,02184215045;2659,0697438371;2671,54744558118;2587,39009100107;2606,5858810449;2581,35513210045;2592,34996101126;2605,24761935316;2612,79223092806;2609,28918426942;2617,35843727524;2620,63921125341;2645,10916925977;2619,37861110062;2601,29881006806;2603,52957082511;2594,04220351068;2614,55044921764;2608,59315185598;2602,99105256749;2631,29320582395;2667,33522004168;2641,99881245174;2661,8777318947;2657,81011749672;2687,90919808569;2713,52095113194;2574,70301959084;2610,58751965274;2576,71029040191;2631,63404016422;2619,75961520242;2642,48450138662;2951,57255738866;2621,17675569863;2635,34767375453;2635,97675656542;2622,14789011529;2656,09109515627;2618,89413943124;2611,63753287386;2619,0906060831;2639,16477491242;2616,58474332283;2650,18662711735;2598,70116548903;2600,39340798845;2606,15302143277;2612,54293495347;2616,05912807952;2642,90421453134;2573,71873870677;2615,23236135128;2643,32514494157;2607,37369527712;2589,63375477243;2619,94317883996;2613,08047939869;2601,71852321279;2626,93636914294;2611,45421268942;2631,72582198299;2607,13730231684
