;Cycle;A1;A2;A3;A4;A5;A6;A7;A8;A9;A10;A11;A12;B1;B2;B3;B4;B5;B6;B7;B8;B9;B10;B11;B12;C1;C2;C3;C4;C5;C6;C7;C8;C9;C10;C11;C12;D1;D2;D3;D4;D5;D6;D7;D8;D9;D10;D11;D12;E1;E2;E3;E4;E5;E6;E7;E8;E9;E10;E11;E12;F1;F2;F3;F4;F5;F6;F7;F8;F9;F10;F11;F12;G1;G2;G3;G4;G5;G6;G7;G8;G9;G10;G11;G12;H1;H2;H3;H4;H5;H6;H7;H8;H9;H10;H11;H12
;1;-12,0454272085958;-10,0445537679957;-19,2958576284736;-12,7385577489722;-16,9195572521248;-10,0628726258929;-5,26907659200151;-14,6194276898614;-11,3590766881325;-21,1970103637718;-17,0168439466579;-14,4420401372458;-10,6052835124251;-12,4925931751955;-6,7616334160407;-8,12876680125373;-9,62704365753461;-8,05966892153992;2,89014770610856;-19,0828190987186;-9,2711987558655;-11,4644254413238;-12,3837195174624;-16,1325157114197;-7,91075348122786;-7,18568121460521;-9,82378385777793;-17,3832882766924;-10,761260347806;-11,3904180372715;-9,3671145948274;-9,38222613708786;-10,6707744033874;-11,2499460845738;-11,2917019029146;-9,78315804291287;-6,24593040462878;-10,0739916375064;-13,8832860806665;-8,8995393865689;-14,3239778155166;-8,92541664082;-21,679328310704;-13,5184677812294;-15,7299739322016;-13,1391704502844;-12,9785194564511;-13,3168514448757;-11,9335736151902;-14,3814018665648;-10,7112188829806;-10,1529295945638;-4,97405595539794;-9,38590461119475;-10,4539848578488;-11,2021667445456;-9,44667958658283;-10,8294888945916;-8,2228878922383;-16,9631585754164;-10,084762121015;-10,622130252038;-14,0093276221533;-11,400925602582;-13,3720052713084;-12,8356354637094;-11,6598093286739;-11,4386065824187;-1,47830165126197;-7,73697460548055;-11,5455751778372;-0,659697940206115;-11,56592321576;-14,5263612518256;-15,8472244557115;-13,8015562796732;-10,310600336772;-10,643799099068;-10,5200053409485;-11,3182788554213;-14,5780689468475;-1,37898336116268;-14,2941869122446;-13,2643509389368;-14,9952445064064;-16,3321659909475;-14,1119487211909;-15,6734798839038;-11,6646186721873;-14,4912499641923;-11,4767568986863;-17,9002544922546;-19,0925272402187;-16,2741922195974;-16,4174186764926;-14,0747163298038
;2;-6,96104727098373;-4,04937660209771;-3,61762909861045;-8,47803654537756;-7,01759585486343;-2,41429198522292;-0,974017371717309;1,19167697948114;0,334222465091443;-5,07170163354203;-4,97656821480086;-2,16525636383449;-0,966285341251933;-0,697389809451124;4,10149022007863;-0,250892585494057;0,249938453619507;-3,9668455553383;5,37459457316481;-2,94128931652267;-1,36174573589233;-5,83451581554573;-2,75762551527214;-2,46009512672617;-4,48480006921136;-4,20688365919614;-1,61445294101259;-6,25809643668936;-6,42308897692192;-6,5552769840956;-0,241571035790002;-6,29267444777997;-3,55358869037354;-1,15762023109482;0,790216410774519;-2,17763283613067;-1,2526606917113;-0,944563781451961;-3,01141886853429;0,372475116396345;-6,41984591751179;-2,66630621953027;-6,40689235458149;-5,03979921013115;0,84898974746875;1,81455258468304;-1,54611617951105;-0,245989885202107;-4,7452406127527;-2,88472887250919;-7,52659608159684;1,81087952248708;-0,573384968567552;-1,26033130631367;-1,95203452219539;-2,05872484841257;-2,20674748116971;3,64673498769844;3,36928111668931;-4,04510048336624;-1,55349655764758;-1,69528668519979;-8,08046840135148;-1,53590649609441;0,299546354448012;-2,16908820469007;-2,56789758834066;-5,47350232594499;-4,65855644094518;-1,09648324132377;2,68593955869665;0,927826338955583;-3,40176315218559;-0,591813933843696;-4,39432246558135;-8,99268241750815;-2,66612220613933;-1,16819904274871;-5,56991342302581;-0,177267668071636;-2,27076697301709;3,44599793277803;0,761464747615719;-11,30549893732;-6,49133527310414;-7,71924236006453;-3,89150872219579;0,669073110595491;-1,59730405539949;-6,69038164802578;-1,46383710115379;-3,92210151867175;-7,14610852116812;-1,83036527598688;-2,03673173060042;-7,07876925773917
;3;-0,283472472743142;2,19722092303391;-0,863880629857704;1,19838219589792;-3,01245049014005;0,271049299784863;1,70735323647295;1,70133005161824;-1,57938664164112;0,520313980786341;2,33717632020989;4,07095509478995;-1,03168982820716;0,789219187970502;2,78888996417436;4,10839746272222;-2,1262902313083;-3,57518267070873;5,09022895975158;-1,89135872904626;0,981692822849254;-1,46242777879479;3,06131070097035;0,350413129567187;0,901704958902428;-0,948375890504849;2,09205532981241;-5,32571194241791;-0,871884114770637;-3,3586988439306;0,0851636720431088;-0,926881180909731;-0,216239207082253;-0,993353583783119;0,632671408728584;-0,546577618897572;-3,40299204333996;-2,29557695554058;-1,22675970841556;2,21233899178924;4,96948874642385;0,980710620883656;-6,68415100282709;0,459473086060825;0,340567861447653;1,83536043954109;-0,291395971327802;-3,93295719243042;0,173690810385779;-1,89531549749972;-2,82745416392072;-0,305610347108086;-3,40720452771029;-0,736546276163608;6,18443854037241;-0,0449683550691589;-1,13807926365689;-0,816672840915544;3,52187936151176;-1,67424388057998;1,42367093281337;-3,94550912765271;3,82733786059134;-2,97788182857812;-2,11816512714768;2,97017869078491;0,141177815426545;-2,8024934395803;3,64392950227329;0,120565231429282;-0,118281624543215;5,8018788157633;0,91640746545545;-0,750757367793994;-1,38583322570321;-3,07708557595242;1,43515312674435;-0,570652282142873;0,68386716236364;-0,370047425331904;-0,681323457149119;3,87297403270941;1,2895179041343;-4,58865785745775;-3,48768901762196;-2,11133894055229;-1,35377446939947;-1,25794824334162;1,0885739301184;-0,77867169980118;4,19007822108233;1,58431890038537;-3,2358578936437;-4,19925451538484;-1,68127299622483;-4,93911332305743
;4;-3,68442100494758;-0,279753730103494;0,390662199285998;-1,8045157826441;-1,93729247334613;-0,462082129884493;0,353575258463025;0,266433107223293;1,98424330046282;-0,156273266971766;4,53839272758432;0,321688001314214;-1,30977897432922;0,95893903992328;2,39408683312649;3,50095864566219;1,13027381878237;2,35738275125141;-0,924766913945859;0,378819461449893;-2,73408375326471;-1,83478710974487;-0,644047493603011;3,30407719579398;-3,43495276481735;-0,81900392968646;1,68445327471591;2,10839980456285;0,0128663376367513;3,32910941012597;4,48225421505913;0,0500908526996682;3,22401463008009;0,272435123751166;0,235782248340001;-2,50466199744051;5,25737105309099;-0,797863477838746;-0,442349237255712;-1,67867265280711;-2,35100886618466;2,40654758498204;4,6086578418417;-0,29594935422756;-0,668935629601492;3,28579105285189;6,26776585137168;3,45104374143693;1,79311855024571;3,46696645146721;0,423910340949078;1,42596973007812;-0,674041622954974;-2,08052122107665;-1,86591733805744;1,50648414447733;-1,37337643867977;-0,777538136021121;5,51262738010837;2,60080489250231;0,0641890345941647;-1,16475193396718;-0,581098221818138;1,59464197815805;1,12420575120086;1,9195950348485;-3,37639514045713;1,66596737123427;-2,54467107489609;3,04292138941173;1,30558126889127;3,50283139467547;1,50075066258705;-3,21082104753168;1,27927452539643;-0,4868313039442;-2,15098529086208;-0,998960180887025;1,52363776148695;4,17882240460176;0,761462766785371;2,57795517022942;1,09494286115478;5,05566861417765;2,31034471891098;4,20325796275847;2,0368791503206;-1,2429750831966;1,73825757063378;-2,6981783215042;-2,92601038082421;1,80957482166741;1,51319459386832;1,99617527393002;2,08644712139221;1,30994011915527
;5;1,69038689246463;1,77592321552129;2,36884896553102;0,277321522662078;0,109152955285481;2,3670970302328;1,85207761880383;0,118242708069829;1,12095136089101;1,02104644830297;2,66904574798127;-2,9264577600029;1,52617029480007;0,881223769129974;0,370772945714634;4,66746334002482;2,07657877774409;3,53589702244653;6,94759644038322;5,11981542204239;5,00760928319642;6,00460712462473;-0,409046023010887;5,05043177058997;0,50594048036146;2,79272456524177;-0,337752111398459;-1,55768446646016;3,77476180480789;3,81795268761289;1,97181861693707;-0,510511971971027;6,00930273561607;3,49694333523121;3,36100689165323;4,55168337615896;-4,06633702579984;2,80211666833429;2,94473320470297;3,1154180957933;-0,566185607081479;-1,44815118351426;3,58137562388674;2,39199145565362;1,908732154468;2,95027122550937;-1,35908065113426;4,38649037063942;1,36504637312828;0,620840816927739;2,30953443090993;-2,3338206385356;1,94232635239541;4,39165642795797;-1,46808734903652;1,69219080022776;-1,13316257074484;3,6777363582687;3,53565520273014;1,6601634371973;-1,39940632372236;4,11192040305968;1,14525648931613;2,56895554753373;3,47492056415058;-2,57124253423717;10,1301485228169;1,64265161008962;1,06769814584413;6,96460108302927;1,23305291057522;-0,977047327192849;0,52360696273945;0,582850491664431;0,149482620130584;0,526840058544622;1,44894165575215;4,48498497974651;-1,48560606488854;2,46145069041359;0,170642593571756;-2,3564589885259;1,51724894623339;-1,0496641853797;3,44719036480865;2,67677200004255;4,75842456327655;2,6345935284312;1,37612687982619;1,30870083344735;2,80690851796544;-1,83977907606322;0,430601916676551;5,28806940403183;3,81861466969667;2,25260959905654
;6;0,391933844667165;2,93778586185181;0,45929696064195;2,85834936108859;3,49644170554711;2,89702604438753;-0,0250497538604577;4,12127983312803;4,4488611874408;-0,402153268974871;3,71611221017247;2,32357906523657;1,19708583708507;2,37883487312274;-1,67740297020282;-0,0373706188447613;2,30017869241601;-0,369629790263843;-0,53697396933012;0,729622050710987;1,51654034292278;2,16494159605645;1,48147405156396;0,0309021567268246;4,56456274287211;0,676924179663274;1,96213553632606;5,47007220959767;1,38964259679415;0,48413720975941;5,30566593514459;-0,728652541253723;-2,95052391908894;0,362622138477491;-1,90811552077503;-1,49084783712033;3,66262525062393;5,57458125789299;-0,683663808558322;-0,142375955957959;-1,31607052860636;-0,285107610784962;4,11674502108826;-1,31887138460934;1,58314874712869;0,382287485640518;-2,95664149578715;0,906976977174509;4,62776670212406;0,44031463073361;6,84978942722955;3,69471586251711;2,8246897122076;3,78449333286744;-1,10998785654783;0,552166347752518;3,67727712532451;-1,312853761719;-2,38097351118904;4,97677874531655;3,98112477279847;5,23712147049764;1,00671531719445;5,90735553328705;0,544160537418975;1,91018724247169;0,831874667142074;0,477145009976539;-0,0493241930580552;-1,86793984644646;4,78550580644651;1,68968841925425;2,96182349242918;1,14592079746853;1,48980637045452;4,47081834934443;3,36873171525622;-3,40342876005343;3,73009412711417;1,86043280517833;0,655958262023432;-0,249069191291255;2,47969478785308;6,11255140317189;2,5470558909351;-0,242718795088422;2,27844362037149;0,864337997995335;2,7614068003204;5,73482203769936;2,65435153162798;1,13099147912044;2,2914784181803;-1,27222462443842;-2,52718333774374;2,8796288150952
;7;0,342432111182461;-0,431821804930223;3,06732178234779;2,47128973769122;6,41159565959015;1,61373319531504;1,11782810070736;1,17562373640112;2,75805369125464;5,11017798514649;0,953438422030104;-0,12386313099114;1,77375920216173;3,11571665393603;2,67103105562592;-1,07724908161663;3,15361666255012;5,44638403325689;1,43723874024181;4,13074967118337;1,90126665028538;2,00436879548124;-0,1742573711158;-1,12696944139543;1,10948999855191;1,62183449935901;-0,440312638689193;1,26579814505294;1,53947531478525;0,802358722996814;-2,15791947916568;0,865210025802753;-0,494779563933662;6,0960015205701;-1,35781704537794;0,665484212586307;3,11375076175182;-0,611571757202455;2,96593240496941;-1,03608359133204;0,586481747829566;1,81050577626138;3,23327257585834;2,14369223496851;2,11091790641876;-3,10510381816039;3,78700822300516;1,67180184212702;3,64736749959047;8,04989070945612;3,0746708701181;1,06517280937305;6,93862928692124;1,50889312878553;1,78501352496596;0,843902242715103;6,68887593544014;3,66744827570665;2,52591126280231;-0,114115252689771;4,60618355428369;5,78440224788164;1,36760842357126;3,42633463121592;-0,416649348353985;1,55741494721178;-0,29459166245033;4,13170324993689;7,83322029611372;-0,363239316125146;0,495938671993827;0,455766889559982;1,73508452602164;5,00564733396686;5,61345858645745;4,51316438249341;1,20213052096324;1,84383963902701;1,74628710388333;1,87730945190651;0,128755632337743;2,69997339445354;1,82464630437971;-1,47719074536326;1,05705760350975;1,56718196942302;-1,59527339108126;-0,118132472359775;2,92552237953623;3,44770805483222;3,36830936230444;3,48459873847241;0,985127484442728;5,04186844129254;5,4058666141741;1,34048286128655
;8;4,53507492771723;4,52686258672611;2,35309710872207;4,09391075178564;5,67349389565561;-0,91753598655896;1,69692289711611;5,75779987840042;-1,36313896398906;4,13303230869406;-3,358968476261;-1,66457252291639;-1,19606267539393;-0,10192656981917;5,32397223556154;0,04928137083607;1,97129323979971;2,51340127677349;3,77853198832918;1,86918468156364;4,13772659051938;1,27855046448212;2,33318225391304;2,93179752974856;0,504775698722824;2,26450055095347;-0,570322659267276;-1,16400957128735;3,67315166025355;2,39561230593881;0,940226058999087;5,46810927810338;3,2489153659335;5,94390501753514;6,26036614140185;5,47425346025329;3,94569383642011;4,2237099621434;4,52589949718413;-1,53662993279795;3,73725410244606;-0,440592153659054;1,31266354936406;2,71616691352301;2,1397402779653;-1,57475278073616;0,84957903823215;1,9242739235724;2,035911514708;2,94448917086402;-1,09482770778868;6,71224779463728;2,86784283054476;0,586079769831485;0,579486420788726;1,10833865539826;2,35740150297488;1,39656907786957;-0,750955012786108;1,297386184885;0,935230057322315;2,20751123795753;2,83144936313784;2,06239879422947;6,04531874689701;0,744451379231577;2,0991127498196;0,154593720355479;3,62916275116731;1,36497572536518;-1,32400029762402;1,19057677393766;1,74315964203151;0,340135547006867;4,31304491694118;2,61164103007604;4,48786967597971;2,8089892461785;-1,17106471517445;-3,6885580276371;2,34831966170532;1,65427298834129;-0,734053577372833;-3,03667225453546;2,7976605494764;-0,970847309920373;4,21330722791845;2,66916306570829;-1,15445655428675;1,24078630116264;3,46534764252738;2,67244103484791;1,37329441508882;2,72493768972936;1,33250676117132;5,6985125707256
;9;3,28951462683744;-2,27224254148814;0,822812911223991;1,48535575784899;2,71609046957838;3,50013179872849;5,17805015804561;1,59024820426339;4,29010176391557;-0,654097363468736;-0,854304656616932;5,45133516708893;4,41249026280366;2,95906738546182;0,149030617067638;-3,84095553642692;1,18359358322186;-2,95550838722511;1,66732842561487;-2,04668018515213;-0,902831714525291;2,16827649555671;3,51464702533895;-1,61559728789598;-1,33475268352367;3,86654840839083;1,61061724423689;5,6928815951419;-0,327268164456655;0,690015949788631;-2,07061879913181;2,62239353936502;-0,902546226817776;-4,00846187866318;1,9106512929061;1,31075536212575;-1,54219323674533;-0,451952948581948;-0,666124112742637;4,85984292749117;0,504335020323197;-1,91828600077042;-2,98616912540274;-0,862829677511854;1,49850660676293;-1,12151256648622;-0,366764036009954;-0,8722649221354;0,976538809864451;-5,31497755258488;-1,07409950108422;-0,975011841642299;0,899604000488125;0,581698993300051;2,42321398914282;0,704181497597347;-0,0704215312111955;1,64747955565235;-1,67665337700464;-4,98834765362835;1,96758736461106;-2,86817009821834;-2,33799640059488;0,330163691839061;1,39347260963405;-0,724187254225399;3,16586732697715;6,26634911089786;3,91806374968792;-0,0457622045969401;5,27673228926915;-0,437724776551931;2,1707205527191;1,46698891096958;0,122298561023399;1,82622776123299;1,87497069548317;4,91632969229795;-0,475135058164142;-2,56946478385134;1,09938696924064;0,9500598561076;-3,66154021528428;2,19459245345706;0,886470249730337;-1,42022244946156;0,0651329214001635;4,27551224978652;0,665177628912716;0,99040869269038;-0,195680307553175;-0,938157347859942;8,06812924318365;-3,55846158989971;-3,22615013843506;-0,308729898045385
;10;6,31315461287977;-1,59543319638351;-2,93969145342408;-2,56690310702379;-0,149420949180694;1,32448712262749;0,621429850518325;-4,8897158662212;-3,07558561123778;-2,01148582882206;-0,56894249911511;-2,56593265040283;6,1840034683878;-0,928388135665045;-1,9532567726551;0,478639361282603;4,4020929512435;0,600010805355396;1,35496574885428;1,48509495766075;-0,295565877504487;-2,30147083385054;-5,76080864338473;-3,15371167491958;2,99930185556286;2,56534507441893;-0,726994660363289;4,23318048125384;3,05438451381406;-0,659955900587647;3,06328813191749;4,51874411989911;0,843411589055449;-4,33118014594857;0,5560796431364;3,71668267839232;3,05975959172383;-0,13546678271814;1,01279072369243;-0,99871430219082;2,38105028674408;4,46042115971522;2,42313284029842;4,60965832493548;0,871410167455451;-0,761383086442038;6,5089956773877;2,19181008877877;5,17182895317728;1,9143557372372;-0,935886022424256;2,97778902461596;0,981263795210907;1,69562200874043;3,85842430480625;0,128183848657955;1,52257918185114;5,78710378607911;2,40247209499512;5,0541776012401;0,267558990119596;4,49813136012108;-1,50496849799947;-1,99315395098893;-1,05101538898452;4,25643305560425;-1,46809498484799;0,620071236193326;-5,39562814380224;0,289935495232385;-2,10011379660546;-1,54099878390616;-0,803185279612535;5,30087843745332;1,06702356366441;3,14360586408748;-0,238737751892131;0,850818453216107;2,41523423248282;-1,30461180432076;5,11901061144954;2,21677184634336;1,00510412821131;1,63227328363928;2,731883708022;5,6713969001089;-0,73471113439382;5,49942493656636;-0,261954846940625;-0,704404022850667;1,92420086054653;1,73110017535555;2,03263049518046;1,54641065805072;0,476698786961151;1,05537533955476
;11;3,97732123844025;1,89176035130185;3,70305060204873;-2,19225842573178;1,35883468592965;-0,681754516110686;-0,16639943009568;-0,990270526600852;0,777595503825069;-1,18954687394307;-3,37183427454511;1,27939956430055;2,11123375764237;-0,311429080581547;-3,93659641815657;-0,0891043052706664;-5,08268551992978;0,267791226802728;-2,26672791823148;0,577291794678786;1,0227052256846;-3,43458769065273;-0,335980595052206;-1,64379011629853;4,07594316973245;-2,1524372159779;-0,870166931326366;5,46832826101081;-0,657440783935272;-1,99603426444673;-2,60121265106136;-0,625490528668706;-3,13742823944585;-4,27365562433306;-4,22677074117792;-1,56292550330954;3,4831854137019;3,08427057455401;2,3502182862494;6,98722216477927;0,0404830316506377;0,882373394681963;3,02431348942491;0,006199912266311;-3,10645397635199;0,860859958300352;-4,94075332583634;-3,33638320257705;2,18174911315191;-0,132285059100923;1,87036435835626;-3,02835874304265;2,95365648320467;-2,47168607012281;-1,70795134823311;2,022058109932;4,84958451045259;-0,253541420181136;-1,24171846448689;3,72037485202645;1,86394310094465;-1,65466079922908;1,74601354940114;-0,467975828461931;1,08885967242713;-2,94119693062521;0,727931926269775;1,16175726009396;-2,637830216579;0,244902915405419;-0,819855309793638;-0,0574030998468515;1,77981600431303;2,99945306687096;1,05334174197333;0,216645708524993;5,1215183110312;0,698882995282474;6,86801139290901;5,51739203684474;2,03126279112075;-0,482984691487218;1,78279097368613;1,12309060611688;2,10840023761102;-2,02940322007316;2,36829579435062;-2,58968576019379;-1,3597090870453;0,950088493843396;-1,10577030718468;-0,827980648815355;0,529820787177414;-1,53222439820138;2,56424709566136;1,48471705444035
;12;-4,50625804731726;-3,36979893563921;-0,53280728570553;1,46612398124716;0,0957053788588382;-2,9631846860475;2,78945654232075;-2,76789877434521;-0,453264465017128;-1,98315228113734;-8,49883822444235;2,65461612341369;0,151736469826119;0,701128722184876;-1,61100528020461;-3,19155615245199;-0,379289312175843;-0,851969666453897;-4,60168973749114;-1,86805720957636;1,56391606540228;3,85272326367749;3,65586837895535;-4,45596159151683;-0,981511686276463;1,72180505051892;4,6876214320705;-2,70338931310926;0,872234516086337;2,34154852377333;-0,90850295956443;0,758751013736855;2,43216331327767;6,16205958049977;1,55235357236006;2,81270820853888;0,215818729566308;0,497505549008565;1,12588193127567;1,98104252021585;2,17971206963966;1,30979341811462;1,28724473218836;1,39327164242695;-0,871248447670496;2,70686125958855;1,05435433865205;2,64288652324331;-0,847329987273497;-3,55657472907205;-1,87891718873971;-1,29583452043653;-6,04298030707923;0,690916843209379;2,86718692039176;0,342868882425591;-3,31868590924842;4,59489436801687;-0,721762994749952;-1,26570863365487;0,176833231460023;-0,739080756441581;1,81709340192947;1,53079956254851;-0,384059251474355;-1,40201760572563;-1,27918645223235;-4,60127465043297;-1,50849515643631;0,239113341356642;-0,0387873561035121;2,87282139967829;0,434129293684236;-0,260379128043496;-1,95523953306702;-2,17114967200587;-3,57355907423562;-0,910649820104027;-1,99965258169186;5,61324218588334;0,664601081323326;1,26975558148433;1,24669023443266;2,92583283418662;-0,249087848338604;-0,0886111878439806;0,753854686950035;1,80121061645013;0,525736348080045;0,476196374202573;-5,63331307427916;4,46787706234591;-2,40474926826391;7,31657684815673;1,49894894639237;0,155192125281701
;13;4,15208720297733;-0,750063684478846;0,537944350719044;2,43090613702907;-3,19121171039251;-2,36839859849806;-0,100901814500503;-1,89160864937458;3,28000218993839;5,10476127912489;-2,47374988024148;0,521863229169412;-1,89936264894141;3,0652782092011;0,609084428484948;0,956225083070422;2,93015776440416;1,29668418125902;-4,75730017047454;2,83225207065561;-2,41340718661604;1,40486424358232;1,73667094483244;-3,48614498649158;2,77368197010446;1,79949434056016;2,11335939467335;0,540486773757493;-3,31390032676336;-0,875486732225454;-1,62105318869089;2,19395711508787;0,762776219665284;-0,730073005972372;2,8375437517202;0,68375083859064;1,07290776879927;2,40128990471521;1,10836155702873;-1,80394517756031;4,94904642197616;3,71986712423768;3,13539516528772;-3,13192155755178;3,45263327675002;2,72576879535382;-0,8846729388938;1,60645027897817;5,40957981913789;-0,899630483856981;2,29208957505216;2,98336358137612;0,289317860110714;1,73685752594429;0,426868575749268;1,93331323714801;-2,65944439810528;-5,1918414521906;-5,3923404105858;0,775891915966895;1,09051050595053;1,20001316507251;3,29412481644385;2,67478891110159;-1,45087008490009;2,07910590350275;0,0103772858337834;2,11329067831866;0,553432874187365;4,37043469140008;3,9870473254432;-1,24043205774251;-1,92378430962071;1,31304900796067;0,802727140201569;-1,45993588312922;-0,683145896539827;2,92974684610954;2,79463512792063;1,96323931655252;6,57401025494437;4,0460070179688;2,73224448661176;2,56050359734809;0,0848954128409787;0,591316422488489;-0,939298256136226;0,80365694830698;0,924597471008838;1,01266030361012;-0,76786068933643;2,06530558446002;2,61972498806335;3,7636430269622;4,97830868895562;7,33655914550263
;14;1,21220941051888;2,43656031074943;2,88440147175288;2,56981912271704;0,617238964983699;-0,327025301442063;4,18407915131365;1,7189797154183;0,26443030141445;-1,5192457438593;5,15443173714675;0,571334660427056;-1,42681499104583;-0,67644114218956;8,26900283384111;3,8179520489989;7,45071425628294;3,92179429385487;1,84122587499269;5,15698130640476;0,625932310736061;5,10690403731269;5,61076815987144;2,87061860078165;1,4481782001485;-0,473303091621801;-1,37938848265867;0,0942562883883511;1,7369017371152;-1,67242650708477;0,913046081385801;2,39698678307923;-2,45637462419836;1,35223327133281;4,03181812367529;3,34025034074557;0,513024547257828;-3,17869664809632;1,86881119432064;-2,76251668885834;2,47878311254408;0,891551358295146;0,755357669524528;1,48670344099764;-2,37625531973345;1,55052455830082;-0,800167774400961;3,0810444527001;1,7764784130668;1,44257749515418;0,619492629874458;3,54759403454045;2,63119662855161;1,28835004398979;3,0722518487496;3,71040037416242;2,40177995212707;-1,82589714280903;2,2481238437731;3,67202913669007;3,03055163300724;-0,471059776777565;3,26134091359427;0,392391495256561;2,79274303815919;3,69820895044086;4,90098345934621;0,895838693147653;5,87394654428681;2,30400106418574;5,47787355584614;2,32081700744402;-3,8454890073649;-3,32665900944494;0,107269690240628;-0,917454775215447;-0,878119757216609;1,53078345081758;-0,239494002268202;2,65112104448099;4,81391588621045;1,28138988633555;-0,28497128066283;0,606354654044026;-2,08811231110894;2,33732548218086;0,731930403922888;0,663785232355167;2,28475287244009;2,17012453627149;0,130832852807998;1,41204505303631;0,211374702402281;-1,84899871345897;-4,2049545863033;-1,71656016370844
;15;-5,06401173659424;5,01726479951049;9,81573805418566;7,81742139099924;14,2379336442273;9,280225316209;12,106003444926;7,77191546525592;9,75227330815733;10,2588041842905;12,3365693510259;9,72300374331735;0,529700956061333;5,68218402529601;4,52557781740734;7,49454664086215;16,1603094886354;10,1580251481864;14,2594405197069;11,4606288821533;8,9187336457253;10,3974528591593;15,6070407632269;9,83263676333399;1,86768197657648;1,95650406780715;6,10910701591956;-0,117468492696844;0,389162855743052;1,22072117406742;0,502964401185636;-1,55192053422661;1,16959128833651;1,80511279525444;-6,01836986842545;-1,67684406938815;-2,01847484220389;-1,35172037786197;0,526502076636916;3,02971138060684;-1,76665426771524;1,63437790021317;-4,47580107418162;-2,3548069216049;3,23531117808488;0,230517151233926;1,51682214360471;-1,01441350970845;10,2017258375236;5,70284834164249;6,99880649943498;10,114320329114;3,73707449953099;2,53292058177067;13,3880812482676;11,7005902721021;2,19447730697084;3,56170342042014;12,0949961835681;12,0592795329526;9,43530080578512;2,033008891181;5,86834767363871;6,79198967703906;0,767497088841537;0,389292716854925;7,22985160120106;8,76767945462234;2,69532580248506;7,04027780940896;15,2572896107235;6,99723339138336;2,86192780924648;0,139662487767964;-1,73230875430681;3,39506652636555;-1,13985082634235;-2,18032200937887;-0,345242891857652;-4,85983454751704;0,00483820997305884;-5,60981216299433;1,49012164954411;1,85823232896246;4,63147746106051;-0,844679084518248;0,786901387023136;2,29499644493808;3,73584404485882;0,356364076510545;3,35366185409794;-1,73933703846114;2,2816284831797;2,69087174944525;1,87611798736543;1,10514243134503
;16;-0,582086441503179;8,21681230408149;19,2695750796538;15,3913059778852;22,1188932815512;13,5679639137907;22,9453086652852;8,05904123254004;16,5625720278686;11,0297919205891;20,9253618139423;18,2058294756298;-0,967455863476971;10,3077610187747;15,7317553649532;8,42532798151251;27,6295701734957;20,5193783880586;22,6309839960195;22,9146069971234;21,8629214849843;20,1816795399113;26,5897385792573;11,3825043709999;3,65505248974841;-0,81548290003775;0,292004402301245;0,632361295474311;-1,65351060359035;3,4837637330229;0,318573938757254;-2,82062579241119;-1,40460855871515;2,1402550387561;6,1580990888292;-3,21178974110853;-1,19973300202491;2,51196583104365;-0,132863596053994;-1,26548873360389;-1,64907326441744;-2,7456218024904;3,43046253039074;1,49017338855265;1,75459728165106;2,54960807574389;4,08436493615363;-1,36595892793002;14,8052759579637;-0,00682628561162346;16,0188385583183;20,0571497504275;7,07612001172038;13,0395549077298;25,7157734160855;19,191320717789;12,7078057028198;13,101483215728;21,4436407941048;24,769591509928;19,3221818349384;2,14907963649921;11,7729627196791;16,6737130293768;7,48025585618234;10,6394244981548;23,4699848475889;16,3908793433061;1,054230514354;10,8451879319346;25,6168014813165;2,62433124962672;0,413979559817108;0,637620727434751;-0,497057711182151;-0,0820552010218307;-1,68898515518913;-0,833737098520487;-3,15463915361715;-1,03202372594114;-3,23991062193181;-0,651112713523162;1,3493463527011;-4,50965918390602;-1,81170385033556;1,68911701071738;2,44619011948771;0,158364347924817;0,799989344463029;-0,0766088555169517;2,11178675939982;1,78446900448535;5,49502479161674;-2,84279680397322;0,94363608081494;-1,90601774610423
;17;0,917213238187287;16,9716137025944;39,0728817712293;31,8838810560383;41,9526765258211;28,1388583003618;48,0495833515984;33,9206893988685;32,9861910665777;43,0772283856109;50,2534729159038;42,1496803176101;6,04462747120942;22,9713664060441;28,0921326234852;30,6358551614298;51,0516561033342;40,6271830592227;62,2399808935652;48,4899921323158;41,7280286421392;49,1825718788155;49,8396784142728;35,4067271514546;-0,0773701723783233;1,07396478350711;-1,65217701781512;-1,23461739923505;0,229612000514862;5,67982295588217;-1,91860608939351;-5,37772489231384;0,958283399717857;1,01464776107059;-0,714383882634593;-1,01743568795382;4,08401463141809;2,10455466145322;0,113347014196734;2,49027244266199;1,69842548354291;1,5434858823769;1,19221928525803;3,23069572280792;0,521327233619559;2,33183742024175;0,765735354496428;-0,234768306373553;26,5920294137159;9,91421550578661;28,1898055731867;37,2636196152966;17,5079672786983;17,3043912295839;49,8631895848362;38,9505375967178;21,7745490784037;28,8134300073898;55,7628049579762;43,546982547542;38,6400882235362;9,24972309263012;25,8735619365907;37,1545029617819;18,6965008609391;14,7774368826786;47,2360300207924;35,6242002285744;13,3356682188801;29,1905158744139;58,1342670044432;23,8259806325791;-1,2212317175381;0,358095313563808;-2,6271621962137;-3,10161034522798;0,768047175972697;-2,28651542409216;-3,79952917330274;4,15959208749655;-4,31892379781266;-1,31630281159187;3,28217210204639;0,681919969297269;4,96008064040279;1,61903811901902;2,39417120720964;1,59192532354882;-2,29451045956512;-2,53528954833746;-1,64184441782027;-6,41168839135389;-6,22922402905351;1,84091348663696;4,25212997343442;2,53102135455947
;18;7,5668094599273;36,0784985312685;66,431055969716;67,8058641012512;72,4929565842635;57,4251357158955;82,0732251402314;51,1922498935451;63,9263084925192;86,6586876792744;95,0984150250315;73,0161375912667;11,8496391836725;47,2350395139633;56,2579024664001;61,8456838503748;100,221765273887;71,8358590746152;116,025198535403;95,1359371381764;82,2315378684452;86,8685875881233;91,1660068600354;65,6330228695447;-3,75620117324388;1,16552253657346;2,42095825122624;-2,02328748886475;5,7657300705132;10,0963792464127;3,71571010166417;2,78434436224916;6,05476517471334;5,81448234733671;8,388208653123;4,36949759514482;0,711837434957488;0,148602672879406;-2,71459017935285;0,846804026095924;-0,234843245747015;5,40040336724223;3,75116280646807;4,60363022107413;-1,40663828540846;8,1053079891949;4,50132336955494;2,38203393682761;52,7916772562658;25,3672740870988;59,4367540914836;76,7237846035659;26,7456784338506;34,4055735552834;95,0565450509034;76,2340469626702;38,9082675701443;50,674561908992;108,421115401963;91,0807155518983;84,1264837339927;21,2135498613843;53,6377728538414;72,5858818215197;28,6269656780219;34,1958271379967;88,3830557472484;66,5645910074531;35,2072474135616;56,2726375927527;111,488044195089;60,883970417462;-0,779533574955167;-0,970786000791122;0,814734198920178;3,4560496285103;2,9364575205268;0,491856046285648;4,02863397475039;1,90427432516481;-2,80817132621678;4,58790873096859;5,87308081074707;1,34149637689006;-0,537579143885978;5,15026873943953;0,898677844029407;-1,46628078160074;2,86053546935182;-2,10269260905397;0,911172286097553;2,28782977122455;2,25177692536454;-1,40858707924281;4,38191541005062;-1,12383447595357
;19;16,3179783264768;63,079564901052;121,765755858499;115,721338446378;128,492603819554;103,486213756393;154,574837214934;95,1836661605839;111,629283019927;158,559134918622;170,082229316721;124,104523866958;22,6336377223388;95,0267226758751;100,291983875355;112,419132818717;173,134380430633;121,724530833975;208,69804119443;177,478798921284;153,299986197185;165,281855927076;173,6761230275;113,869177040393;-1,86496280746769;4,25124850685552;5,4306324382319;5,62138873764661;8,88486897721577;19,8992208889504;5,85447383398696;4,5758844304587;3,4398744417249;18,4317186807989;9,3718864097159;5,98666486981983;-2,25401621720994;1,80495717886288;3,31322968244694;3,72408112603262;10,8240041364961;17,8871259425136;5,21885827260894;7,48827355059802;6,96461337647133;18,6081701177914;14,030739007801;11,9472856564357;74,6034208130513;43,8673936325449;103,2285459536;145,50050611917;55,1351951353518;65,5486833334112;181,959203272565;147,349089731859;76,3769316706216;98,742953054073;181,669166622633;166,33366037637;158,579173664316;40,9406669035297;97,401186604849;135,476721177415;51,9556264055541;56,3195473381934;171,610283445395;118,601875445134;61,4669746393856;105,56873803498;179,392932931761;107,480448060073;8,21397113723424;6,43616701447263;7,80263834593188;2,40812258809956;4,89500309505274;5,23993391224531;4,9612403933138;5,49323947916355;0,435610779408307;5,22453892036538;10,7491024335154;6,34924657371403;5,99847035902576;5,83114091536845;6,83912471225767;0,625365449081073;3,47094883477121;0,603317466177486;6,85371220953812;6,17800789033981;0,814778469286921;13,7590693334396;14,9686212868164;0,632457074044396
;20;36,1563931793921;116,867273276633;180,818060244919;181,266347206904;192,667308519294;185,42344267506;223,626070974198;170,321679249232;185,110849920249;239,458255252993;249,926813926527;177,434961373359;40,5640069839433;172,913810094695;154,717174472534;181,778525521779;242,907392628254;177,481047562823;291,891057383247;267,869970572541;239,799304387809;254,58981140417;264,834162691765;180,67604777763;12,3483356270931;14,142832907708;13,4183184699314;11,5988465820542;25,0746100070064;37,1111907713707;11,8161400670278;14,4863392778329;20,5698217585436;37,6032682152509;28,3135048536601;27,8727227559284;4,89678202378218;12,7750663045194;10,2336451166534;9,30571318933744;24,6683736928153;38,3231165142092;14,8973605252318;18,5705614162198;18,0414387286064;42,4044176445118;30,3389573397139;27,7007450200281;95,4166208066766;85,9861965124142;180,777122636518;218,975907276852;98,9347820931907;117,382363226048;283,233251448575;231,447392530531;150,203387515209;181,955608957149;252,561337521301;249,936671846336;238,846734568751;79,7549969669863;167,937348875137;202,943473753587;94,45120489284;113,267900858022;267,772915830576;209,67644456179;123,511691972194;191,266666886186;244,324615553682;181,33870869769;22,9084364837827;15,1569076144638;11,7695622842016;7,41629319706681;5,6577338475613;16,9376799814995;14,2621131122246;16,7421468664934;6,58264407644174;14,0178644224397;21,221030432941;17,6639084133649;13,0324916681711;12,7506760284232;10,8344834680311;7,06469797823956;12,9751435344301;4,58314088422594;11,3515732805326;15,2580125871968;7,41674630855368;17,1967231992858;30,7449099959463;7,26389991943051
;21;61,8281224066509;184,733005292894;233,797230346424;240,234645118389;253,59730398844;262,088901274894;284,007399812467;241,75146500207;256,048565935817;318,566621712259;322,953804286269;222,686811826536;74,1530667869361;250,53435529527;203,380080435162;245,160580562384;302,539249553667;235,41439864899;364,496634262122;353,523510288819;331,202989422265;344,563725450264;348,89868736552;239,049678586442;17,4713939531484;35,2120928299792;25,5842877627447;26,7053000499886;56,3719332796572;59,1052012149744;32,7535222937013;29,5066722191282;33,4556745623236;73,2622425745931;53,7316817231708;39,1982684164495;12,9789313522042;24,0725254721592;28,0302230403108;23,1642070364278;51,1372913313967;64,6952820095526;34,3758894256416;35,8656752089523;33,3214093703605;78,5497809769176;61,4512949194991;51,2835496543139;114,430423847006;153,569748442914;253,710900039626;294,115639962879;182,241131217083;213,114618127155;386,837314229027;315,222283161182;238,865764717258;262,125624603427;319,399170212001;329,752168597631;316,106599492396;149,38826875039;232,566775960498;269,066815230479;168,658810985656;199,284219710416;362,757818457269;305,55487048906;224,733395059983;278,378846278348;303,82251848156;244,924267954991;35,3304636758944;27,319089199385;38,3967627325624;23,9319268232111;22,762860925347;27,965613753383;33,9662822882356;32,7592013284884;11,6525665503009;42,8319477416521;49,3106305727265;37,8579706099817;27,9887252368389;26,4495013258997;27,4546340514448;18,9034781097898;23,437501313043;14,4874394478024;26,54205657172;33,9930154322265;16,7913178168892;42,8992985729183;52,0644560801929;23,5235289214652
;22;115,441605897176;242,567076266539;278,159031162581;292,371659436606;301,058096402018;329,225790546792;330,490290766324;303,836464822463;319,073337437113;376,687378041364;379,800656492349;263,84439468122;119,986602138829;318,937512087169;240,2727687528;297,481556289076;347,379016700218;284,550333570524;416,412133703285;420,527609813869;410,223441204935;414,521761575916;415,688576825619;286,651474216555;41,4856794390371;67,4895016120217;54,3680840421498;46,1348209704765;106,77039010364;119,133912252053;66,538978180085;55,4570378966469;61,2402315106415;142,020335066673;107,263250666243;68,9675717979294;24,8459339524297;59,9643792813745;54,9192280986467;51,2245224835247;100,438099964234;126,550458573951;67,6892247010187;75,3231041337699;66,284625501236;144,734599850464;117,83956839406;87,7012747174431;131,762630183644;223,508782953548;318,766751893729;357,944699944656;266,182040998043;312,547183681074;468,336520949134;383,478316631523;329,76110189285;328,879168499784;372,124232041804;395,542074772016;373,976930683202;218,23782609405;286,69598234879;322,429847721534;243,225462586669;287,809420141914;440,267159275399;389,746280303208;325,86760546908;353,304411721524;357,426257796706;297,519028826671;74,1447389084096;52,1197023708519;67,272524607291;44,2453488986134;48,0797647508807;49,6742223352967;64,2341372791452;64,0164392896518;32,0016567160019;84,5611357949733;88,5788873577276;77,822939624481;56,9232620701782;51,1312427629814;57,69869975048;31,4788453703959;45,8026818437179;32,4455587016769;51,9281682909823;63,6985147225996;41,286140878919;75,1074409714843;101,497122124123;60,3959646230828
;23;171,48358047432;288,857520542999;312,062675135029;334,843574948997;336,011798461123;379,813775540614;366,261090064028;354,03622975026;365,965598440145;419,375323649016;422,270758070765;296,71200771704;163,309529145341;370,266582498001;268,888443126427;340,496136821359;384,931241133372;326,635345344434;460,978298456831;469,997634112668;468,881148417071;463,486332725936;463,442928506189;325,621578579099;72,1851957721851;124,71134115265;103,723766648986;96,7888755582712;190,954226277528;188,111743472369;122,643233251958;103,069314343692;112,814588650006;222,595902552202;189,263509907078;131,85666426761;55,5893466826933;111,71042831723;91,4625207425615;105,674929414156;171,657322488225;198,488820596863;129,427131674192;135,667573973029;117,887795349359;226,353683521063;202,771961903989;164,306611795226;150,473245773387;289,851582767367;372,760823269845;414,096446231709;341,105799872241;402,327202738131;528,68014613591;429,313700397919;404,878254440363;375,462334683681;415,210153843602;445,847323250049;419,243934259283;281,564259543512;333,896696825976;367,441715088261;313,219424591883;369,056007605467;495,324694443778;452,099250578398;411,937466653943;408,335820214553;403,475136182539;339,835665148325;124,820672218342;93,8647886329104;131,377245903906;90,3051333348021;92,9289826686268;101,990205236471;126,789742164296;123,804579913085;66,3271313871405;156,935075930238;162,745185070448;127,63904515943;96,3788462038897;88,3320114601179;105,083678703732;65,2171856708269;100,024180241404;64,5767668376225;108,420839619825;123,734731880707;76,5528224537902;148,087973926515;174,652409621939;106,541231866057
;24;219,254301808481;325,137509518725;343,951931267539;370,953255495303;365,733023940825;422,095168367477;397,994413868752;394,34408321297;403,973184151088;455,179742387545;460,58086274459;328,62950703632;202,270882428608;410,306672948768;291,084517551546;378,536854420339;418,507903172968;362,940022042537;496,966094352083;512,220790306507;516,447554505126;503,386667571406;504,537107320576;354,826438452939;143,519462139308;212,863953134371;179,792314970093;167,242607687413;274,866864968477;261,779652949902;215,23036404571;176,759495842522;184,625393101006;304,700092803042;270,992902918483;192,486736722508;107,912744064568;185,405825380505;159,592960298583;181,278205239461;244,383061331676;270,685403103876;223,519993767169;219,607209067578;205,045917812394;308,804848447738;285,313874984277;241,591274533645;170,357335454321;343,924655820056;421,211157015861;464,818689741494;400,467159066001;472,582254495869;578,295487519238;466,185596306624;459,103999847504;410,783087269757;450,449104598665;490,087706089887;456,707517012044;335,415100367856;375,930502859808;408,23208086104;369,525305726173;429,240081460338;540,827742949002;496,748674792749;476,49429193037;447,515986208621;440,591484894686;377,563475943978;177,789057369338;158,217120667279;201,398402844889;151,505587040425;159,185475572836;186,957500555619;215,963772133221;217,851345850461;136,209866426512;238,631955187936;237,402388890215;176,54029008945;146,605645875488;151,163930682227;183,943474214816;114,281449184921;177,83176216934;111,865482098785;185,92921823304;211,863955611369;149,794646362272;226,757282228745;251,666110378144;167,481618409076
;25;257,00222479235;359,784516552227;368,97101324338;401,598443579767;392,862135446721;456,819200486148;423,768776652351;431,263106915718;437,063498256215;486,211679410762;495,41472575173;354,24151196116;237,195091553036;447,978333515989;313,819375162759;415,049410146676;446,891774439899;398,938914577132;527,633879062426;547,880346812696;557,586047429926;540,533142325032;537,600579799918;382,748742185997;218,086554422568;295,504911499702;255,674214014181;239,716479563861;350,814828570206;328,507586849021;305,025073486203;248,038692577257;254,327064345934;376,015090871507;344,827499796675;250,735361542859;171,039423044992;255,279761421931;223,819130273686;258,012275829473;310,992116157212;334,961178090314;316,278429372497;302,83015536365;290,93972841795;380,396618539406;359,908337539147;310,66556306309;188,976486729047;391,802484006684;466,220175040536;509,244472173066;449,350184287544;524,450501634509;624,837183889843;501,941023170251;504,047235913637;441,725239849596;482,465628851262;529,595178169454;490,70346614761;380,21067011826;411,768340196149;443,772620205161;415,488618375439;476,879272023895;583,817185301675;537,483438414542;522,025375547906;485,860155798389;475,225250235353;409,848815506324;222,618574508356;223,634659136936;272,965740565408;214,844217169996;228,823414903762;276,856802075228;302,476508649833;310,581236735776;228,153339331396;319,107452887562;304,82175729817;220,791369119804;191,832858775495;217,132812280974;261,967950617007;179,22870271777;260,168692228759;182,728801163573;261,066187806812;300,74375042723;234,904966367188;304,634602889327;321,616907905741;224,289669226763
;26;289,868344381391;390,061946564144;390,299846371788;429,437612622053;415,429370452104;487,800030991309;447,44627528828;462,810298064786;465,31172942033;513,609869025377;523,689576341949;375,164162042451;267,583611936921;480,198862771654;332,98608254285;445,826293876977;470,38488559859;428,921899986945;552,894922210066;578,526729277432;592,971275028064;571,917733875157;564,424590954071;404,523680593402;289,391906887274;366,989320980003;325,531533660075;306,169755247198;412,742502831088;384,613036040696;382,78762084382;311,309958593545;313,690851334752;430,051833238529;401,27033375842;300,139305577278;226,269790857042;316,3003756786;278,54401696485;332,701964954332;364,456488453138;385,312614572978;395,804617068083;379,498792058676;365,269608279811;431,474000636729;417,990947633373;367,909040042909;205,735399307662;436,930746985549;504,285118177454;547,794528209075;492,182370274788;572,65915264061;662,088147069541;532,643930302756;543,872138869843;471,858063988308;511,163564060275;563,213937322344;518,539161375515;422,874732908999;441,310050941584;476,34034603541;454,3238958115;518,130128872712;618,894916376027;570,709551013768;561,820808989284;515,534792459301;501,176477308983;435,951535469214;260,981197524422;284,393643338103;333,761896810717;275,827688343547;298,632696314544;359,991427383564;379,78980743023;391,550167798103;311,381820378266;385,44426644152;359,722374123453;256,044341013404;231,748612994852;278,56143802316;333,258312766042;237,759982016474;336,81847074444;248,647880642967;326,679945239393;379,675320054666;318,360968607647;366,31082425228;377,945848947022;271,605051566461
;27;317,11192537579;414,31026968972;409,404271193257;453,913515998123;435,574844768845;512,36135645144;465,195087729878;490,092367787008;489,066936166015;534,190109153038;545,519002334935;392,614508276608;294,06182257982;506,433754235471;350,944392257749;470,967313972883;489,967358828686;452,437442683037;574,495574574899;604,224772268377;621,722260226368;597,784922644064;585,657016519013;425,243780416858;348,217533207069;423,826458264447;380,382625113083;362,473182731665;460,758443040177;431,837895282097;443,678154379862;361,913079727472;359,90972532633;473,592603177931;445,001145875366;341,328568478132;274,738772212677;363,273895588775;323,394238747041;393,453926401959;404,775945320299;429,647872313197;458,288495299598;442,054366955826;428,222954694202;475,939490969204;464,027123359573;409,764739915334;221,408355793883;477,579642636469;534,222635594761;580,485453880064;530,885287641219;612,350552817312;693,813098136879;560,640630352666;579,313789603173;495,063498665848;535,018375881039;591,153284841609;541,724372742017;459,023016427857;466,647901844665;502,400981889241;487,391772031121;554,744238480931;649,852394546859;599,451579650343;595,025957689188;543,690261502127;526,641527549582;458,700009109333;293,130284077557;335,269677898435;383,243099719979;327,295940658441;354,850122028475;426,648502116197;440,244498582192;453,427460203065;381,198010835412;434,388665113981;402,629529399398;287,268870869383;265,932716129856;327,860675448782;388,014245151384;289,898012953681;398,313258283838;305,756572732434;380,089893895418;439,138501036503;387,730562199746;414,530952962083;419,793583390456;311,944792486376
;28;341,105841583446;433,556854042559;426,765181652638;475,555623227529;452,172676010796;534,688476280951;480,127395530647;513,568566644849;509,042834273918;554,414843684501;560,871090094743;408,597498143455;315,240883205146;528,267060455909;364,461922306751;490,494044524173;507,692388887096;470,920771273006;592,916271038221;626,532827932252;646,417745483784;618,847836150572;604,187150934181;440,563537627338;393,0300950434;468,98875447574;422,910524756382;406,725114854369;500,887086080666;471,035642982109;492,52188246023;404,108129366418;394,072712842935;510,752658163998;480,805329085873;373,789954246378;309,44438542732;399,251503337254;358,163336130353;443,30616574807;440,597238993953;468,97277539829;504,784168419837;491,546966051692;475,762324241882;512,495991243777;501,243434086058;446,41354102439;233,546709409067;510,227416425783;560,31056642764;608,056947041196;560,089906159518;646,510828150435;719,192143077883;581,547391877223;607,143959788765;515,014826984744;552,282109741114;615,308266996327;563,800987968523;492,35041731606;488,473038499661;525,299319008977;515,664423068503;582,60403152915;670,313076644595;622,193847448643;622,96680249222;565,696966919061;544,074810930736;476,302756630358;321,740793154051;375,841722886906;425,53356862695;371,301947098894;401,538659089986;474,896054510742;487,710800542366;500,096409800574;433,672944715248;474,701703894255;441,791618586544;315,0775907105;296,814509133305;366,776786980971;432,636864921069;331,162671479581;443,014148016018;348,007387007222;422,354505044777;484,614587306362;436,439572293196;452,508249132677;458,505688710758;345,877548818591
;29;358,685170206538;450,672057146487;440,698065712518;491,48833971441;465,52212889272;551,100669816953;492,901614021872;531,746754663067;525,507136187;568,405190124679;574,07412985549;423,144841958584;333,688178478082;547,438787501049;376,780375247752;507,499663793408;520,794734589884;486,063505048107;607,190756142186;645,202967848262;666,945501212692;636,995209229553;621,951573400197;452,030988466842;430,28102154846;505,118112931753;459,037598813658;445,48270917492;535,459831861293;505,469895050652;535,134779329472;440,383423315268;425,26794719249;539,681148686082;511,68394650382;402,981025207443;340,577883216962;430,031893141298;389,184919929997;486,429096646448;470,262596852616;501,471850792966;544,68131724566;533,061888844093;517,347017869226;543,991233097891;531,914157618331;473,184501500444;244,060962047311;538,265100345718;583,48708358438;632,196074701041;584,881066999253;672,465481411837;742,557610870211;601,237581589875;632,234078920846;530,73712307844;567,839104849436;634,354003717613;582,493491474252;515,747009538394;506,301100900362;541,455369306255;538,867039143338;605,192555033553;691,391888209674;644,861992219453;647,18644976821;585,777890485302;564,758314825332;493,823060755507;343,892753002083;409,281120549993;461,549559223018;409,125346932115;439,391267547976;516,085737076974;527,48403760802;538,467890502684;474,444293099118;508,648462917454;474,491622777004;340,802420063265;322,284805669488;400,040761542713;469,513764581464;366,455066852798;481,191051065606;382,993927462655;457,158652428886;524,176056334509;473,151448321104;484,929384264197;492,187395396254;376,023217803647
;30;374,862376012118;463,984850496235;450,991039151088;505,983610687349;476,387824955222;568,199215769341;504,150782639209;549,88883969664;540,564911264598;582,70521285781;585,914176035859;436,928947942038;350,575576807074;564,156945201418;385,30132778935;521,412467234532;533,230345933097;501,586162570055;619,151795141628;660,45646141308;685,199682518888;650,994788728466;639,583345126703;464,990506508866;460,537457002244;536,80194947522;487,373441415912;480,184062037034;563,962232009494;535,651268875324;570,578852309973;472,743039102295;453,090160427263;566,103492299739;536,7857619945;428,470659195761;361,249326130069;455,486466559468;413,83438835655;522,898993694112;496,173870353248;528,8507272273;577,899758085474;569,829032812668;551,801817271402;569,735927264802;557,810778458566;498,66701632302;252,008402424186;560,508370835624;603,177030818393;652,108517448288;603,334654159818;695,918664997343;760,890287361745;615,96524372002;652,488480042306;547,451932746156;580,044966829769;651,301270313151;596,070469526648;536,913723766502;520,327540214135;555,000478508512;558,88534628423;624,95976052409;708,099208370528;661,792964329038;668,146828212742;602,608259799132;578,915833897801;505,846820708322;362,637222509513;438,81810664462;494,499393117102;443,308842859803;473,459498940591;550,337844115192;559,724628429179;570,03357011807;505,900265661562;536,892541160272;503,582008147386;360,614790641066;343,769115796652;429,984388221155;500,136636801152;395,164997950192;510,635278393963;411,735588954699;484,118995726183;555,052778070718;500,166892599751;511,244861520967;522,158967402885;398,386714221266
;31;388,058073865645;474,478744186155;461,262739270282;517,729784813579;485,244593505201;581,423154704404;513,710427667213;563,18848243053;551,047555800624;594,115933738511;597,102751660843;447,232472078357;365,620400970968;576,431427836278;394,628663200988;533,447735505086;542,789714571379;513,427232207605;630,605747620339;672,40914668933;699,281430578545;665,988834942446;652,674934974018;474,587895716916;486,210109385035;562,395763572183;513,393887825788;510,507202784831;588,454580995585;561,406260636439;600,541220590366;499,905456341664;479,520689933617;587,841184597386;559,208380648629;450,256691652673;380,773931862823;479,295447874043;436,015043101216;555,914967859489;518,657542149176;552,416236820752;605,654569098037;603,584584123129;583,678236012126;592,149154803855;580,323364068477;520,642636508951;261,488981114854;580,873784408652;618,466938216204;671,776143689432;619,170627452419;716,127917888486;778,046092534358;628,652970538619;669,104964104188;560,646935892618;592,474965826807;663,174236982128;607,322984176615;553,12423828567;533,798597726917;567,867854650059;576,342580112415;642,420218384142;724,465934664873;679,688176554816;685,714506705346;617,665928087334;592,133029128004;517,858017488573;378,684711915825;463,97223215518;521,958892123543;472,73313910869;502,728890232777;581,486459344549;589,334354578446;596,502984675969;532,838362829323;564,147699569211;528,224714039391;377,533233304903;363,681984765719;454,258259800838;525,667539508412;420,179587137161;538,587087277189;437,158333304753;506,740779051716;581,477124705193;524,358979767512;531,995822491543;545,453491894463;419,192186191715
;32;398,43332221747;483,16735685416;470,955605950897;528,240544499847;492,979456778163;593,564727105501;521,36044734138;576,325656321734;561,871224486874;604,584436516171;607,73405880253;454,13312439688;375,615244931497;586,244110862834;401,047632432829;542,776007836072;552,952313709341;526,353507339065;639,85649519451;681,711997729428;710,07797302558;676,699796477436;660,248713740644;485,22215891509;509,434316885502;586,815001255011;534,924754221498;537,615143459338;608,834155824748;583,088060573583;628,317618139018;525,569943407013;502,770959451702;608,934431801866;578,263026397408;467,72002508831;397,416497576325;499,766718058625;453,22929342675;583,561512423566;537,378804563685;573,791816169687;631,849392616475;630,928762398608;608,565205366336;613,107897768149;599,581407699162;540,195711213318;268,127179372732;596,623262449488;630,274965006636;686,455772305852;631,529110426258;734,339998234981;792,074462207013;638,445677843425;679,77862345107;573,223430966027;602,408220475769;674,152823971535;617,002628351647;569,776616900836;544,562662316529;578,124345072315;590,046413207913;658,517666737982;737,433624772786;692,47254532391;699,638355123692;630,988550787297;601,688710079587;525,345101639003;391,890142827554;487,058893050343;545,980240682411;499,459720507473;529,002375743186;606,600052573897;617,047279648349;619,591431961627;555,768841359769;587,855501152781;551,802379676294;393,549423473208;380,380345401536;477,309730244123;548,491765583184;442,833653507297;563,044108118399;458,09265690497;526,992669924618;601,384968109542;547,359275591337;551,178163053412;568,103266734621;439,199791911671
;33;407,981611414456;492,623216505149;479,541397401885;538,322746491109;500,526659640228;601,875650934162;527,649108568539;583,227713187704;570,199400590735;612,689236477541;615,98834369564;462,133739526222;385,111609774347;595,081212089099;406,127459785903;552,516653485633;560,199429898237;533,517832887833;648,389887227582;691,401016160143;720,187805802172;687,542612093839;666,772340105603;493,91264950534;527,172890510055;605,104574154277;554,144536897851;558,09901004953;628,080367270198;601,696920685895;650,511571589093;545,713057174321;521,997833119592;624,752113344562;593,841433540532;483,393000586432;412,33024875274;518,176408858363;468,075158806848;609,216775153501;553,819536425852;593,688220131875;652,229844149332;655,471219797747;631,123395426085;628,514742047884;617,38230852463;556,540158600817;272,743005130483;610,578087899745;642,574031308539;698,136672953705;644,440134832761;750,630714042433;805,122909994468;648,449196022254;690,094043592244;583,436612222255;611,699019429714;681,922416313924;628,561688130762;583,031632902154;555,576681243583;587,295725856657;602,353953936705;670,307304230798;749,014082182706;702,927753095468;711,846800567359;641,570725731558;612,633219431557;532,754464776299;403,195319080051;505,93811367632;565,614451862378;520,612755797592;550,753353727944;628,618773107664;639,965782376935;640,342086193501;575,613455111993;608,485410540462;572,416211533276;409,522371853433;396,137594347007;495,890841998339;568,535953687587;463,868117493292;584,528370882439;478,952806180554;547,564790826308;620,974120194467;568,149238915521;568,728334992251;585,315283104041;458,2227469109
;34;414,898552879489;500,134942285743;484,856591080458;546,281830113699;506,747380608035;610,099797938362;533,509253714503;591,650084807751;580,892471344366;618,692543394095;623,1045822336;469,736379501606;392,252461750437;602,600458565687;410,34041191296;560,335194532598;565,883799682024;541,833999226118;652,019372096092;700,678763399163;727,627096824137;693,538721072353;675,625847284013;501,469781560057;543,628537700712;622,685092057791;569,04701453642;576,459363319856;643,942180609134;619,233299507586;669,741347659411;565,055217786861;537,16601459799;639,545501635861;606,412515766781;496,469593177897;427,93628820447;533,66991865244;481,511668119872;631,443601069165;565,465790691094;609,512692805699;669,352665821699;674,01048315376;648,42717290778;642,748278652992;631,943592390483;568,541384786887;276,417771007477;622,567185224845;654,702801653319;708,338047960443;655,985453930683;763,352933380567;816,275854321774;657,555565913107;701,10170545399;595,24388019465;619,339174546809;690,213630369048;635,089601793143;594,920938529509;562,751050246064;594,457338391938;612,428538948458;680,914861975647;756,343229558132;707,778530551201;721,248530360537;649,298646013216;620,512789667295;538,959793890794;413,069268485747;523,232649186811;582,967773338636;537,917122882889;568,480578087765;645,094241062037;657,774577142882;655,558102345332;592,804735382395;623,112443851317;587,219555474869;420,030841082856;406,846767604149;512,716484198243;585,708172451896;482,074225254143;601,038768661792;495,193802841233;562,580732658255;635,886940356391;583,549014951992;585,875833585632;601,568564078989;471,671793794738
;35;423,339387401055;505,229931348868;489,860926677492;552,375284783123;511,693799281415;615,753404418222;537,15358973795;599,143947160797;585,976310247286;623,290088100869;627,685624247124;479,611697799814;400,733909951109;608,561276449083;414,18132541222;566,870739043604;569,286549611502;546,323362783846;657,789994765127;709,132811025027;735,662098604047;700,913856686561;684,352197541631;504,652334194021;556,822138074262;637,467816236468;582,211340723216;591,067497170484;657,351912065548;635,631139609823;686,510510819489;579,29164113782;551,703542233744;651,589032890182;619,298675787672;509,165452265834;439,264269151841;547,34679070288;492,338067790061;651,143838894598;574,528910351184;624,312455923948;684,531696292318;693,732149948431;667,066831929381;654,775023524252;646,627313594164;582,495413089026;280,088228433072;632,656041029001;663,630786476417;717,278118972321;665,643531027714;773,758512980195;826,088927217764;666,771374568598;711,369190455122;602,948505188681;626,760362655413;698,185373221592;642,515389877459;602,61505967069;570,569310656258;603,514880380352;623,282861628496;689,797594212422;763,60680732807;715,300673200636;730,715824812258;655,585948065711;627,122363432196;545,694941389533;423,118223826178;538,088183529885;598,320347521956;555,326296173606;584,745163854448;660,847243581636;673,38966040936;669,241606707621;608,406222924141;635,777648433548;600,201549801109;427,622733294454;418,352659539897;524,392434786311;598,886864097855;496,326048566571;615,797283831367;510,742558328945;576,278414708235;649,704771017245;596,995980838244;596,853728205265;612,904442611009;481,823532058332
;36;428,308196030819;510,30336687924;494,419021415011;557,624470281127;515,392708733433;621,840710759737;540,710814673018;607,27316526788;593,657251214679;627,419394578458;633,033488383873;484,342020511587;405,502427647207;613,585374867585;417,273822163166;571,020249384289;574,152243997198;553,641858038683;660,714976294448;717,232867508088;741,788262494123;707,38754639135;690,771418650824;509,407344135232;569,446739574013;650,56934532981;596,84267989396;604,357367736072;667,841496444419;649,774088573415;701,362216288753;593,16073125916;564,573516779495;663,917505959335;629,781103366364;517,859572353576;449,817514127793;556,246402350113;503,178175677382;666,036282267569;583,727867424155;636,196044249091;697,858773355351;707,910567346882;681,787963323029;666,587514572502;657,567432330517;593,585834187677;285,203648645878;643,340604655186;673,11093479965;725,649213910203;674,014387429021;783,906224840935;833,931990424194;672,821741036938;718,427285869747;607,351509547823;632,421463930073;705,960501458485;647,397369676614;610,620760796743;575,826202694101;609,775030757534;631,146829759613;700,331378546862;769,579198204446;720,283318352254;737,113807493053;661,252026187871;629,756526054537;550,643664869818;431,617735309749;550,145991654626;611,378705081703;571,404688618988;598,7068355222;675,352677508144;688,24344891793;680,175666751147;623,140865153623;647,488913624676;609,70691447765;436,042592757395;427,244839682493;536,839576569772;611,768102191383;509,058670083165;629,25606624385;522,167124408784;586,640272936188;662,502690615157;608,787990878634;607,99833669711;625,506409127972;491,923410052403
;37;433,33351647497;515,766093712189;498,153774519816;559,426794124333;518,21099267087;626,11886986454;543,3524695583;614,127692323843;597,523670704835;631,749719356765;639,742678442754;489,597479535181;411,001741463859;617,816664627168;419,503340755573;576,618682916282;579,346040942139;560,670811752881;667,247718521338;722,731430826589;747,738925753371;713,142759131203;696,563977689266;515,96130746491;581,913586630704;660,018366107113;608,128393165677;616,60492421409;676,316210000344;662,519826400063;714,939225194604;602,427606874029;576,720322790543;673,495728252136;636,379131990862;526,229125727987;457,033847386623;565,846159294643;510,540802850038;682,106440009315;593,088530324671;647,908462194202;711,570797507135;722,408057872795;694,976112245147;676,876123444841;668,918518899083;602,455834878674;289,211213957695;650,793365122099;677,445303951478;732,062793098164;682,038731757092;794,933773637069;841,336382777583;677,856025700824;724,539166845634;612,034351385613;638,791712791313;711,40997590551;653,978263987024;617,364772315764;580,728301969624;615,614168656739;637,254465841894;712,782717210197;776,934595922316;726,837718936284;744,943468885511;667,68810300335;634,334814973695;554,83460689074;439,862579749217;560,631673640378;622,930085857018;585,512591405852;612,19997160395;688,802058675635;702,31742732998;691,468368467937;634,030689136271;656,870231691107;619,571337276331;446,296844018224;435,49268064308;547,54348346881;623,851904709914;519,913022947768;640,717615213206;534,173706647746;599,418400086453;674,082872578804;619,988613955927;616,287570209848;634,635591930641;500,674111785022
;38;437,732491573764;522,984678977208;500,93840730307;564,07988199406;520,63522072178;630,489244067753;546,51492578094;617,921506996971;601,166817413751;635,265689351925;644,008156358792;489,803752277433;414,93718343035;622,332159963493;421,693290144726;582,374899011523;585,004089778709;566,823823460211;672,055310180926;728,142406657461;754,17545314156;717,96076883073;701,406415489461;522,064339444018;590,500410464419;666,870603070824;618,547182562419;627,495059401597;684,988030140894;672,844276047665;724,794320685269;614,645667680971;586,445678606475;682,767478626096;641,799056929639;533,477448871215;464,214916900388;572,945573825536;517,592652372456;695,74190237229;601,871107349375;656,853392183081;719,607613871971;733,121967396479;705,930494420829;685,754338115889;678,478886895662;609,710126962646;293,713255261526;657,488319221539;683,640667398371;738,489369895434;688,118879127406;802,002813083128;848,237276048093;683,148598166237;731,137318000133;617,500913735773;644,51830955553;715,57612978974;657,309706059552;625,965389953931;585,08725425244;618,58994717196;644,080011820358;722,462179861976;781,938498895821;732,476529368787;752,072522898504;674,215988509899;637,673819918125;558,566006219605;447,525032983338;571,590218978384;634,906149296589;596,64265413862;623,468684312109;698,341110742871;713,584268446578;700,330763539599;642,367683836147;666,592953132955;626,646254588647;452,539937275202;442,343777382428;559,022497672269;635,248097917423;533,004711530997;650,230742414372;543,080332198329;610,725601754779;685,168573122807;628,079855473251;625,146189734122;643,611700005634;508,838115591231
;39;443,598121413004;527,527533754848;503,380847764994;567,19503720305;523,387552763652;635,266192539477;549,988171941331;622,809502339274;602,804190550416;640,068559060602;647,226912886054;492,895342536445;419,481300305003;627,083853105576;425,835678078108;589,457591508578;588,25768848109;570,914201259487;674,116539990265;731,595452043341;760,353357084437;723,321516321297;706,156231339035;523,93297294986;598,403872311623;674,917847448589;626,193706314076;641,572663631102;692,739874940831;681,364204519958;734,968394532274;624,266553019875;596,722074647193;689,853644853316;650,384828016637;542,880249745553;471,264073318962;582,956626139187;523,085288633724;708,247446877334;610,53085022934;663,551893278847;729,645153065653;746,375376587957;715,010557640479;693,669111826185;689,886523164468;616,053146040157;295,45679190102;664,051821388489;688,548327927043;745,248330044397;695,044015389292;807,070042376249;855,606305082089;689,185168863509;737,599213877228;624,350824067087;648,900004289468;719,343592797776;662,659443990048;632,940886323678;588,390479059085;622,747412874574;648,930335479576;728,839542433342;786,989921655898;737,44536268423;757,944574265593;680,069187823289;644,703706866337;562,511673961797;452,476508100436;582,018558444685;647,057149278276;606,918731094588;634,994885941204;707,157298959315;724,30788293396;707,31412682067;650,393425254496;674,739134657765;635,954135913589;455,266718229377;450,075154216602;568,928969889674;644,791913949701;541,428293929928;658,114355347489;550,830409115556;617,920424179358;692,978501905968;636,438008757409;632,493600703537;650,406621541542;513,204838885801
;40;450,164313297564;529,902865138213;507,123045176837;573,208424961545;527,737982602157;642,831918199739;554,822749330598;626,426859020682;607,843604293067;646,377210354873;649,070539516104;497,35696576234;424,577216658283;632,706455483006;429,250847920297;596,767466810467;590,79704694128;571,282199258259;671,356076523045;736,664116315118;768,068064375792;731,970466222773;710,389144027471;523,585904796702;603,723486408482;684,063980503052;636,506164722399;657,055223673733;700,526249121133;687,681004028854;741,586542471822;633,671977632513;606,923895410546;695,397955744913;662,889129949775;552,20416921074;477,927413293663;591,999537482224;529,098751143046;715,988338403781;620,205803043275;666,598282949364;739,240027261511;759,177770654928;722,886273839827;698,312417397563;701,709664826113;622,903569708685;296,582637396289;671,928467238111;696,323898816348;752,663446510674;702,630028955925;812,281311400483;863,198503393758;697,108252575282;743,635689361242;629,374278626957;649,336032011691;724,253809546677;668,056957536377;638,974883539158;594,206163927613;625,626279986525;652,335337781218;730,421942156945;792,5401163056;738,424486824339;760,5670838581;685,707646403076;651,956059117903;564,648522077052;454,721309018807;591,859815437767;659,159812004479;617,973751028919;646,616482756675;717,764203648737;734,969908626829;712,475735740332;659,837446645851;682,679272624762;646,824354331405;458,996142107906;459,286504063012;577,858367082228;651,300940379399;549,649832346593;664,775912566368;556,005336325047;620,381638264218;698,366658185434;645,772532326192;642,848757978187;657,822857009803;519,357510482992
